0,0,256,15,0,0,120.000000000,1.0
0,256,256,15,0,0,120.000000000,1.0
0,512,256,15,0,0,120.000000000,1.0
0,768,256,15,0,0,120.000000000,1.0
0,1024,256,15,0,0,120.000000000,1.0
0,1280,256,15,0,0,120.000000000,1.0
0,1536,256,15,0,0,120.000000000,1.0
0,1792,256,15,0,0,120.000000000,1.0
0,2048,256,15,0,0,120.000000000,1.0
0,2304,256,15,0,0,120.000000000,1.0
0,2560,256,15,0,0,120.000000000,1.0
0,2816,256,15,0,0,120.000000000,1.0
0,3072,256,15,0,0,120.000000000,1.0
0,3328,256,15,0,0,120.000000000,1.0
0,3584,256,15,0,0,120.000000000,1.0
0,3840,256,15,0,0,120.000000000,1.0
0,4096,256,15,0,0,120.000000000,1.0
0,4352,256,15,0,0,120.000000000,1.0
0,4608,256,15,0,0,120.000000000,1.0
0,4864,256,15,0,0,120.000000000,1.0
0,5120,256,15,0,0,120.000000000,1.0
0,5376,256,15,0,0,120.000000000,1.0
0,5632,256,15,0,0,120.000000000,1.0
0,5888,256,15,0,0,120.000000000,1.0
0,6144,256,15,0,0,120.000000000,1.0
0,6400,256,15,0,0,120.000000000,1.0
0,6656,256,15,0,0,120.000000000,1.0
0,6912,256,15,0,0,120.000000000,1.0
0,7168,256,15,0,0,120.000000000,1.0
0,7424,256,15,0,0,120.000000000,1.0
0,7680,256,15,0,0,120.000000000,1.0
0,7936,256,15,0,0,120.000000000,1.0
0,8192,256,15,0,0,120.000000000,1.0
0,8448,256,15,0,0,120.000000000,1.0
0,8704,256,15,0,0,120.000000000,1.0
0,8960,256,15,0,0,120.000000000,1.0
0,9216,256,15,0,0,120.000000000,1.0
0,9472,256,15,0,0,120.000000000,1.0
0,9728,256,15,0,0,120.000000000,1.0
0,9984,256,15,0,0,120.000000000,1.0
0,10240,256,15,0,0,120.000000000,1.0
0,10496,256,15,0,0,120.000000000,1.0
0,10752,256,15,0,0,120.000000000,1.0
0,11008,256,15,0,0,120.000000000,1.0
0,11264,256,15,0,0,120.000000000,1.0
0,11520,256,15,0,0,120.000000000,1.0
0,11776,256,15,0,0,120.000000000,1.0
0,12032,256,15,0,0,120.000000000,1.0
0,12288,256,15,0,0,120.000000000,1.0
0,12544,256,15,0,0,120.000000000,1.0
0,12800,256,15,0,0,120.000000000,1.0
0,13056,256,15,0,0,120.000000000,1.0
0,13312,256,15,0,0,120.000000000,1.0
0,13568,256,15,0,0,120.000000000,1.0
0,13824,256,15,0,0,120.000000000,1.0
0,14080,256,15,0,0,120.000000000,1.0
0,14336,256,15,0,0,120.000000000,1.0
0,14592,256,15,0,0,120.000000000,1.0
0,14848,256,15,0,0,120.000000000,1.0
0,15104,256,15,0,0,120.000000000,1.0
0,15360,256,15,0,0,120.000000000,1.0
0,15616,256,15,0,0,120.000000000,1.0
0,15872,256,15,0,0,120.000000000,1.0
0,16128,256,15,0,0,120.000000000,1.0
0,16384,256,15,0,0,120.000000000,1.0
0,16640,256,15,0,0,120.000000000,1.0
0,16896,256,15,0,0,120.000000000,1.0
0,17152,256,15,0,0,120.000000000,1.0
0,17408,256,15,0,0,120.000000000,1.0
0,17664,256,15,0,0,120.000000000,1.0
0,17920,256,15,0,0,120.000000000,1.0
0,18176,256,15,0,0,120.000000000,1.0
0,18432,256,15,0,0,120.000000000,1.0
0,18688,256,15,0,0,120.000000000,1.0
0,18944,256,15,0,0,120.000000000,1.0
0,19200,256,15,0,0,120.000000000,1.0
0,19456,256,15,0,0,120.000000000,1.0
0,19712,256,15,0,0,120.000000000,1.0
0,19968,256,15,0,0,120.000000000,1.0
0,20224,256,15,0,0,120.000000000,1.0
0,20480,256,15,0,0,120.000000000,1.0
0,20736,256,15,0,0,120.000000000,1.0
0,20992,256,15,0,0,120.000000000,1.0
0,21248,256,15,0,0,120.000000000,1.0
0,21504,256,15,0,0,120.000000000,1.0
0,21760,256,15,0,0,120.000000000,1.0
0,22016,256,15,0,0,120.000000000,1.0
0,22272,256,15,0,0,120.000000000,1.0
0,22528,256,15,0,0,120.000000000,1.0
0,22784,256,15,0,0,120.000000000,1.0
0,23040,256,15,0,0,120.000000000,1.0
0,23296,256,15,0,0,120.000000000,1.0
0,23552,256,15,0,0,120.000000000,1.0
0,23808,256,15,0,0,120.000000000,1.0
0,24064,256,15,0,0,120.000000000,1.0
0,24320,256,15,0,0,120.000000000,1.0
0,24576,256,15,0,0,120.000000000,1.0
0,24832,256,15,0,0,120.000000000,1.0
0,25088,256,15,0,0,120.000000000,1.0
0,25344,256,15,0,0,120.000000000,1.0
0,25600,256,15,0,0,120.000000000,1.0
0,25856,256,15,0,0,120.000000000,1.0
0,26112,256,15,0,0,120.000000000,1.0
0,26368,256,15,0,0,120.000000000,1.0
0,26624,256,15,0,0,120.000000000,1.0
0,26880,256,15,0,0,120.000000000,1.0
0,27136,256,15,0,0,120.000000000,1.0
0,27392,256,15,0,0,120.000000000,1.0
0,27648,256,15,0,0,120.000000000,1.0
0,27904,256,15,0,0,120.000000000,1.0
0,28160,256,15,0,0,120.000000000,1.0
0,28416,256,15,0,0,120.000000000,1.0
0,28672,256,15,0,0,120.000000000,1.0
0,28928,256,15,0,0,120.000000000,1.0
0,29184,256,15,0,0,120.000000000,1.0
0,29440,256,15,0,0,120.000000000,1.0
0,29696,256,15,0,0,120.000000000,1.0
0,29952,256,15,0,0,120.000000000,1.0
0,30208,256,15,0,0,120.000000000,1.0
0,30464,256,15,0,0,120.000000000,1.0
0,30720,256,15,0,0,120.000000000,1.0
0,30976,256,15,0,0,120.000000000,1.0
0,31232,256,15,0,0,120.000000000,1.0
0,31488,256,15,0,0,120.000000000,1.0
0,31744,256,15,0,0,120.000000000,1.0
0,32000,256,15,0,0,120.000000000,1.0
0,32256,256,15,0,0,120.000000000,1.0
0,32512,256,15,0,0,120.000000000,1.0
0,32768,256,15,0,0,120.000000000,1.0
0,33024,256,15,0,0,120.000000000,1.0
0,33280,256,15,0,0,120.000000000,1.0
0,33536,256,15,0,0,120.000000000,1.0
0,33792,256,15,0,0,120.000000000,1.0
0,34048,256,15,0,0,120.000000000,1.0
0,34304,256,15,0,0,120.000000000,1.0
0,34560,256,15,0,0,120.000000000,1.0
0,34816,256,15,0,0,120.000000000,1.0
0,35072,256,15,0,0,120.000000000,1.0
0,35328,256,15,0,0,120.000000000,1.0
0,35584,256,15,0,0,120.000000000,1.0
0,35840,256,15,0,0,120.000000000,1.0
0,36096,256,31,0,0,120.000000000,1.0
0,36352,256,31,22906492,11453246,120.000000000,1.0
0,36608,256,31,45812984,22906492,120.000000000,1.0
0,36864,256,31,68719477,34359738,120.000000000,1.0
0,37120,256,31,91625969,45812984,120.000000000,1.0
0,37376,256,31,114532461,57266231,120.000000000,1.0
0,37632,256,31,137438953,68719477,120.000000000,1.0
0,37888,256,31,160345446,80172723,120.000000000,1.0
0,38144,256,31,183251938,91625969,120.000000000,1.0
0,38400,256,31,206158430,103079215,120.000000000,1.0
0,38656,256,31,229064922,114532461,120.000000000,1.0
0,38912,256,31,251971415,125985707,120.000000000,1.0
0,39168,256,31,274877907,137438953,120.000000000,1.0
0,39424,256,31,297784399,148892200,120.000000000,1.0
0,39680,256,31,320690891,160345446,120.000000000,1.0
0,39936,256,31,343597384,171798692,120.000000000,1.0
0,40192,256,31,366503876,183251938,120.000000000,1.0
0,40448,256,31,389410368,194705184,120.000000000,1.0
0,40704,256,31,412316860,206158430,120.000000000,1.0
0,40960,256,31,435223353,217611676,120.000000000,1.0
0,41216,256,31,458129845,229064922,120.000000000,1.0
0,41472,256,31,481036337,240518169,120.000000000,1.0
0,41728,256,31,503942829,251971415,120.000000000,1.0
0,41984,256,31,526849322,263424661,120.000000000,1.0
0,42240,256,31,549755814,274877907,120.000000000,1.0
0,42496,256,31,572662306,286331153,120.000000000,1.0
0,42752,256,31,595568798,297784399,120.000000000,1.0
0,43008,256,31,618475291,309237645,120.000000000,1.0
0,43264,256,31,641381783,320690891,120.000000000,1.0
0,43520,256,31,664288275,332144138,120.000000000,1.0
0,43776,256,31,687194767,343597384,120.000000000,1.0
0,44032,256,31,710101260,355050630,120.000000000,1.0
0,44288,256,31,733007752,366503876,120.000000000,1.0
0,44544,256,31,755914244,377957122,120.000000000,1.0
0,44800,256,31,778820736,389410368,120.000000000,1.0
0,45056,256,31,801727229,400863614,120.000000000,1.0
0,45312,256,31,824633721,412316860,120.000000000,1.0
0,45568,256,31,847540213,423770107,120.000000000,1.0
0,45824,256,31,870446705,435223353,120.000000000,1.0
0,46080,256,31,893353198,446676599,120.000000000,1.0
0,46336,256,31,916259690,458129845,120.000000000,1.0
0,46592,256,31,939166182,469583091,120.000000000,1.0
0,46848,256,31,962072674,481036337,120.000000000,1.0
0,47104,256,31,984979167,492489583,120.000000000,1.0
0,47360,256,31,1007885659,503942829,120.000000000,1.0
0,47616,256,31,1030792151,515396076,120.000000000,1.0
0,47872,256,31,1053698643,526849322,120.000000000,1.0
0,48128,256,31,1076605136,538302568,120.000000000,1.0
0,48384,256,31,1099511628,549755814,120.000000000,1.0
0,48640,256,31,1122418120,561209060,120.000000000,1.0
0,48896,256,31,1145324612,572662306,120.000000000,1.0
0,49152,256,31,1168231105,584115552,120.000000000,1.0
0,49408,256,31,1191137597,595568798,120.000000000,1.0
0,49664,256,31,1214044089,607022045,120.000000000,1.0
0,49920,256,31,1236950581,618475291,120.000000000,1.0
0,50176,256,31,1259857073,629928537,120.000000000,1.0
0,50432,256,31,1282763566,641381783,120.000000000,1.0
0,50688,256,31,1305670058,652835029,120.000000000,1.0
0,50944,256,31,1328576550,664288275,120.000000000,1.0
0,51200,256,31,1351483042,675741521,120.000000000,1.0
0,51456,256,31,1374389535,687194767,120.000000000,1.0
0,51712,256,31,1397296027,698648013,120.000000000,1.0
0,51968,256,31,1420202519,710101260,120.000000000,1.0
0,52224,256,31,1443109011,721554506,120.000000000,1.0
0,52480,256,31,1466015504,733007752,120.000000000,1.0
0,52736,256,31,1488921996,744460998,120.000000000,1.0
0,52992,256,31,1511828488,755914244,120.000000000,1.0
0,53248,256,31,1534734980,767367490,120.000000000,1.0
0,53504,256,31,1557641473,778820736,120.000000000,1.0
0,53760,256,31,1580547965,790273982,120.000000000,1.0
0,54016,256,31,1603454457,801727229,120.000000000,1.0
0,54272,256,31,1626360949,813180475,120.000000000,1.0
0,54528,256,31,1649267442,824633721,120.000000000,1.0
0,54784,256,31,1672173934,836086967,120.000000000,1.0
0,55040,256,31,1695080426,847540213,120.000000000,1.0
0,55296,256,31,1717986918,858993459,120.000000000,1.0
0,55552,256,31,1740893411,870446705,120.000000000,1.0
0,55808,256,31,1763799903,881899951,120.000000000,1.0
0,56064,256,31,1786706395,893353198,120.000000000,1.0
0,56320,256,31,1809612887,904806444,120.000000000,1.0
0,56576,256,31,1832519380,916259690,120.000000000,1.0
0,56832,256,31,1855425872,927712936,120.000000000,1.0
0,57088,256,31,1878332364,939166182,120.000000000,1.0
0,57344,256,31,1901238856,950619428,120.000000000,1.0
0,57600,256,31,1924145349,962072674,120.000000000,1.0
0,57856,256,31,1947051841,973525920,120.000000000,1.0
0,58112,256,31,1969958333,984979167,120.000000000,1.0
0,58368,256,31,1992864825,996432413,120.000000000,1.0
0,58624,256,31,2015771318,1007885659,120.000000000,1.0
0,58880,256,31,2038677810,1019338905,120.000000000,1.0
0,59136,256,31,2061584302,1030792151,120.000000000,1.0
0,59392,256,31,2084490794,1042245397,120.000000000,1.0
0,59648,256,31,2107397287,1053698643,120.000000000,1.0
0,59904,256,31,2130303779,1065151889,120.000000000,1.0
0,60160,256,31,2153210271,1076605136,120.000000000,1.0
0,60416,256,31,2176116763,1088058382,120.000000000,1.0
0,60672,256,31,2199023256,1099511628,120.000000000,1.0
0,60928,256,31,2221929748,1110964874,120.000000000,1.0
0,61184,256,31,2244836240,1122418120,120.000000000,1.0
0,61440,256,31,2267742732,1133871366,120.000000000,1.0
0,61696,256,31,2290649225,1145324612,120.000000000,1.0
0,61952,256,31,2313555717,1156777858,120.000000000,1.0
0,62208,256,31,2336462209,1168231105,120.000000000,1.0
0,62464,256,31,2359368701,1179684351,120.000000000,1.0
0,62720,256,31,2382275194,1191137597,120.000000000,1.0
0,62976,256,31,2405181686,1202590843,120.000000000,1.0
0,63232,256,31,2428088178,1214044089,120.000000000,1.0
0,63488,256,31,2450994670,1225497335,120.000000000,1.0
0,63744,256,31,2473901162,1236950581,120.000000000,1.0
0,64000,256,31,2496807655,1248403827,120.000000000,1.0
0,64256,256,31,2519714147,1259857073,120.000000000,1.0
0,64512,256,31,2542620639,1271310320,120.000000000,1.0
0,64768,256,31,2565527131,1282763566,120.000000000,1.0
0,65024,256,31,2588433624,1294216812,120.000000000,1.0
0,65280,256,31,2611340116,1305670058,120.000000000,1.0
0,65536,256,31,2634246608,1317123304,120.000000000,1.0
0,65792,256,31,2657153100,1328576550,120.000000000,1.0
0,66048,256,31,2680059593,1340029796,120.000000000,1.0
0,66304,256,31,2702966085,1351483042,120.000000000,1.0
0,66560,256,31,2725872577,1362936289,120.000000000,1.0
0,66816,256,31,2748779069,1374389535,120.000000000,1.0
0,67072,256,31,2771685562,1385842781,120.000000000,1.0
0,67328,256,31,2794592054,1397296027,120.000000000,1.0
0,67584,256,31,2817498546,1408749273,120.000000000,1.0
0,67840,256,31,2840405038,1420202519,120.000000000,1.0
0,68096,256,31,2863311531,1431655765,120.000000000,1.0
0,68352,256,31,2886218023,1443109011,120.000000000,1.0
0,68608,256,31,2909124515,1454562258,120.000000000,1.0
0,68864,256,31,2932031007,1466015504,120.000000000,1.0
0,69120,256,31,2954937500,1477468750,120.000000000,1.0
0,69376,256,31,2977843992,1488921996,120.000000000,1.0
0,69632,256,31,3000750484,1500375242,120.000000000,1.0
0,69888,256,31,3023656976,1511828488,120.000000000,1.0
0,70144,256,31,3046563469,1523281734,120.000000000,1.0
0,70400,256,31,3069469961,1534734980,120.000000000,1.0
0,70656,256,31,3092376453,1546188227,120.000000000,1.0
0,70912,256,31,3115282945,1557641473,120.000000000,1.0
0,71168,256,31,3138189438,1569094719,120.000000000,1.0
0,71424,256,31,3161095930,1580547965,120.000000000,1.0
0,71680,256,31,3184002422,1592001211,120.000000000,1.0
0,71936,256,31,3206908914,1603454457,120.000000000,1.0
0,72192,256,31,3229815407,1614907703,120.000000000,1.0
0,72448,256,31,3252721899,1626360949,120.000000000,1.0
0,72704,256,31,3275628391,1637814196,120.000000000,1.0
0,72960,256,31,3298534883,1649267442,120.000000000,1.0
0,73216,256,31,3321441376,1660720688,120.000000000,1.0
0,73472,256,31,3344347868,1672173934,120.000000000,1.0
0,73728,256,31,3367254360,1683627180,120.000000000,1.0
0,73984,256,31,3390160852,1695080426,120.000000000,1.0
0,74240,256,31,3413067345,1706533672,120.000000000,1.0
0,74496,256,31,3435973837,1717986918,120.000000000,1.0
0,74752,256,31,3458880329,1729440165,120.000000000,1.0
0,75008,256,31,3481786821,1740893411,120.000000000,1.0
0,75264,256,31,3504693314,1752346657,120.000000000,1.0
0,75520,256,31,3527599806,1763799903,120.000000000,1.0
0,75776,256,31,3550506298,1775253149,120.000000000,1.0
0,76032,256,31,3573412790,1786706395,120.000000000,1.0
0,76288,256,31,3596319283,1798159641,120.000000000,1.0
0,76544,256,31,3619225775,1809612887,120.000000000,1.0
0,76800,256,31,3642132267,1821066134,120.000000000,1.0
0,77056,256,31,3665038759,1832519380,120.000000000,1.0
0,77312,256,31,3687945251,1843972626,120.000000000,1.0
0,77568,256,31,3710851744,1855425872,120.000000000,1.0
0,77824,256,31,3733758236,1866879118,120.000000000,1.0
0,78080,256,31,3756664728,1878332364,120.000000000,1.0
0,78336,256,31,3779571220,1889785610,120.000000000,1.0
0,78592,256,31,3802477713,1901238856,120.000000000,1.0
0,78848,256,31,3825384205,1912692102,120.000000000,1.0
0,79104,256,31,3848290697,1924145349,120.000000000,1.0
0,79360,256,31,3871197189,1935598595,120.000000000,1.0
0,79616,256,31,3894103682,1947051841,120.000000000,1.0
0,79872,256,31,3917010174,1958505087,120.000000000,1.0
0,80128,256,31,3939916666,1969958333,120.000000000,1.0
0,80384,256,31,3962823158,1981411579,120.000000000,1.0
0,80640,256,31,3985729651,1992864825,120.000000000,1.0
0,80896,256,31,4008636143,2004318071,120.000000000,1.0
0,81152,256,31,4031542635,2015771318,120.000000000,1.0
0,81408,256,31,4054449127,2027224564,120.000000000,1.0
0,81664,256,31,4077355620,2038677810,120.000000000,1.0
0,81920,256,31,4100262112,2050131056,120.000000000,1.0
0,82176,256,31,4123168604,2061584302,120.000000000,1.0
0,82432,256,31,4146075096,2073037548,120.000000000,1.0
0,82688,256,31,4168981589,2084490794,120.000000000,1.0
0,82944,256,31,4191888081,2095944040,120.000000000,1.0
0,83200,256,31,4214794573,2107397287,120.000000000,1.0
0,83456,256,31,4237701065,2118850533,120.000000000,1.0
0,83712,256,31,4260607558,2130303779,120.000000000,1.0
0,83968,256,31,4283514050,2141757025,120.000000000,1.0
0,84224,256,31,4306420542,2153210271,120.000000000,1.0
0,84480,256,31,4329327034,2164663517,120.000000000,1.0
0,84736,256,31,4352233527,2176116763,120.000000000,1.0
0,84992,256,31,4375140019,2187570009,120.000000000,1.0
0,85248,256,31,4398046511,2199023256,120.000000000,1.0
0,85504,256,31,4420953003,2210476502,120.000000000,1.0
0,85760,256,31,4443859496,2221929748,120.000000000,1.0
0,86016,256,31,4466765988,2233382994,120.000000000,1.0
0,86272,256,31,4489672480,2244836240,120.000000000,1.0
0,86528,256,31,4512578972,2256289486,120.000000000,1.0
0,86784,256,31,4535485465,2267742732,120.000000000,1.0
0,87040,256,31,4558391957,2279195978,120.000000000,1.0
0,87296,256,31,4581298449,2290649225,120.000000000,1.0
0,87552,256,31,4604204941,2302102471,120.000000000,1.0
0,87808,256,31,4627111434,2313555717,120.000000000,1.0
0,88064,256,31,4650017926,2325008963,120.000000000,1.0
0,88320,256,31,4672924418,2336462209,120.000000000,1.0
0,88576,256,31,4695830910,2347915455,120.000000000,1.0
0,88832,256,31,4718737403,2359368701,120.000000000,1.0
0,89088,256,31,4741643895,2370821947,120.000000000,1.0
0,89344,256,31,4764550387,2382275194,120.000000000,1.0
0,89600,256,31,4787456879,2393728440,120.000000000,1.0
0,89856,256,31,4810363372,2405181686,120.000000000,1.0
0,90112,256,31,4833269864,2416634932,120.000000000,1.0
0,90368,256,31,4856176356,2428088178,120.000000000,1.0
0,90624,256,31,4879082848,2439541424,120.000000000,1.0
0,90880,256,31,4901989341,2450994670,120.000000000,1.0
0,91136,256,31,4924895833,2462447916,120.000000000,1.0
0,91392,256,31,4947802325,2473901162,120.000000000,1.0
0,91648,256,31,5188298124,2075319250,150.000000000,1.0
0,91904,256,31,5216931239,2086772496,150.000000000,1.0
0,92160,256,31,5245564355,2098225742,150.000000000,1.0
0,92416,256,31,5274197470,2109678988,150.000000000,1.0
0,92672,256,31,5302830585,2121132234,150.000000000,1.0
0,92928,256,31,5331463700,2132585480,150.000000000,1.0
0,93184,256,31,5360096816,2144038726,150.000000000,1.0
0,93440,256,31,5388729931,2155491972,150.000000000,1.0
0,93696,256,31,5417363046,2166945219,150.000000000,1.0
0,93952,256,31,5445996162,2178398465,150.000000000,1.0
0,94208,256,31,5474629277,2189851711,150.000000000,1.0
0,94464,256,31,5503262392,2201304957,150.000000000,1.0
0,94720,256,31,5531895508,2212758203,150.000000000,1.0
0,94976,256,31,5560528623,2224211449,150.000000000,1.0
0,95232,256,31,5589161738,2235664695,150.000000000,1.0
0,95488,256,31,5617794854,2247117941,150.000000000,1.0
0,95744,256,31,5646427969,2258571188,150.000000000,1.0
0,96000,256,31,5675061084,2270024434,150.000000000,1.0
0,96256,256,31,5703694199,2281477680,150.000000000,1.0
0,96512,256,31,5732327315,2292930926,150.000000000,1.0
0,96768,256,31,5760960430,2304384172,150.000000000,1.0
0,97024,256,31,5789593545,2315837418,150.000000000,1.0
0,97280,256,31,5818226661,2327290664,150.000000000,1.0
0,97536,256,31,5846859776,2338743910,150.000000000,1.0
0,97792,256,31,5875492891,2350197157,150.000000000,1.0
0,98048,256,31,5904126007,2361650403,150.000000000,1.0
0,98304,256,31,5932759122,2373103649,150.000000000,1.0
0,98560,256,31,5961392237,2384556895,150.000000000,1.0
0,98816,256,31,5990025353,2396010141,150.000000000,1.0
0,99072,256,31,6018658468,2407463387,150.000000000,1.0
0,99328,256,31,6047291583,2418916633,150.000000000,1.0
0,99584,256,31,6075924698,2430369879,150.000000000,1.0
0,99840,256,31,6104557814,2441823126,150.000000000,1.0
0,100096,256,31,6133190929,2453276372,150.000000000,1.0
0,100352,256,31,6161824044,2464729618,150.000000000,1.0
0,100608,256,31,6190457160,2476182864,150.000000000,1.0
0,100864,256,31,6219090275,2487636110,150.000000000,1.0
0,101120,256,31,6247723390,2499089356,150.000000000,1.0
0,101376,256,31,6276356506,2510542602,150.000000000,1.0
0,101632,256,31,6304989621,2521995848,150.000000000,1.0
0,101888,256,31,6333622736,2533449094,150.000000000,1.0
0,102144,256,31,6362255852,2544902341,150.000000000,1.0
0,102400,256,31,6390888967,2556355587,150.000000000,1.0
0,102656,256,31,6419522082,2567808833,150.000000000,1.0
0,102912,256,31,6448155197,2579262079,150.000000000,1.0
0,103168,256,31,6476788313,2590715325,150.000000000,1.0
0,103424,256,31,6505421428,2602168571,150.000000000,1.0
0,103680,256,31,6534054543,2613621817,150.000000000,1.0
0,103936,256,31,6562687659,2625075063,150.000000000,1.0
0,104192,256,31,6591320774,2636528310,150.000000000,1.0
0,104448,256,31,6619953889,2647981556,150.000000000,1.0
0,104704,256,31,6648587005,2659434802,150.000000000,1.0
0,104960,256,31,6677220120,2670888048,150.000000000,1.0
0,105216,256,31,6705853235,2682341294,150.000000000,1.0
0,105472,256,31,6734486351,2693794540,150.000000000,1.0
0,105728,256,31,6763119466,2705247786,150.000000000,1.0
0,105984,256,31,6791752581,2716701032,150.000000000,1.0
0,106240,256,31,6820385696,2728154279,150.000000000,1.0
0,106496,256,31,6849018812,2739607525,150.000000000,1.0
0,106752,256,31,6877651927,2751060771,150.000000000,1.0
0,107008,256,31,6906285042,2762514017,150.000000000,1.0
0,107264,256,31,6934918158,2773967263,150.000000000,1.0
0,107520,256,31,6963551273,2785420509,150.000000000,1.0
0,107776,256,31,6992184388,2796873755,150.000000000,1.0
0,108032,256,31,7020817504,2808327001,150.000000000,1.0
0,108288,256,31,7049450619,2819780248,150.000000000,1.0
0,108544,256,31,7078083734,2831233494,150.000000000,1.0
0,108800,256,31,7106716849,2842686740,150.000000000,1.0
0,109056,256,31,7135349965,2854139986,150.000000000,1.0
0,109312,256,31,7163983080,2865593232,150.000000000,1.0
0,109568,256,31,7192616195,2877046478,150.000000000,1.0
0,109824,256,31,7221249311,2888499724,150.000000000,1.0
0,110080,256,31,7249882426,2899952970,150.000000000,1.0
0,110336,256,31,7278515541,2911406217,150.000000000,1.0
0,110592,256,31,7307148657,2922859463,150.000000000,1.0
0,110848,256,31,7335781772,2934312709,150.000000000,1.0
0,111104,256,31,7364414887,2945765955,150.000000000,1.0
0,111360,256,31,7393048003,2957219201,150.000000000,1.0
0,111616,256,31,7421681118,2968672447,150.000000000,1.0
0,111872,256,31,7450314233,2980125693,150.000000000,1.0
0,112128,256,31,7478947348,2991578939,150.000000000,1.0
0,112384,256,31,7507580464,3003032186,150.000000000,1.0
0,112640,256,31,7536213579,3014485432,150.000000000,1.0
0,112896,256,31,7564846694,3025938678,150.000000000,1.0
0,113152,256,31,7593479810,3037391924,150.000000000,1.0
0,113408,256,31,7622112925,3048845170,150.000000000,1.0
0,113664,256,31,7650746040,3060298416,150.000000000,1.0
0,113920,256,31,7679379156,3071751662,150.000000000,1.0
0,114176,256,31,7708012271,3083204908,150.000000000,1.0
0,114432,256,31,7736645386,3094658154,150.000000000,1.0
0,114688,256,31,7765278502,3106111401,150.000000000,1.0
0,114944,256,31,7793911617,3117564647,150.000000000,1.0
0,115200,256,31,7822544732,3129017893,150.000000000,1.0
0,115456,256,31,7851177847,3140471139,150.000000000,1.0
0,115712,256,31,7879810963,3151924385,150.000000000,1.0
0,115968,256,31,7908444078,3163377631,150.000000000,1.0
0,116224,256,31,7937077193,3174830877,150.000000000,1.0
0,116480,256,31,7965710309,3186284123,150.000000000,1.0
0,116736,256,31,42377010654,17179869184,140.000000000,1.0
0,116992,256,31,42403734895,17191322430,140.000000000,1.0
0,117248,256,31,42430459136,17202775676,140.000000000,1.0
0,117504,256,31,42457183377,17214228922,140.000000000,1.0
0,117760,256,31,42483907618,17225682168,140.000000000,1.0
0,118016,256,31,42510631859,17237135415,140.000000000,1.0
0,118272,256,31,42537356100,17248588661,140.000000000,1.0
0,118528,256,31,42564080341,17260041907,140.000000000,1.0
0,118784,256,31,42590804581,17271495153,140.000000000,1.0
0,119040,256,31,42617528822,17282948399,140.000000000,1.0
0,119296,256,31,42644253063,17294401645,140.000000000,1.0
0,119552,256,31,42670977304,17305854891,140.000000000,1.0
0,119808,256,31,42697701545,17317308137,140.000000000,1.0
0,120064,256,31,42724425786,17328761384,140.000000000,1.0
0,120320,256,31,42751150027,17340214630,140.000000000,1.0
0,120576,256,31,42777874268,17351667876,140.000000000,1.0
0,120832,256,31,42804598509,17363121122,140.000000000,1.0
0,121088,256,31,42831322750,17374574368,140.000000000,1.0
0,121344,256,31,42858046991,17386027614,140.000000000,1.0
0,121600,256,31,42884771232,17397480860,140.000000000,1.0
0,121856,256,31,42911495473,17408934106,140.000000000,1.0
0,122112,256,31,42938219714,17420387353,140.000000000,1.0
0,122368,256,31,42964943955,17431840599,140.000000000,1.0
0,122624,256,31,42991668196,17443293845,140.000000000,1.0
0,122880,256,31,43018392437,17454747091,140.000000000,1.0
0,123136,256,31,43045116678,17466200337,140.000000000,1.0
0,123392,256,31,43071840919,17477653583,140.000000000,1.0
0,123648,256,31,43098565160,17489106829,140.000000000,1.0
0,123904,256,31,43125289401,17500560075,140.000000000,1.0
0,124160,256,31,43152013642,17512013322,140.000000000,1.0
0,124416,256,31,43178737882,17523466568,140.000000000,1.0
0,124672,256,31,43205462123,17534919814,140.000000000,1.0
0,124928,256,31,43232186364,17546373060,140.000000000,1.0
0,125184,256,31,43258910605,17557826306,140.000000000,1.0
0,125440,256,31,43285634846,17569279552,140.000000000,1.0
0,125696,256,31,43312359087,17580732798,140.000000000,1.0
0,125952,256,31,43339083328,17592186044,140.000000000,1.0
0,126208,256,31,43365807569,17603639291,140.000000000,1.0
0,126464,256,31,43392531810,17615092537,140.000000000,1.0
0,126720,256,31,43419256051,17626545783,140.000000000,1.0
0,126976,256,31,43445980292,17637999029,140.000000000,1.0
0,127232,256,31,43472704533,17649452275,140.000000000,1.0
0,127488,256,31,43499428774,17660905521,140.000000000,1.0
0,127744,256,31,43526153015,17672358767,140.000000000,1.0
0,128000,256,31,43552877256,17683812013,140.000000000,1.0
0,128256,256,31,43579601497,17695265260,140.000000000,1.0
0,128512,256,31,43606325738,17706718506,140.000000000,1.0
0,128768,256,31,43633049979,17718171752,140.000000000,1.0
0,129024,256,31,43659774220,17729624998,140.000000000,1.0
0,129280,256,31,43686498461,17741078244,140.000000000,1.0
0,129536,256,31,43713222702,17752531490,140.000000000,1.0
0,129792,256,31,43739946942,17763984736,140.000000000,1.0
0,130048,256,31,43766671183,17775437982,140.000000000,1.0
0,130304,256,31,43793395424,17786891229,140.000000000,1.0
0,130560,256,31,43820119665,17798344475,140.000000000,1.0
0,130816,256,31,43846843906,17809797721,140.000000000,1.0
0,131072,256,31,43873568147,17821250967,140.000000000,1.0
0,131328,256,31,43900292388,17832704213,140.000000000,1.0
0,131584,256,31,43927016629,17844157459,140.000000000,1.0
0,131840,256,31,43953740870,17855610705,140.000000000,1.0
0,132096,256,31,43980465111,17867063951,140.000000000,1.0
0,132352,256,31,44007189352,17878517197,140.000000000,1.0
0,132608,256,31,44033913593,17889970444,140.000000000,1.0
0,132864,256,31,44060637834,17901423690,140.000000000,1.0
0,133120,256,31,44087362075,17912876936,140.000000000,1.0
0,133376,256,31,44114086316,17924330182,140.000000000,1.0
0,133632,256,31,44140810557,17935783428,140.000000000,1.0
0,133888,256,31,44167534798,17947236674,140.000000000,1.0
0,134144,256,31,44194259039,17958689920,140.000000000,1.0
0,134400,256,31,44220983280,17970143166,140.000000000,1.0
0,134656,256,31,44247707521,17981596413,140.000000000,1.0
0,134912,256,31,44274431762,17993049659,140.000000000,1.0
0,135168,256,31,44301156002,18004502905,140.000000000,1.0
0,135424,256,31,44327880243,18015956151,140.000000000,1.0
0,135680,256,31,44354604484,18027409397,140.000000000,1.0
0,135936,256,31,44381328725,18038862643,140.000000000,1.0
0,136192,256,31,44408052966,18050315889,140.000000000,1.0
0,136448,256,31,44434777207,18061769135,140.000000000,1.0
0,136704,256,31,44461501448,18073222382,140.000000000,1.0
0,136960,256,31,44488225689,18084675628,140.000000000,1.0
0,137216,256,31,44514949930,18096128874,140.000000000,1.0
0,137472,256,31,44541674171,18107582120,140.000000000,1.0
0,137728,256,31,44568398412,18119035366,140.000000000,1.0
0,137984,256,31,44595122653,18130488612,140.000000000,1.0
0,138240,256,31,44621846894,18141941858,140.000000000,1.0
0,138496,256,31,44648571135,18153395104,140.000000000,1.0
0,138752,256,31,44675295376,18164848351,140.000000000,1.0
0,139008,256,31,44702019617,18176301597,140.000000000,1.0
0,139264,256,31,44728743858,18187754843,140.000000000,1.0
0,139520,256,31,44755468099,18199208089,140.000000000,1.0
0,139776,256,31,44782192340,18210661335,140.000000000,1.0
0,140032,256,31,44808916581,18222114581,140.000000000,1.0
0,140288,256,31,44835640822,18233567827,140.000000000,1.0
0,140544,256,31,44862365062,18245021073,140.000000000,1.0
0,140800,256,31,44889089303,18256474320,140.000000000,1.0
0,141056,256,31,44915813544,18267927566,140.000000000,1.0
0,141312,256,31,44942537785,18279380812,140.000000000,1.0
0,141568,256,31,44969262026,18290834058,140.000000000,1.0
0,141824,256,31,44995986267,18302287304,140.000000000,1.0
0,142080,256,31,45022710508,18313740550,140.000000000,1.0
0,142336,256,31,45049434749,18325193796,140.000000000,1.0
0,142592,256,31,45076158990,18336647042,140.000000000,1.0
0,142848,256,31,45102883231,18348100289,140.000000000,1.0
0,143104,256,31,45129607472,18359553535,140.000000000,1.0
0,143360,256,31,45156331713,18371006781,140.000000000,1.0
0,143616,256,31,45183055954,18382460027,140.000000000,1.0
0,143872,256,31,45209780195,18393913273,140.000000000,1.0
0,144128,256,31,45236504436,18405366519,140.000000000,1.0
0,144384,256,31,45263228677,18416819765,140.000000000,1.0
0,144640,256,31,45289952918,18428273011,140.000000000,1.0
0,144896,256,31,45316677159,18439726257,140.000000000,1.0
0,145152,256,31,45343401400,18451179504,140.000000000,1.0
0,145408,256,31,45370125641,18462632750,140.000000000,1.0
0,145664,256,31,45396849882,18474085996,140.000000000,1.0
0,145920,256,31,45423574122,18485539242,140.000000000,1.0
0,146176,256,31,45450298363,18496992488,140.000000000,1.0
0,146432,256,31,45477022604,18508445734,140.000000000,1.0
0,146688,256,31,45503746845,18519898980,140.000000000,1.0
0,146944,256,31,45530471086,18531352226,140.000000000,1.0
0,147200,256,31,45557195327,18542805473,140.000000000,1.0
0,147456,256,31,45583919568,18554258719,140.000000000,1.0
0,147712,256,31,45610643809,18565711965,140.000000000,1.0
0,147968,256,31,45637368050,18577165211,140.000000000,1.0
0,148224,256,31,45664092291,18588618457,140.000000000,1.0
0,148480,256,31,45690816532,18600071703,140.000000000,1.0
0,148736,256,31,45717540773,18611524949,140.000000000,1.0
0,148992,256,31,45744265014,18622978195,140.000000000,1.0
0,149248,256,31,45770989255,18634431442,140.000000000,1.0
0,149504,256,31,45797713496,18645884688,140.000000000,1.0
0,149760,256,31,45824437737,18657337934,140.000000000,1.0
0,150016,256,31,45851161978,18668791180,140.000000000,1.0
0,150272,256,31,45877886219,18680244426,140.000000000,1.0
0,150528,256,31,45904610460,18691697672,140.000000000,1.0
0,150784,256,31,45931334701,18703150918,140.000000000,1.0
0,151040,256,31,45958058942,18714604164,140.000000000,1.0
0,151296,256,31,45984783183,18726057411,140.000000000,1.0
0,151552,256,31,46011507423,18737510657,140.000000000,1.0
0,151808,256,31,46038231664,18748963903,140.000000000,1.0
0,152064,256,31,46064955905,18760417149,140.000000000,1.0
0,152320,256,31,46091680146,18771870395,140.000000000,1.0
0,152576,256,31,46118404387,18783323641,140.000000000,1.0
0,152832,256,31,46145128628,18794776887,140.000000000,1.0
0,153088,256,31,46171852869,18806230133,140.000000000,1.0
0,153344,256,31,46198577110,18817683380,140.000000000,1.0
0,153600,256,31,46225301351,18829136626,140.000000000,1.0
0,153856,256,31,46252025592,18840589872,140.000000000,1.0
0,154112,256,31,46278749833,18852043118,140.000000000,1.0
0,154368,256,31,46305474074,18863496364,140.000000000,1.0
0,154624,256,31,46332198315,18874949610,140.000000000,1.0
0,154880,256,31,46358922556,18886402856,140.000000000,1.0
0,155136,256,31,46385646797,18897856102,140.000000000,1.0
0,155392,256,31,46412371038,18909309349,140.000000000,1.0
0,155648,256,31,46439095279,18920762595,140.000000000,1.0
0,155904,256,31,46465819520,18932215841,140.000000000,1.0
0,156160,256,31,46492543761,18943669087,140.000000000,1.0
0,156416,256,31,46519268002,18955122333,140.000000000,1.0
0,156672,256,31,46545992243,18966575579,140.000000000,1.0
0,156928,256,31,46572716483,18978028825,140.000000000,1.0
0,157184,256,31,46599440724,18989482071,140.000000000,1.0
0,157440,256,31,46626164965,19000935318,140.000000000,1.0
0,157696,256,31,46652889206,19012388564,140.000000000,1.0
0,157952,256,31,46679613447,19023841810,140.000000000,1.0
0,158208,256,31,46706337688,19035295056,140.000000000,1.0
0,158464,256,31,46733061929,19046748302,140.000000000,1.0
0,158720,256,31,46759786170,19058201548,140.000000000,1.0
0,158976,256,31,46786510411,19069654794,140.000000000,1.0
0,159232,256,31,46813234652,19081108040,140.000000000,1.0
0,159488,256,31,46839958893,19092561286,140.000000000,1.0
0,159744,256,31,46866683134,19104014533,140.000000000,1.0
0,160000,256,31,46893407375,19115467779,140.000000000,1.0
0,160256,256,31,46920131616,19126921025,140.000000000,1.0
0,160512,256,31,46946855857,19138374271,140.000000000,1.0
0,160768,256,31,46973580098,19149827517,140.000000000,1.0
0,161024,256,31,47000304339,19161280763,140.000000000,1.0
0,161280,256,31,47027028580,19172734009,140.000000000,1.0
0,161536,256,31,47053752821,19184187255,140.000000000,1.0
0,161792,256,31,47080477062,19195640502,140.000000000,1.0
0,162048,256,31,47107201303,19207093748,140.000000000,1.0
0,162304,256,31,47133925543,19218546994,140.000000000,1.0
0,162560,256,31,47160649784,19230000240,140.000000000,1.0
0,162816,256,31,47187374025,19241453486,140.000000000,1.0
0,163072,256,31,47214098266,19252906732,140.000000000,1.0
0,163328,256,31,47240822507,19264359978,140.000000000,1.0
0,163584,256,31,47267546748,19275813224,140.000000000,1.0
0,163840,256,31,47294270989,19287266471,140.000000000,1.0
0,164096,256,31,47320995230,19298719717,140.000000000,1.0
0,164352,256,31,47347719471,19310172963,140.000000000,1.0
0,164608,256,31,47374443712,19321626209,140.000000000,1.0
0,164864,256,31,47401167953,19333079455,140.000000000,1.0
0,165120,256,31,47427892194,19344532701,140.000000000,1.0
0,165376,256,31,47454616435,19355985947,140.000000000,1.0
0,165632,256,31,47481340676,19367439193,140.000000000,1.0
0,165888,256,31,47508064917,19378892440,140.000000000,1.0
0,166144,256,31,47534789158,19390345686,140.000000000,1.0
0,166400,256,31,47561513399,19401798932,140.000000000,1.0
0,166656,256,31,47588237640,19413252178,140.000000000,1.0
0,166912,256,31,47614961881,19424705424,140.000000000,1.0
0,167168,256,31,47641686122,19436158670,140.000000000,1.0
0,167424,256,31,47668410363,19447611916,140.000000000,1.0
0,167680,256,31,47695134603,19459065162,140.000000000,1.0
0,167936,256,31,47721858844,19470518409,140.000000000,1.0
0,168192,256,31,47748583085,19481971655,140.000000000,1.0
0,168448,256,31,47775307326,19493424901,140.000000000,1.0
0,168704,256,31,47802031567,19504878147,140.000000000,1.0
0,168960,256,31,47828755808,19516331393,140.000000000,1.0
0,169216,256,31,47855480049,19527784639,140.000000000,1.0
0,169472,256,31,47882204290,19539237885,140.000000000,1.0
0,169728,256,31,47908928531,19550691131,140.000000000,1.0
0,169984,256,31,47935652772,19562144378,140.000000000,1.0
0,170240,256,31,47962377013,19573597624,140.000000000,1.0
0,170496,256,31,47989101254,19585050870,140.000000000,1.0
0,170752,256,31,48015825495,19596504116,140.000000000,1.0
0,171008,256,31,48042549736,19607957362,140.000000000,1.0
0,171264,256,31,48069273977,19619410608,140.000000000,1.0
0,171520,256,31,48095998218,19630863854,140.000000000,1.0
0,171776,256,31,48122722459,19642317100,140.000000000,1.0
0,172032,256,31,48149446700,19653770346,140.000000000,1.0
0,172288,256,31,48176170941,19665223593,140.000000000,1.0
0,172544,256,31,48202895182,19676676839,140.000000000,1.0
0,172800,256,31,48229619423,19688130085,140.000000000,1.0
0,173056,256,31,48256343664,19699583331,140.000000000,1.0
0,173312,256,95,48283067904,19711036577,140.000000000,1.0
0,173568,256,95,48309792145,19722489823,140.000000000,1.0
0,173824,256,95,48336516386,19733943069,140.000000000,1.0
0,174080,256,95,48363240627,19745396315,140.000000000,1.0
0,174336,256,95,48389964868,19756849562,140.000000000,1.0
0,174592,256,95,42417097015,17197049053,140.000000000,1.0
0,174848,256,95,42443821256,17208502299,140.000000000,1.0
0,175104,256,95,42470545497,17219955545,140.000000000,1.0
0,175360,256,95,42497269738,17231408792,140.000000000,1.0
0,175616,256,95,42523993979,17242862038,140.000000000,1.0
0,175872,256,95,42550718220,17254315284,140.000000000,1.0
0,176128,256,95,42577442461,17265768530,140.000000000,1.0
0,176384,256,95,42604166702,17277221776,140.000000000,1.0
0,176640,256,95,42630890943,17288675022,140.000000000,1.0
0,176896,256,95,42657615184,17300128268,140.000000000,1.0
0,177152,256,95,42684339425,17311581514,140.000000000,1.0
0,177408,256,95,42711063666,17323034761,140.000000000,1.0
0,177664,256,95,42737787907,17334488007,140.000000000,1.0
0,177920,256,95,42764512148,17345941253,140.000000000,1.0
0,178176,256,95,42791236389,17357394499,140.000000000,1.0
0,178432,256,95,42817960630,17368847745,140.000000000,1.0
0,178688,256,95,42844684871,17380300991,140.000000000,1.0
0,178944,256,95,42871409111,17391754237,140.000000000,1.0
0,179200,256,95,42898133352,17403207483,140.000000000,1.0
0,179456,256,95,42924857593,17414660730,140.000000000,1.0
0,179712,256,95,42951581834,17426113976,140.000000000,1.0
0,179968,256,95,42978306075,17437567222,140.000000000,1.0
0,180224,256,95,43005030316,17449020468,140.000000000,1.0
0,180480,256,95,43031754557,17460473714,140.000000000,1.0
0,180736,256,95,43058478798,17471926960,140.000000000,1.0
0,180992,256,95,43085203039,17483380206,140.000000000,1.0
0,181248,256,95,43111927280,17494833452,140.000000000,1.0
0,181504,256,95,43138651521,17506286698,140.000000000,1.0
0,181760,256,95,43165375762,17517739945,140.000000000,1.0
0,182016,256,95,43192100003,17529193191,140.000000000,1.0
0,182272,256,95,43218824244,17540646437,140.000000000,1.0
0,182528,256,95,43245548485,17552099683,140.000000000,1.0
0,182784,256,95,43272272726,17563552929,140.000000000,1.0
0,183040,256,95,43298996967,17575006175,140.000000000,1.0
0,183296,256,95,43325721208,17586459421,140.000000000,1.0
0,183552,256,95,43352445449,17597912667,140.000000000,1.0
0,183808,256,95,43379169690,17609365914,140.000000000,1.0
0,184064,256,95,43405893931,17620819160,140.000000000,1.0
0,184320,256,95,43432618172,17632272406,140.000000000,1.0
0,184576,256,95,43459342412,17643725652,140.000000000,1.0
0,184832,256,95,43486066653,17655178898,140.000000000,1.0
0,185088,256,95,43512790894,17666632144,140.000000000,1.0
0,185344,256,95,43539515135,17678085390,140.000000000,1.0
0,185600,256,95,43566239376,17689538636,140.000000000,1.0
0,185856,256,95,43592963617,17700991883,140.000000000,1.0
0,186112,256,95,43619687858,17712445129,140.000000000,1.0
0,186368,256,95,43646412099,17723898375,140.000000000,1.0
0,186624,256,95,43673136340,17735351621,140.000000000,1.0
0,186880,256,95,43699860581,17746804867,140.000000000,1.0
0,187136,256,95,43726584822,17758258113,140.000000000,1.0
0,187392,256,95,43753309063,17769711359,140.000000000,1.0
0,187648,256,95,43780033304,17781164605,140.000000000,1.0
0,187904,256,95,43806757545,17792617852,140.000000000,1.0
0,188160,256,95,43833481786,17804071098,140.000000000,1.0
0,188416,256,95,43860206027,17815524344,140.000000000,1.0
0,188672,256,95,43886930268,17826977590,140.000000000,1.0
0,188928,256,95,43913654509,17838430836,140.000000000,1.0
0,189184,256,95,43940378750,17849884082,140.000000000,1.0
0,189440,256,95,43967102991,17861337328,140.000000000,1.0
0,189696,256,95,43993827232,17872790574,140.000000000,1.0
0,189952,256,95,44020551472,17884243821,140.000000000,1.0
0,190208,256,95,44047275713,17895697067,140.000000000,1.0
0,190464,256,95,44073999954,17907150313,140.000000000,1.0
0,190720,256,95,44100724195,17918603559,140.000000000,1.0
0,190976,256,95,44127448436,17930056805,140.000000000,1.0
0,191232,256,95,44154172677,17941510051,140.000000000,1.0
0,191488,256,95,44180896918,17952963297,140.000000000,1.0
0,191744,256,95,44207621159,17964416543,140.000000000,1.0
0,192000,256,95,44234345400,17975869790,140.000000000,1.0
0,192256,256,95,44261069641,17987323036,140.000000000,1.0
0,192512,256,95,44287793882,17998776282,140.000000000,1.0
0,192768,256,95,44314518123,18010229528,140.000000000,1.0
0,193024,256,95,44341242364,18021682774,140.000000000,1.0
0,193280,256,95,44367966605,18033136020,140.000000000,1.0
0,193536,256,95,44394690846,18044589266,140.000000000,1.0
0,193792,256,95,44421415087,18056042512,140.000000000,1.0
0,194048,256,95,44448139328,18067495759,140.000000000,1.0
0,194304,256,95,44474863569,18078949005,140.000000000,1.0
0,194560,256,95,44501587810,18090402251,140.000000000,1.0
0,194816,256,95,44528312051,18101855497,140.000000000,1.0
0,195072,256,95,44555036292,18113308743,140.000000000,1.0
0,195328,256,95,44581760532,18124761989,140.000000000,1.0
0,195584,256,95,44608484773,18136215235,140.000000000,1.0
0,195840,256,95,44635209014,18147668481,140.000000000,1.0
0,196096,256,95,44661933255,18159121727,140.000000000,1.0
0,196352,256,95,44688657496,18170574974,140.000000000,1.0
0,196608,256,95,44715381737,18182028220,140.000000000,1.0
0,196864,256,95,44742105978,18193481466,140.000000000,1.0
0,197120,256,95,44768830219,18204934712,140.000000000,1.0
0,197376,256,95,44795554460,18216387958,140.000000000,1.0
0,197632,256,95,44822278701,18227841204,140.000000000,1.0
0,197888,256,95,44849002942,18239294450,140.000000000,1.0
0,198144,256,95,44875727183,18250747696,140.000000000,1.0
0,198400,256,95,44902451424,18262200943,140.000000000,1.0
0,198656,256,95,44929175665,18273654189,140.000000000,1.0
0,198912,256,95,44955899906,18285107435,140.000000000,1.0
0,199168,256,95,44982624147,18296560681,140.000000000,1.0
0,199424,256,95,45009348388,18308013927,140.000000000,1.0
0,199680,256,95,45036072629,18319467173,140.000000000,1.0
0,199936,256,95,45062796870,18330920419,140.000000000,1.0
0,200192,256,95,45089521111,18342373665,140.000000000,1.0
0,200448,256,95,45116245352,18353826912,140.000000000,1.0
0,200704,256,95,45142969592,18365280158,140.000000000,1.0
0,200960,256,95,45169693833,18376733404,140.000000000,1.0
0,201216,256,95,45196418074,18388186650,140.000000000,1.0
0,201472,256,95,45223142315,18399639896,140.000000000,1.0
0,201728,256,95,45249866556,18411093142,140.000000000,1.0
0,201984,256,95,45276590797,18422546388,140.000000000,1.0
0,202240,256,95,45303315038,18433999634,140.000000000,1.0
0,202496,256,95,45330039279,18445452881,140.000000000,1.0
0,202752,256,95,45356763520,18456906127,140.000000000,1.0
0,203008,256,95,45383487761,18468359373,140.000000000,1.0
0,203264,256,95,45410212002,18479812619,140.000000000,1.0
0,203520,256,95,45436936243,18491265865,140.000000000,1.0
0,203776,256,95,45463660484,18502719111,140.000000000,1.0
0,204032,256,95,45490384725,18514172357,140.000000000,1.0
0,204288,256,95,45517108966,18525625603,140.000000000,1.0
0,204544,256,95,45543833207,18537078850,140.000000000,1.0
0,204800,256,95,45570557448,18548532096,140.000000000,1.0
0,205056,256,95,45597281689,18559985342,140.000000000,1.0
0,205312,256,95,45624005930,18571438588,140.000000000,1.0
0,205568,256,95,45650730171,18582891834,140.000000000,1.0
0,205824,256,95,45677454412,18594345080,140.000000000,1.0
0,206080,256,95,45704178653,18605798326,140.000000000,1.0
0,206336,256,95,45730902893,18617251572,140.000000000,1.0
0,206592,256,95,45757627134,18628704819,140.000000000,1.0
0,206848,256,95,45784351375,18640158065,140.000000000,1.0
0,207104,256,95,45811075616,18651611311,140.000000000,1.0
0,207360,256,95,45837799857,18663064557,140.000000000,1.0
0,207616,256,95,45864524098,18674517803,140.000000000,1.0
0,207872,256,95,45891248339,18685971049,140.000000000,1.0
0,208128,256,95,45917972580,18697424295,140.000000000,1.0
0,208384,256,95,45944696821,18708877541,140.000000000,1.0
0,208640,256,95,45971421062,18720330787,140.000000000,1.0
0,208896,256,95,45998145303,18731784034,140.000000000,1.0
0,209152,256,95,46024869544,18743237280,140.000000000,1.0
0,209408,256,95,46051593785,18754690526,140.000000000,1.0
0,209664,256,95,46078318026,18766143772,140.000000000,1.0
0,209920,256,95,46105042267,18777597018,140.000000000,1.0
0,210176,256,95,46131766508,18789050264,140.000000000,1.0
0,210432,256,95,46158490749,18800503510,140.000000000,1.0
0,210688,256,95,46185214990,18811956756,140.000000000,1.0
0,210944,256,95,46211939231,18823410003,140.000000000,1.0
0,211200,256,95,46238663472,18834863249,140.000000000,1.0
0,211456,256,95,46265387713,18846316495,140.000000000,1.0
0,211712,256,95,46292111953,18857769741,140.000000000,1.0
0,211968,256,95,46318836194,18869222987,140.000000000,1.0
0,212224,256,95,46345560435,18880676233,140.000000000,1.0
0,212480,256,95,46372284676,18892129479,140.000000000,1.0
0,212736,256,95,46399008917,18903582725,140.000000000,1.0
0,212992,256,95,46425733158,18915035972,140.000000000,1.0
0,213248,256,95,46452457399,18926489218,140.000000000,1.0
0,213504,256,95,46479181640,18937942464,140.000000000,1.0
0,213760,256,95,46505905881,18949395710,140.000000000,1.0
0,214016,256,95,46532630122,18960848956,140.000000000,1.0
0,214272,256,95,46559354363,18972302202,140.000000000,1.0
0,214528,256,95,46586078604,18983755448,140.000000000,1.0
0,214784,256,95,46612802845,18995208694,140.000000000,1.0
0,215040,256,95,46639527086,19006661941,140.000000000,1.0
0,215296,256,95,46666251327,19018115187,140.000000000,1.0
0,215552,256,95,46692975568,19029568433,140.000000000,1.0
0,215808,256,95,46719699809,19041021679,140.000000000,1.0
0,216064,256,95,46746424050,19052474925,140.000000000,1.0
0,216320,256,95,46773148291,19063928171,140.000000000,1.0
0,216576,256,95,46799872532,19075381417,140.000000000,1.0
0,216832,256,95,46826596773,19086834663,140.000000000,1.0
0,217088,256,95,46853321013,19098287910,140.000000000,1.0
0,217344,256,95,46880045254,19109741156,140.000000000,1.0
0,217600,256,95,46906769495,19121194402,140.000000000,1.0
0,217856,256,95,46933493736,19132647648,140.000000000,1.0
0,218112,256,95,46960217977,19144100894,140.000000000,1.0
0,218368,256,95,46986942218,19155554140,140.000000000,1.0
0,218624,256,95,47013666459,19167007386,140.000000000,1.0
0,218880,256,95,47040390700,19178460632,140.000000000,1.0
0,219136,256,95,47067114941,19189913879,140.000000000,1.0
0,219392,256,95,47093839182,19201367125,140.000000000,1.0
0,219648,256,95,47120563423,19212820371,140.000000000,1.0
0,219904,256,95,47147287664,19224273617,140.000000000,1.0
0,220160,256,95,47174011905,19235726863,140.000000000,1.0
0,220416,256,95,47200736146,19247180109,140.000000000,1.0
0,220672,256,95,47227460387,19258633355,140.000000000,1.0
0,220928,256,95,47254184628,19270086601,140.000000000,1.0
0,221184,256,95,47280908869,19281539848,140.000000000,1.0
0,221440,256,95,47307633110,19292993094,140.000000000,1.0
0,221696,256,95,47334357351,19304446340,140.000000000,1.0
0,221952,256,95,47361081592,19315899586,140.000000000,1.0
0,222208,256,95,42377010654,17179869184,140.000000000,1.0
0,222464,256,95,42403734895,17191322430,140.000000000,1.0
0,222720,256,95,42430459136,17202775676,140.000000000,1.0
0,222976,256,95,42457183377,17214228922,140.000000000,1.0
0,223232,256,95,42483907618,17225682168,140.000000000,1.0
0,223488,256,95,42510631859,17237135415,140.000000000,1.0
0,223744,256,95,42537356100,17248588661,140.000000000,1.0
0,224000,256,95,42564080341,17260041907,140.000000000,1.0
0,224256,256,95,42590804581,17271495153,140.000000000,1.0
0,224512,256,95,42617528822,17282948399,140.000000000,1.0
0,224768,256,95,42644253063,17294401645,140.000000000,1.0
0,225024,256,95,42670977304,17305854891,140.000000000,1.0
0,225280,256,95,42697701545,17317308137,140.000000000,1.0
0,225536,256,95,42724425786,17328761384,140.000000000,1.0
0,225792,256,95,42751150027,17340214630,140.000000000,1.0
0,226048,256,95,42777874268,17351667876,140.000000000,1.0
0,226304,256,95,42804598509,17363121122,140.000000000,1.0
0,226560,256,95,42831322750,17374574368,140.000000000,1.0
0,226816,256,95,42858046991,17386027614,140.000000000,1.0
0,227072,256,95,42884771232,17397480860,140.000000000,1.0
0,227328,256,95,42911495473,17408934106,140.000000000,1.0
0,227584,256,95,42938219714,17420387353,140.000000000,1.0
0,227840,256,95,42964943955,17431840599,140.000000000,1.0
0,228096,256,95,42991668196,17443293845,140.000000000,1.0
0,228352,256,95,43018392437,17454747091,140.000000000,1.0
0,228608,256,95,43045116678,17466200337,140.000000000,1.0
0,228864,256,95,43071840919,17477653583,140.000000000,1.0
0,229120,256,95,43098565160,17489106829,140.000000000,1.0
0,229376,256,95,43125289401,17500560075,140.000000000,1.0
0,229632,256,95,43152013642,17512013322,140.000000000,1.0
0,229888,256,95,43178737882,17523466568,140.000000000,1.0
0,230144,256,95,43205462123,17534919814,140.000000000,1.0
0,230400,256,95,43232186364,17546373060,140.000000000,1.0
0,230656,256,95,43258910605,17557826306,140.000000000,1.0
0,230912,256,95,43285634846,17569279552,140.000000000,1.0
0,231168,256,95,43312359087,17580732798,140.000000000,1.0
0,231424,256,95,43339083328,17592186044,140.000000000,1.0
0,231680,256,95,43365807569,17603639291,140.000000000,1.0
0,231936,256,95,43392531810,17615092537,140.000000000,1.0
0,232192,256,95,43419256051,17626545783,140.000000000,1.0
0,232448,256,95,43445980292,17637999029,140.000000000,1.0
0,232704,256,95,43472704533,17649452275,140.000000000,1.0
0,232960,256,95,43499428774,17660905521,140.000000000,1.0
0,233216,256,95,43526153015,17672358767,140.000000000,1.0
0,233472,256,95,43552877256,17683812013,140.000000000,1.0
0,233728,256,95,43579601497,17695265260,140.000000000,1.0
0,233984,256,95,43606325738,17706718506,140.000000000,1.0
0,234240,256,95,43633049979,17718171752,140.000000000,1.0
0,234496,256,95,43659774220,17729624998,140.000000000,1.0
0,234752,256,95,43686498461,17741078244,140.000000000,1.0
0,235008,256,95,43713222702,17752531490,140.000000000,1.0
0,235264,256,95,43739946942,17763984736,140.000000000,1.0
0,235520,256,95,43766671183,17775437982,140.000000000,1.0
0,235776,256,95,43793395424,17786891229,140.000000000,1.0
0,236032,256,95,43820119665,17798344475,140.000000000,1.0
0,236288,256,95,43846843906,17809797721,140.000000000,1.0
0,236544,256,95,43873568147,17821250967,140.000000000,1.0
0,236800,256,95,43900292388,17832704213,140.000000000,1.0
0,237056,256,95,43927016629,17844157459,140.000000000,1.0
0,237312,256,95,43953740870,17855610705,140.000000000,1.0
0,237568,256,95,43980465111,17867063951,140.000000000,1.0
0,237824,256,95,44007189352,17878517197,140.000000000,1.0
0,238080,256,95,44033913593,17889970444,140.000000000,1.0
0,238336,256,95,44060637834,17901423690,140.000000000,1.0
0,238592,256,95,44087362075,17912876936,140.000000000,1.0
0,238848,256,95,44114086316,17924330182,140.000000000,1.0
0,239104,256,95,44140810557,17935783428,140.000000000,1.0
0,239360,256,95,44167534798,17947236674,140.000000000,1.0
0,239616,256,95,44194259039,17958689920,140.000000000,1.0
0,239872,256,95,44220983280,17970143166,140.000000000,1.0
0,240128,256,95,44247707521,17981596413,140.000000000,1.0
0,240384,256,95,44274431762,17993049659,140.000000000,1.0
0,240640,256,95,44301156002,18004502905,140.000000000,1.0
0,240896,256,95,44327880243,18015956151,140.000000000,1.0
0,241152,256,95,44354604484,18027409397,140.000000000,1.0
0,241408,256,95,44381328725,18038862643,140.000000000,1.0
0,241664,256,95,44408052966,18050315889,140.000000000,1.0
0,241920,256,95,44434777207,18061769135,140.000000000,1.0
0,242176,256,95,44461501448,18073222382,140.000000000,1.0
0,242432,256,95,44488225689,18084675628,140.000000000,1.0
0,242688,256,95,44514949930,18096128874,140.000000000,1.0
0,242944,256,95,44541674171,18107582120,140.000000000,1.0
0,243200,256,95,44568398412,18119035366,140.000000000,1.0
0,243456,256,95,44595122653,18130488612,140.000000000,1.0
0,243712,256,95,44621846894,18141941858,140.000000000,1.0
0,243968,256,95,44648571135,18153395104,140.000000000,1.0
0,244224,256,95,44675295376,18164848351,140.000000000,1.0
0,244480,256,95,44702019617,18176301597,140.000000000,1.0
0,244736,256,95,44728743858,18187754843,140.000000000,1.0
0,244992,256,95,44755468099,18199208089,140.000000000,1.0
0,245248,256,95,44782192340,18210661335,140.000000000,1.0
0,245504,256,95,44808916581,18222114581,140.000000000,1.0
0,245760,256,95,44835640822,18233567827,140.000000000,1.0
0,246016,256,95,44862365062,18245021073,140.000000000,1.0
0,246272,256,95,44889089303,18256474320,140.000000000,1.0
0,246528,256,95,44915813544,18267927566,140.000000000,1.0
0,246784,256,95,44942537785,18279380812,140.000000000,1.0
0,247040,256,95,44969262026,18290834058,140.000000000,1.0
0,247296,256,95,44995986267,18302287304,140.000000000,1.0
0,247552,256,95,45022710508,18313740550,140.000000000,1.0
0,247808,256,95,45049434749,18325193796,140.000000000,1.0
0,248064,256,95,45076158990,18336647042,140.000000000,1.0
0,248320,256,95,45102883231,18348100289,140.000000000,1.0
0,248576,256,95,45129607472,18359553535,140.000000000,1.0
0,248832,256,95,45156331713,18371006781,140.000000000,1.0
0,249088,256,95,45183055954,18382460027,140.000000000,1.0
0,249344,256,95,45209780195,18393913273,140.000000000,1.0
0,249600,256,95,45236504436,18405366519,140.000000000,1.0
0,249856,256,95,45263228677,18416819765,140.000000000,1.0
0,250112,256,95,45289952918,18428273011,140.000000000,1.0
0,250368,256,95,45316677159,18439726257,140.000000000,1.0
0,250624,256,95,45343401400,18451179504,140.000000000,1.0
0,250880,256,95,45370125641,18462632750,140.000000000,1.0
0,251136,256,95,45396849882,18474085996,140.000000000,1.0
0,251392,256,95,45423574122,18485539242,140.000000000,1.0
0,251648,256,95,45450298363,18496992488,140.000000000,1.0
0,251904,256,95,45477022604,18508445734,140.000000000,1.0
0,252160,256,95,45503746845,18519898980,140.000000000,1.0
0,252416,256,95,45530471086,18531352226,140.000000000,1.0
0,252672,256,95,45557195327,18542805473,140.000000000,1.0
0,252928,256,95,45583919568,18554258719,140.000000000,1.0
0,253184,256,95,45610643809,18565711965,140.000000000,1.0
0,253440,256,95,45637368050,18577165211,140.000000000,1.0
0,253696,256,95,45664092291,18588618457,140.000000000,1.0
0,253952,256,95,45690816532,18600071703,140.000000000,1.0
0,254208,256,95,45717540773,18611524949,140.000000000,1.0
0,254464,256,95,45744265014,18622978195,140.000000000,1.0
0,254720,256,95,45770989255,18634431442,140.000000000,1.0
0,254976,256,95,45797713496,18645884688,140.000000000,1.0
0,255232,256,95,45824437737,18657337934,140.000000000,1.0
0,255488,256,95,45851161978,18668791180,140.000000000,1.0
0,255744,256,95,45877886219,18680244426,140.000000000,1.0
0,256000,256,95,45904610460,18691697672,140.000000000,1.0
0,256256,256,95,45931334701,18703150918,140.000000000,1.0
0,256512,256,95,45958058942,18714604164,140.000000000,1.0
0,256768,256,95,45984783183,18726057411,140.000000000,1.0
0,257024,256,95,46011507423,18737510657,140.000000000,1.0
0,257280,256,95,46038231664,18748963903,140.000000000,1.0
0,257536,256,95,46064955905,18760417149,140.000000000,1.0
0,257792,256,95,46091680146,18771870395,140.000000000,1.0
0,258048,256,95,46118404387,18783323641,140.000000000,1.0
0,258304,256,95,46145128628,18794776887,140.000000000,1.0
0,258560,256,95,46171852869,18806230133,140.000000000,1.0
0,258816,256,95,46198577110,18817683380,140.000000000,1.0
0,259072,256,95,46225301351,18829136626,140.000000000,1.0
0,259328,256,95,46252025592,18840589872,140.000000000,1.0
0,259584,256,95,46278749833,18852043118,140.000000000,1.0
0,259840,256,95,46305474074,18863496364,140.000000000,1.0
0,260096,256,95,46332198315,18874949610,140.000000000,1.0
0,260352,256,95,46358922556,18886402856,140.000000000,1.0
0,260608,256,95,46385646797,18897856102,140.000000000,1.0
0,260864,256,95,46412371038,18909309349,140.000000000,1.0
0,261120,256,95,46439095279,18920762595,140.000000000,1.0
0,261376,256,95,46465819520,18932215841,140.000000000,1.0
0,261632,256,95,46492543761,18943669087,140.000000000,1.0
0,261888,256,95,46519268002,18955122333,140.000000000,1.0
0,262144,256,95,46545992243,18966575579,140.000000000,1.0
0,262400,256,95,46572716483,18978028825,140.000000000,1.0
0,262656,256,95,46599440724,18989482071,140.000000000,1.0
0,262912,256,95,46626164965,19000935318,140.000000000,1.0
0,263168,256,95,46652889206,19012388564,140.000000000,1.0
0,263424,256,95,46679613447,19023841810,140.000000000,1.0
0,263680,256,95,46706337688,19035295056,140.000000000,1.0
0,263936,256,95,46733061929,19046748302,140.000000000,1.0
0,264192,256,95,46759786170,19058201548,140.000000000,1.0
0,264448,256,95,46786510411,19069654794,140.000000000,1.0
0,264704,256,95,46813234652,19081108040,140.000000000,1.0
0,264960,256,95,46839958893,19092561286,140.000000000,1.0
0,265216,256,95,46866683134,19104014533,140.000000000,1.0
0,265472,256,95,46893407375,19115467779,140.000000000,1.0
0,265728,256,95,46920131616,19126921025,140.000000000,1.0
0,265984,256,95,46946855857,19138374271,140.000000000,1.0
0,266240,256,95,46973580098,19149827517,140.000000000,1.0
0,266496,256,95,47000304339,19161280763,140.000000000,1.0
0,266752,256,95,47027028580,19172734009,140.000000000,1.0
0,267008,256,95,47053752821,19184187255,140.000000000,1.0
0,267264,256,95,47080477062,19195640502,140.000000000,1.0
0,267520,256,95,47107201303,19207093748,140.000000000,1.0
0,267776,256,95,47133925543,19218546994,140.000000000,1.0
0,268032,256,95,47160649784,19230000240,140.000000000,1.0
0,268288,256,95,47187374025,19241453486,140.000000000,1.0
0,268544,256,95,47214098266,19252906732,140.000000000,1.0
0,268800,256,95,47240822507,19264359978,140.000000000,1.0
0,269056,256,95,47267546748,19275813224,140.000000000,1.0
0,269312,256,95,47294270989,19287266471,140.000000000,1.0
0,269568,256,95,47320995230,19298719717,140.000000000,1.0
0,269824,256,95,47347719471,19310172963,140.000000000,1.0
0,270080,128,95,47374443712,19321626209,140.000000000,1.0
0,270208,128,95,42377010654,17179869184,140.000000000,1.0
0,270336,128,95,42377010654,17179869184,140.000000000,1.0
0,270464,256,95,42390372774,17185595807,140.000000000,1.0
0,270720,256,95,42417097015,17197049053,140.000000000,1.0
0,270976,256,95,42443821256,17208502299,140.000000000,1.0
0,271232,256,95,42470545497,17219955545,140.000000000,1.0
0,271488,256,95,42497269738,17231408792,140.000000000,1.0
0,271744,256,95,42523993979,17242862038,140.000000000,1.0
0,272000,256,95,42550718220,17254315284,140.000000000,1.0
0,272256,256,95,42577442461,17265768530,140.000000000,1.0
0,272512,256,95,42604166702,17277221776,140.000000000,1.0
0,272768,256,95,42630890943,17288675022,140.000000000,1.0
0,273024,256,95,42657615184,17300128268,140.000000000,1.0
0,273280,256,95,42684339425,17311581514,140.000000000,1.0
0,273536,256,95,42711063666,17323034761,140.000000000,1.0
0,273792,256,95,42737787907,17334488007,140.000000000,1.0
0,274048,256,95,42764512148,17345941253,140.000000000,1.0
0,274304,256,95,42791236389,17357394499,140.000000000,1.0
0,274560,256,95,42817960630,17368847745,140.000000000,1.0
0,274816,256,95,42844684871,17380300991,140.000000000,1.0
0,275072,256,95,42871409111,17391754237,140.000000000,1.0
0,275328,256,95,42898133352,17403207483,140.000000000,1.0
0,275584,256,95,42924857593,17414660730,140.000000000,1.0
0,275840,256,95,42951581834,17426113976,140.000000000,1.0
0,276096,256,95,42978306075,17437567222,140.000000000,1.0
0,276352,256,95,43005030316,17449020468,140.000000000,1.0
0,276608,256,95,43031754557,17460473714,140.000000000,1.0
0,276864,256,95,43058478798,17471926960,140.000000000,1.0
0,277120,256,95,43085203039,17483380206,140.000000000,1.0
0,277376,256,95,43111927280,17494833452,140.000000000,1.0
0,277632,256,95,43138651521,17506286698,140.000000000,1.0
0,277888,256,95,43165375762,17517739945,140.000000000,1.0
0,278144,256,95,43192100003,17529193191,140.000000000,1.0
0,278400,256,95,43218824244,17540646437,140.000000000,1.0
0,278656,256,95,43245548485,17552099683,140.000000000,1.0
0,278912,256,95,43272272726,17563552929,140.000000000,1.0
0,279168,256,15,42377010654,17179869184,140.000000000,1.0
0,279424,256,15,42377010654,17179869184,140.000000000,1.0
0,279680,256,15,42377010654,17179869184,140.000000000,1.0
0,279936,256,15,42377010654,17179869184,140.000000000,1.0
0,280192,256,15,42377010654,17179869184,140.000000000,1.0
0,280448,256,15,42377010654,17179869184,140.000000000,1.0
0,280704,256,15,42377010654,17179869184,140.000000000,1.0
0,280960,256,15,42377010654,17179869184,140.000000000,1.0
0,281216,256,15,42377010654,17179869184,140.000000000,1.0
0,281472,256,15,42377010654,17179869184,140.000000000,1.0
0,281728,256,15,42377010654,17179869184,140.000000000,1.0
0,281984,256,15,42377010654,17179869184,140.000000000,1.0
0,282240,256,15,42377010654,17179869184,140.000000000,1.0
0,282496,256,15,42377010654,17179869184,140.000000000,1.0
0,282752,256,15,42377010654,17179869184,140.000000000,1.0
0,283008,256,15,42377010654,17179869184,140.000000000,1.0
0,283264,256,15,42377010654,17179869184,140.000000000,1.0
0,283520,256,15,42377010654,17179869184,140.000000000,1.0
0,283776,256,15,42377010654,17179869184,140.000000000,1.0
0,284032,256,15,42377010654,17179869184,140.000000000,1.0
0,284288,256,15,42377010654,17179869184,140.000000000,1.0
0,284544,256,15,42377010654,17179869184,140.000000000,1.0
0,284800,256,15,42377010654,17179869184,140.000000000,1.0
0,285056,256,15,42377010654,17179869184,140.000000000,1.0
0,285312,256,15,42377010654,17179869184,140.000000000,1.0
0,285568,256,15,42377010654,17179869184,140.000000000,1.0
0,285824,256,15,42377010654,17179869184,140.000000000,1.0
0,286080,256,15,42377010654,17179869184,140.000000000,1.0
0,286336,256,15,42377010654,17179869184,140.000000000,1.0
0,286592,256,15,42377010654,17179869184,140.000000000,1.0
0,286848,256,15,42377010654,17179869184,140.000000000,1.0
0,287104,256,15,42377010654,17179869184,140.000000000,1.0
0,287360,256,15,42377010654,17179869184,140.000000000,1.0
0,287616,256,15,42377010654,17179869184,140.000000000,1.0
0,287872,256,15,42377010654,17179869184,140.000000000,1.0
0,288128,256,15,42377010654,17179869184,140.000000000,1.0
0,288384,256,15,42377010654,17179869184,140.000000000,1.0
0,288640,256,15,42377010654,17179869184,140.000000000,1.0
0,288896,256,15,42377010654,17179869184,140.000000000,1.0
0,289152,256,15,42377010654,17179869184,140.000000000,1.0
0,289408,256,15,42377010654,17179869184,140.000000000,1.0
0,289664,256,15,42377010654,17179869184,140.000000000,1.0
0,289920,256,15,42377010654,17179869184,140.000000000,1.0
0,290176,256,15,42377010654,17179869184,140.000000000,1.0
0,290432,256,15,42377010654,17179869184,140.000000000,1.0
0,290688,256,15,42377010654,17179869184,140.000000000,1.0
0,290944,256,15,42377010654,17179869184,140.000000000,1.0
0,291200,256,15,42377010654,17179869184,140.000000000,1.0
0,291456,256,15,42377010654,17179869184,140.000000000,1.0
0,291712,256,15,42377010654,17179869184,140.000000000,1.0
0,291968,256,15,42377010654,17179869184,140.000000000,1.0
0,292224,256,15,42377010654,17179869184,140.000000000,1.0
0,292480,256,15,42377010654,17179869184,140.000000000,1.0
0,292736,256,15,42377010654,17179869184,140.000000000,1.0
0,292992,256,15,42377010654,17179869184,140.000000000,1.0
0,293248,256,15,42377010654,17179869184,140.000000000,1.0
0,293504,256,15,42377010654,17179869184,140.000000000,1.0
0,293760,256,15,42377010654,17179869184,140.000000000,1.0
0,294016,256,15,42377010654,17179869184,140.000000000,1.0
0,294272,256,15,42377010654,17179869184,140.000000000,1.0
0,294528,256,15,42377010654,17179869184,140.000000000,1.0
0,294784,256,15,42377010654,17179869184,140.000000000,1.0
0,295040,256,15,42377010654,17179869184,140.000000000,1.0
0,295296,256,15,42377010654,17179869184,140.000000000,1.0
0,295552,256,15,42377010654,17179869184,140.000000000,1.0
0,295808,256,15,42377010654,17179869184,140.000000000,1.0
0,296064,256,15,42377010654,17179869184,140.000000000,1.0
0,296320,256,15,42377010654,17179869184,140.000000000,1.0
0,296576,256,15,42377010654,17179869184,140.000000000,1.0
0,296832,256,15,42377010654,17179869184,140.000000000,1.0
0,297088,256,15,42377010654,17179869184,140.000000000,1.0
0,297344,256,15,42377010654,17179869184,140.000000000,1.0
0,297600,256,15,42377010654,17179869184,140.000000000,1.0
0,297856,256,15,42377010654,17179869184,140.000000000,1.0
0,298112,256,15,42377010654,17179869184,140.000000000,1.0
0,298368,256,15,42377010654,17179869184,140.000000000,1.0
0,298624,256,15,42377010654,17179869184,140.000000000,1.0
0,298880,256,15,42377010654,17179869184,140.000000000,1.0
0,299136,256,15,42377010654,17179869184,140.000000000,1.0
0,299392,256,15,42377010654,17179869184,140.000000000,1.0
0,299648,256,15,42377010654,17179869184,140.000000000,1.0
0,299904,256,15,42377010654,17179869184,140.000000000,1.0
0,300160,256,15,42377010654,17179869184,140.000000000,1.0
0,300416,256,15,42377010654,17179869184,140.000000000,1.0
0,300672,256,15,42377010654,17179869184,140.000000000,1.0
0,300928,256,15,42377010654,17179869184,140.000000000,1.0
0,301184,256,15,42377010654,17179869184,140.000000000,1.0
0,301440,256,15,42377010654,17179869184,140.000000000,1.0
0,301696,256,15,42377010654,17179869184,140.000000000,1.0
0,301952,256,15,42377010654,17179869184,140.000000000,1.0
0,302208,256,15,42377010654,17179869184,140.000000000,1.0
0,302464,256,15,42377010654,17179869184,140.000000000,1.0
0,302720,256,15,42377010654,17179869184,140.000000000,1.0
0,302976,256,15,42377010654,17179869184,140.000000000,1.0
0,303232,256,15,42377010654,17179869184,140.000000000,1.0
0,303488,256,15,42377010654,17179869184,140.000000000,1.0
0,303744,256,15,42377010654,17179869184,140.000000000,1.0
0,304000,256,15,42377010654,17179869184,140.000000000,1.0
0,304256,256,15,42377010654,17179869184,140.000000000,1.0
0,304512,256,15,42377010654,17179869184,140.000000000,1.0
0,304768,256,15,42377010654,17179869184,140.000000000,1.0
0,305024,256,15,42377010654,17179869184,140.000000000,1.0
0,305280,256,15,42377010654,17179869184,140.000000000,1.0
0,305536,256,15,42377010654,17179869184,140.000000000,1.0
0,305792,256,15,42377010654,17179869184,140.000000000,1.0
0,306048,256,15,42377010654,17179869184,140.000000000,1.0
0,306304,256,15,42377010654,17179869184,140.000000000,1.0
0,306560,256,15,42377010654,17179869184,140.000000000,1.0
0,306816,256,15,42377010654,17179869184,140.000000000,1.0
0,307072,256,15,42377010654,17179869184,140.000000000,1.0
0,307328,256,15,42377010654,17179869184,140.000000000,1.0
0,307584,256,15,42377010654,17179869184,140.000000000,1.0
0,307840,256,15,42377010654,17179869184,140.000000000,1.0
0,308096,256,15,42377010654,17179869184,140.000000000,1.0
0,308352,256,15,42377010654,17179869184,140.000000000,1.0
0,308608,256,15,42377010654,17179869184,140.000000000,1.0
0,308864,256,15,42377010654,17179869184,140.000000000,1.0
0,309120,256,15,42377010654,17179869184,140.000000000,1.0
0,309376,256,15,42377010654,17179869184,140.000000000,1.0
0,309632,256,15,42377010654,17179869184,140.000000000,1.0
0,309888,256,15,42377010654,17179869184,140.000000000,1.0
0,310144,256,15,42377010654,17179869184,140.000000000,1.0
0,310400,256,15,42377010654,17179869184,140.000000000,1.0
0,310656,256,15,42377010654,17179869184,140.000000000,1.0
0,310912,256,15,42377010654,17179869184,140.000000000,1.0
0,311168,256,15,42377010654,17179869184,140.000000000,1.0
0,311424,256,15,42377010654,17179869184,140.000000000,1.0
0,311680,256,15,42377010654,17179869184,140.000000000,1.0
0,311936,256,15,42377010654,17179869184,140.000000000,1.0
0,312192,256,15,42377010654,17179869184,140.000000000,1.0
0,312448,256,15,42377010654,17179869184,140.000000000,1.0
0,312704,256,15,42377010654,17179869184,140.000000000,1.0
0,312960,256,15,42377010654,17179869184,140.000000000,1.0
0,313216,256,15,42377010654,17179869184,140.000000000,1.0
0,313472,256,15,42377010654,17179869184,140.000000000,1.0
0,313728,256,15,42377010654,17179869184,140.000000000,1.0
0,313984,256,15,42377010654,17179869184,140.000000000,1.0
0,314240,256,15,42377010654,17179869184,140.000000000,1.0
0,314496,256,15,42377010654,17179869184,140.000000000,1.0
0,314752,256,15,42377010654,17179869184,140.000000000,1.0
0,315008,256,15,42377010654,17179869184,140.000000000,1.0
0,315264,256,15,42377010654,17179869184,140.000000000,1.0
0,315520,256,15,42377010654,17179869184,140.000000000,1.0
0,315776,256,15,42377010654,17179869184,140.000000000,1.0
0,316032,256,15,42377010654,17179869184,140.000000000,1.0
0,316288,256,15,42377010654,17179869184,140.000000000,1.0
0,316544,256,15,42377010654,17179869184,140.000000000,1.0
0,316800,256,15,42377010654,17179869184,140.000000000,1.0
0,317056,256,15,42377010654,17179869184,140.000000000,1.0
0,317312,256,15,42377010654,17179869184,140.000000000,1.0
0,317568,256,15,42377010654,17179869184,140.000000000,1.0
0,317824,256,15,42377010654,17179869184,140.000000000,1.0
0,318080,256,15,42377010654,17179869184,140.000000000,1.0
0,318336,256,15,42377010654,17179869184,140.000000000,1.0
0,318592,256,15,42377010654,17179869184,140.000000000,1.0
0,318848,256,15,42377010654,17179869184,140.000000000,1.0
0,319104,256,15,42377010654,17179869184,140.000000000,1.0
0,319360,256,15,42377010654,17179869184,140.000000000,1.0
0,319616,256,15,42377010654,17179869184,140.000000000,1.0
0,319872,256,15,42377010654,17179869184,140.000000000,1.0
0,320128,256,15,42377010654,17179869184,140.000000000,1.0
0,320384,256,15,42377010654,17179869184,140.000000000,1.0
0,320640,256,15,42377010654,17179869184,140.000000000,1.0
0,320896,256,15,42377010654,17179869184,140.000000000,1.0
0,321152,256,15,42377010654,17179869184,140.000000000,1.0
0,321408,256,15,42377010654,17179869184,140.000000000,1.0
0,321664,256,15,42377010654,17179869184,140.000000000,1.0
0,321920,256,15,42377010654,17179869184,140.000000000,1.0
0,322176,256,15,42377010654,17179869184,140.000000000,1.0
0,322432,256,15,42377010654,17179869184,140.000000000,1.0
0,322688,256,15,42377010654,17179869184,140.000000000,1.0
0,322944,256,15,42377010654,17179869184,140.000000000,1.0
0,323200,256,15,42377010654,17179869184,140.000000000,1.0
0,323456,256,15,42377010654,17179869184,140.000000000,1.0
0,323712,256,15,42377010654,17179869184,140.000000000,1.0
0,323968,256,15,42377010654,17179869184,140.000000000,1.0
0,324224,256,15,42377010654,17179869184,140.000000000,1.0
0,324480,256,15,42377010654,17179869184,140.000000000,1.0
0,324736,256,15,42377010654,17179869184,140.000000000,1.0
0,324992,256,15,42377010654,17179869184,140.000000000,1.0
0,325248,256,15,42377010654,17179869184,140.000000000,1.0
0,325504,256,15,42377010654,17179869184,140.000000000,1.0
0,325760,256,15,42377010654,17179869184,140.000000000,1.0
0,326016,256,15,42377010654,17179869184,140.000000000,1.0
0,326272,256,15,42377010654,17179869184,140.000000000,1.0
0,326528,256,15,42377010654,17179869184,140.000000000,1.0
0,326784,256,15,42377010654,17179869184,140.000000000,1.0
0,327040,256,15,42377010654,17179869184,140.000000000,1.0
0,327296,256,15,42377010654,17179869184,140.000000000,1.0
0,327552,256,15,42377010654,17179869184,140.000000000,1.0
0,327808,256,15,42377010654,17179869184,140.000000000,1.0
0,328064,256,15,42377010654,17179869184,140.000000000,1.0
0,328320,256,15,42377010654,17179869184,140.000000000,1.0
0,328576,256,15,42377010654,17179869184,140.000000000,1.0
0,328832,256,15,42377010654,17179869184,140.000000000,1.0
0,329088,256,15,42377010654,17179869184,140.000000000,1.0
0,329344,256,15,42377010654,17179869184,140.000000000,1.0
0,329600,256,15,42377010654,17179869184,140.000000000,1.0
0,329856,256,15,42377010654,17179869184,140.000000000,1.0
0,330112,256,15,42377010654,17179869184,140.000000000,1.0
0,330368,256,15,42377010654,17179869184,140.000000000,1.0
0,330624,256,15,42377010654,17179869184,140.000000000,1.0
0,330880,256,15,42377010654,17179869184,140.000000000,1.0
0,331136,256,15,42377010654,17179869184,140.000000000,1.0
0,331392,256,15,42377010654,17179869184,140.000000000,1.0
0,331648,256,15,42377010654,17179869184,140.000000000,1.0
0,331904,256,15,42377010654,17179869184,140.000000000,1.0
0,332160,256,15,42377010654,17179869184,140.000000000,1.0
0,332416,256,15,42377010654,17179869184,140.000000000,1.0
0,332672,256,15,42377010654,17179869184,140.000000000,1.0
0,332928,256,15,42377010654,17179869184,140.000000000,1.0
0,333184,256,15,42377010654,17179869184,140.000000000,1.0
0,333440,256,15,42377010654,17179869184,140.000000000,1.0
0,333696,256,15,42377010654,17179869184,140.000000000,1.0
0,333952,256,15,42377010654,17179869184,140.000000000,1.0
0,334208,256,15,42377010654,17179869184,140.000000000,1.0
0,334464,256,15,42377010654,17179869184,140.000000000,1.0
0,334720,256,15,42377010654,17179869184,140.000000000,1.0
0,334976,256,15,42377010654,17179869184,140.000000000,1.0
0,335232,256,15,42377010654,17179869184,140.000000000,1.0
0,335488,256,15,42377010654,17179869184,140.000000000,1.0
0,335744,256,15,42377010654,17179869184,140.000000000,1.0
0,336000,256,15,42377010654,17179869184,140.000000000,1.0
0,336256,256,15,42377010654,17179869184,140.000000000,1.0
0,336512,256,15,42377010654,17179869184,140.000000000,1.0
0,336768,256,15,42377010654,17179869184,140.000000000,1.0
0,337024,256,15,42377010654,17179869184,140.000000000,1.0
0,337280,256,15,42377010654,17179869184,140.000000000,1.0
0,337536,256,15,42377010654,17179869184,140.000000000,1.0
0,337792,256,15,42377010654,17179869184,140.000000000,1.0
0,338048,256,15,42377010654,17179869184,140.000000000,1.0
0,338304,256,15,42377010654,17179869184,140.000000000,1.0
0,338560,256,15,42377010654,17179869184,140.000000000,1.0
0,338816,256,15,42377010654,17179869184,140.000000000,1.0
0,339072,256,15,42377010654,17179869184,140.000000000,1.0
0,339328,256,15,42377010654,17179869184,140.000000000,1.0
0,339584,256,15,42377010654,17179869184,140.000000000,1.0
0,339840,256,15,42377010654,17179869184,140.000000000,1.0
0,340096,256,15,42377010654,17179869184,140.000000000,1.0
0,340352,256,15,42377010654,17179869184,140.000000000,1.0
0,340608,256,15,42377010654,17179869184,140.000000000,1.0
0,340864,256,15,42377010654,17179869184,140.000000000,1.0
0,341120,256,15,42377010654,17179869184,140.000000000,1.0
0,341376,256,15,42377010654,17179869184,140.000000000,1.0
0,341632,256,15,42377010654,17179869184,140.000000000,1.0
0,341888,256,15,42377010654,17179869184,140.000000000,1.0
0,342144,256,15,42377010654,17179869184,140.000000000,1.0
0,342400,256,15,42377010654,17179869184,140.000000000,1.0
0,342656,256,15,42377010654,17179869184,140.000000000,1.0
0,342912,256,15,42377010654,17179869184,140.000000000,1.0
0,343168,256,15,42377010654,17179869184,140.000000000,1.0
0,343424,256,15,42377010654,17179869184,140.000000000,1.0
0,343680,256,15,42377010654,17179869184,140.000000000,1.0
0,343936,256,15,42377010654,17179869184,140.000000000,1.0
0,344192,256,15,42377010654,17179869184,140.000000000,1.0
0,344448,256,15,42377010654,17179869184,140.000000000,1.0
0,344704,256,15,42377010654,17179869184,140.000000000,1.0
0,344960,256,15,42377010654,17179869184,140.000000000,1.0
0,345216,256,15,42377010654,17179869184,140.000000000,1.0
0,345472,256,15,42377010654,17179869184,140.000000000,1.0
0,345728,256,15,42377010654,17179869184,140.000000000,1.0
0,345984,256,15,42377010654,17179869184,140.000000000,1.0
0,346240,256,15,42377010654,17179869184,140.000000000,1.0
0,346496,256,15,42377010654,17179869184,140.000000000,1.0
0,346752,256,15,42377010654,17179869184,140.000000000,1.0
0,347008,256,15,42377010654,17179869184,140.000000000,1.0
0,347264,256,15,42377010654,17179869184,140.000000000,1.0
0,347520,256,15,42377010654,17179869184,140.000000000,1.0
0,347776,256,15,42377010654,17179869184,140.000000000,1.0
0,348032,256,15,42377010654,17179869184,140.000000000,1.0
0,348288,256,15,42377010654,17179869184,140.000000000,1.0
0,348544,256,15,42377010654,17179869184,140.000000000,1.0
0,348800,256,15,42377010654,17179869184,140.000000000,1.0
0,349056,256,15,42377010654,17179869184,140.000000000,1.0
0,349312,256,15,42377010654,17179869184,140.000000000,1.0
0,349568,256,15,42377010654,17179869184,140.000000000,1.0
0,349824,256,15,42377010654,17179869184,140.000000000,1.0
0,350080,256,15,42377010654,17179869184,140.000000000,1.0
0,350336,256,15,42377010654,17179869184,140.000000000,1.0
0,350592,256,15,42377010654,17179869184,140.000000000,1.0
0,350848,256,15,42377010654,17179869184,140.000000000,1.0
0,351104,256,15,42377010654,17179869184,140.000000000,1.0
0,351360,256,15,42377010654,17179869184,140.000000000,1.0
0,351616,256,15,42377010654,17179869184,140.000000000,1.0
0,351872,256,15,42377010654,17179869184,140.000000000,1.0
0,352128,256,15,42377010654,17179869184,140.000000000,1.0
0,352384,256,15,42377010654,17179869184,140.000000000,1.0
0,352640,256,15,42377010654,17179869184,140.000000000,1.0
0,352896,256,15,42377010654,17179869184,140.000000000,1.0
0,353152,256,15,42377010654,17179869184,140.000000000,1.0
0,353408,256,15,42377010654,17179869184,140.000000000,1.0
0,353664,256,15,42377010654,17179869184,140.000000000,1.0
0,353920,256,15,42377010654,17179869184,140.000000000,1.0
0,354176,256,15,42377010654,17179869184,140.000000000,1.0
0,354432,256,15,42377010654,17179869184,140.000000000,1.0
0,354688,256,15,42377010654,17179869184,140.000000000,1.0
0,354944,256,15,42377010654,17179869184,140.000000000,1.0
0,355200,256,15,42377010654,17179869184,140.000000000,1.0
0,355456,256,15,42377010654,17179869184,140.000000000,1.0
0,355712,256,15,42377010654,17179869184,140.000000000,1.0
0,355968,256,15,42377010654,17179869184,140.000000000,1.0
0,356224,256,15,42377010654,17179869184,140.000000000,1.0
0,356480,256,15,42377010654,17179869184,140.000000000,1.0
0,356736,256,15,42377010654,17179869184,140.000000000,1.0
0,356992,256,15,42377010654,17179869184,140.000000000,1.0
0,357248,256,15,42377010654,17179869184,140.000000000,1.0
0,357504,256,15,42377010654,17179869184,140.000000000,1.0
0,357760,256,15,42377010654,17179869184,140.000000000,1.0
0,358016,256,15,42377010654,17179869184,140.000000000,1.0
0,358272,256,15,42377010654,17179869184,140.000000000,1.0
0,358528,256,15,42377010654,17179869184,140.000000000,1.0
0,358784,256,15,42377010654,17179869184,140.000000000,1.0
0,359040,256,15,42377010654,17179869184,140.000000000,1.0
0,359296,256,15,42377010654,17179869184,140.000000000,1.0
0,359552,256,15,42377010654,17179869184,140.000000000,1.0
0,359808,256,15,42377010654,17179869184,140.000000000,1.0
0,360064,256,15,42377010654,17179869184,140.000000000,1.0
0,360320,256,15,42377010654,17179869184,140.000000000,1.0
0,360576,256,15,42377010654,17179869184,140.000000000,1.0
0,360832,256,15,42377010654,17179869184,140.000000000,1.0
0,361088,256,15,42377010654,17179869184,140.000000000,1.0
0,361344,256,15,42377010654,17179869184,140.000000000,1.0
0,361600,256,15,42377010654,17179869184,140.000000000,1.0
0,361856,256,15,42377010654,17179869184,140.000000000,1.0
0,362112,256,15,42377010654,17179869184,140.000000000,1.0
0,362368,256,15,42377010654,17179869184,140.000000000,1.0
0,362624,256,15,42377010654,17179869184,140.000000000,1.0
0,362880,256,15,42377010654,17179869184,140.000000000,1.0
0,363136,256,15,42377010654,17179869184,140.000000000,1.0
0,363392,256,15,42377010654,17179869184,140.000000000,1.0
0,363648,256,15,42377010654,17179869184,140.000000000,1.0
0,363904,256,15,42377010654,17179869184,140.000000000,1.0
0,364160,256,15,42377010654,17179869184,140.000000000,1.0
0,364416,256,15,42377010654,17179869184,140.000000000,1.0
0,364672,256,15,42377010654,17179869184,140.000000000,1.0
0,364928,256,15,42377010654,17179869184,140.000000000,1.0
0,365184,256,15,42377010654,17179869184,140.000000000,1.0
0,365440,256,15,42377010654,17179869184,140.000000000,1.0
0,365696,256,15,42377010654,17179869184,140.000000000,1.0
0,365952,256,15,42377010654,17179869184,140.000000000,1.0
0,366208,256,15,42377010654,17179869184,140.000000000,1.0
0,366464,256,15,42377010654,17179869184,140.000000000,1.0
0,366720,256,15,42377010654,17179869184,140.000000000,1.0
0,366976,256,15,42377010654,17179869184,140.000000000,1.0
0,367232,256,15,42377010654,17179869184,140.000000000,1.0
0,367488,256,15,42377010654,17179869184,140.000000000,1.0
0,367744,256,15,42377010654,17179869184,140.000000000,1.0
0,368000,256,15,42377010654,17179869184,140.000000000,1.0
0,368256,256,15,42377010654,17179869184,140.000000000,1.0
0,368512,256,15,42377010654,17179869184,140.000000000,1.0
0,368768,256,15,42377010654,17179869184,140.000000000,1.0
0,369024,256,15,42377010654,17179869184,140.000000000,1.0
0,369280,256,15,42377010654,17179869184,140.000000000,1.0
0,369536,256,15,42377010654,17179869184,140.000000000,1.0
0,369792,256,15,42377010654,17179869184,140.000000000,1.0
0,370048,256,15,42377010654,17179869184,140.000000000,1.0
0,370304,256,15,42377010654,17179869184,140.000000000,1.0
0,370560,256,15,42377010654,17179869184,140.000000000,1.0
0,370816,256,15,42377010654,17179869184,140.000000000,1.0
0,371072,256,15,42377010654,17179869184,140.000000000,1.0
0,371328,256,15,42377010654,17179869184,140.000000000,1.0
0,371584,256,15,42377010654,17179869184,140.000000000,1.0
0,371840,256,15,42377010654,17179869184,140.000000000,1.0
0,372096,256,15,42377010654,17179869184,140.000000000,1.0
0,372352,256,15,42377010654,17179869184,140.000000000,1.0
0,372608,256,15,42377010654,17179869184,140.000000000,1.0
0,372864,256,15,42377010654,17179869184,140.000000000,1.0
0,373120,256,15,42377010654,17179869184,140.000000000,1.0
0,373376,256,15,42377010654,17179869184,140.000000000,1.0
0,373632,256,15,42377010654,17179869184,140.000000000,1.0
0,373888,256,15,42377010654,17179869184,140.000000000,1.0
0,374144,256,15,42377010654,17179869184,140.000000000,1.0
0,374400,256,15,42377010654,17179869184,140.000000000,1.0
1,0,256,15,0,0,120.000000000,1.0
1,256,256,15,0,0,120.000000000,1.0
1,512,256,15,0,0,120.000000000,1.0
1,768,256,15,0,0,120.000000000,1.0
1,1024,256,15,0,0,120.000000000,1.0
1,1280,256,15,0,0,120.000000000,1.0
1,1536,256,15,0,0,120.000000000,1.0
1,1792,256,15,0,0,120.000000000,1.0
1,2048,256,15,0,0,120.000000000,1.0
1,2304,256,15,0,0,120.000000000,1.0
1,2560,256,15,0,0,120.000000000,1.0
1,2816,256,15,0,0,120.000000000,1.0
1,3072,256,15,0,0,120.000000000,1.0
1,3328,256,15,0,0,120.000000000,1.0
1,3584,256,15,0,0,120.000000000,1.0
1,3840,256,15,0,0,120.000000000,1.0
1,4096,256,15,0,0,120.000000000,1.0
1,4352,256,15,0,0,120.000000000,1.0
1,4608,256,15,0,0,120.000000000,1.0
1,4864,256,15,0,0,120.000000000,1.0
1,5120,256,15,0,0,120.000000000,1.0
1,5376,256,15,0,0,120.000000000,1.0
1,5632,256,15,0,0,120.000000000,1.0
1,5888,256,15,0,0,120.000000000,1.0
1,6144,256,15,0,0,120.000000000,1.0
1,6400,256,15,0,0,120.000000000,1.0
1,6656,256,15,0,0,120.000000000,1.0
1,6912,256,15,0,0,120.000000000,1.0
1,7168,256,15,0,0,120.000000000,1.0
1,7424,256,15,0,0,120.000000000,1.0
1,7680,256,15,0,0,120.000000000,1.0
1,7936,256,15,0,0,120.000000000,1.0
1,8192,256,15,0,0,120.000000000,1.0
1,8448,256,15,0,0,120.000000000,1.0
1,8704,256,15,0,0,120.000000000,1.0
1,8960,256,15,0,0,120.000000000,1.0
1,9216,256,15,0,0,120.000000000,1.0
1,9472,256,15,0,0,120.000000000,1.0
1,9728,256,15,0,0,120.000000000,1.0
1,9984,256,15,0,0,120.000000000,1.0
1,10240,256,15,0,0,120.000000000,1.0
1,10496,256,15,0,0,120.000000000,1.0
1,10752,256,15,0,0,120.000000000,1.0
1,11008,256,15,0,0,120.000000000,1.0
1,11264,256,15,0,0,120.000000000,1.0
1,11520,256,15,0,0,120.000000000,1.0
1,11776,256,15,0,0,120.000000000,1.0
1,12032,256,15,0,0,120.000000000,1.0
1,12288,256,15,0,0,120.000000000,1.0
1,12544,256,15,0,0,120.000000000,1.0
1,12800,256,15,0,0,120.000000000,1.0
1,13056,256,15,0,0,120.000000000,1.0
1,13312,256,15,0,0,120.000000000,1.0
1,13568,256,15,0,0,120.000000000,1.0
1,13824,256,15,0,0,120.000000000,1.0
1,14080,256,15,0,0,120.000000000,1.0
1,14336,256,15,0,0,120.000000000,1.0
1,14592,256,15,0,0,120.000000000,1.0
1,14848,256,15,0,0,120.000000000,1.0
1,15104,256,15,0,0,120.000000000,1.0
1,15360,256,15,0,0,120.000000000,1.0
1,15616,256,15,0,0,120.000000000,1.0
1,15872,256,15,0,0,120.000000000,1.0
1,16128,256,15,0,0,120.000000000,1.0
1,16384,256,15,0,0,120.000000000,1.0
1,16640,256,15,0,0,120.000000000,1.0
1,16896,256,15,0,0,120.000000000,1.0
1,17152,256,15,0,0,120.000000000,1.0
1,17408,256,15,0,0,120.000000000,1.0
1,17664,256,15,0,0,120.000000000,1.0
1,17920,256,15,0,0,120.000000000,1.0
1,18176,256,15,0,0,120.000000000,1.0
1,18432,256,15,0,0,120.000000000,1.0
1,18688,256,15,0,0,120.000000000,1.0
1,18944,256,15,0,0,120.000000000,1.0
1,19200,256,15,0,0,120.000000000,1.0
1,19456,256,15,0,0,120.000000000,1.0
1,19712,256,15,0,0,120.000000000,1.0
1,19968,256,15,0,0,120.000000000,1.0
1,20224,256,15,0,0,120.000000000,1.0
1,20480,256,15,0,0,120.000000000,1.0
1,20736,256,15,0,0,120.000000000,1.0
1,20992,256,15,0,0,120.000000000,1.0
1,21248,256,15,0,0,120.000000000,1.0
1,21504,256,15,0,0,120.000000000,1.0
1,21760,256,15,0,0,120.000000000,1.0
1,22016,256,15,0,0,120.000000000,1.0
1,22272,256,15,0,0,120.000000000,1.0
1,22528,256,15,0,0,120.000000000,1.0
1,22784,256,15,0,0,120.000000000,1.0
1,23040,256,15,0,0,120.000000000,1.0
1,23296,256,15,0,0,120.000000000,1.0
1,23552,256,15,0,0,120.000000000,1.0
1,23808,256,15,0,0,120.000000000,1.0
1,24064,256,15,0,0,120.000000000,1.0
1,24320,256,15,0,0,120.000000000,1.0
1,24576,256,15,0,0,120.000000000,1.0
1,24832,256,15,0,0,120.000000000,1.0
1,25088,256,15,0,0,120.000000000,1.0
1,25344,256,15,0,0,120.000000000,1.0
1,25600,256,15,0,0,120.000000000,1.0
1,25856,256,15,0,0,120.000000000,1.0
1,26112,256,15,0,0,120.000000000,1.0
1,26368,256,15,0,0,120.000000000,1.0
1,26624,256,15,0,0,120.000000000,1.0
1,26880,256,15,0,0,120.000000000,1.0
1,27136,256,15,0,0,120.000000000,1.0
1,27392,256,15,0,0,120.000000000,1.0
1,27648,256,15,0,0,120.000000000,1.0
1,27904,256,15,0,0,120.000000000,1.0
1,28160,256,15,0,0,120.000000000,1.0
1,28416,256,15,0,0,120.000000000,1.0
1,28672,256,15,0,0,120.000000000,1.0
1,28928,256,15,0,0,120.000000000,1.0
1,29184,256,15,0,0,120.000000000,1.0
1,29440,256,15,0,0,120.000000000,1.0
1,29696,256,15,0,0,120.000000000,1.0
1,29952,256,15,0,0,120.000000000,1.0
1,30208,256,15,0,0,120.000000000,1.0
1,30464,256,15,0,0,120.000000000,1.0
1,30720,256,15,0,0,120.000000000,1.0
1,30976,256,15,0,0,120.000000000,1.0
1,31232,256,15,0,0,120.000000000,1.0
1,31488,256,15,0,0,120.000000000,1.0
1,31744,256,15,0,0,120.000000000,1.0
1,32000,256,15,0,0,120.000000000,1.0
1,32256,256,15,0,0,120.000000000,1.0
1,32512,256,15,0,0,120.000000000,1.0
1,32768,256,15,0,0,120.000000000,1.0
1,33024,256,15,0,0,120.000000000,1.0
1,33280,256,15,0,0,120.000000000,1.0
1,33536,256,15,0,0,120.000000000,1.0
1,33792,256,15,0,0,120.000000000,1.0
1,34048,256,15,0,0,120.000000000,1.0
1,34304,256,15,0,0,120.000000000,1.0
1,34560,256,15,0,0,120.000000000,1.0
1,34816,256,15,0,0,120.000000000,1.0
1,35072,256,15,0,0,120.000000000,1.0
1,35328,256,15,0,0,120.000000000,1.0
1,35584,256,15,0,0,120.000000000,1.0
1,35840,256,15,0,0,120.000000000,1.0
1,36096,256,31,0,0,120.000000000,1.0
1,36352,256,31,22906492,11453246,120.000000000,1.0
1,36608,256,31,45812984,22906492,120.000000000,1.0
1,36864,256,31,68719477,34359738,120.000000000,1.0
1,37120,256,31,91625969,45812984,120.000000000,1.0
1,37376,256,31,114532461,57266231,120.000000000,1.0
1,37632,256,31,137438953,68719477,120.000000000,1.0
1,37888,256,31,160345446,80172723,120.000000000,1.0
1,38144,256,31,183251938,91625969,120.000000000,1.0
1,38400,256,31,206158430,103079215,120.000000000,1.0
1,38656,256,31,229064922,114532461,120.000000000,1.0
1,38912,256,31,251971415,125985707,120.000000000,1.0
1,39168,256,31,274877907,137438953,120.000000000,1.0
1,39424,256,31,297784399,148892200,120.000000000,1.0
1,39680,256,31,320690891,160345446,120.000000000,1.0
1,39936,256,31,343597384,171798692,120.000000000,1.0
1,40192,256,31,366503876,183251938,120.000000000,1.0
1,40448,256,31,389410368,194705184,120.000000000,1.0
1,40704,256,31,412316860,206158430,120.000000000,1.0
1,40960,256,31,435223353,217611676,120.000000000,1.0
1,41216,256,31,458129845,229064922,120.000000000,1.0
1,41472,256,31,481036337,240518169,120.000000000,1.0
1,41728,256,31,503942829,251971415,120.000000000,1.0
1,41984,256,31,526849322,263424661,120.000000000,1.0
1,42240,256,31,549755814,274877907,120.000000000,1.0
1,42496,256,31,572662306,286331153,120.000000000,1.0
1,42752,256,31,595568798,297784399,120.000000000,1.0
1,43008,256,31,618475291,309237645,120.000000000,1.0
1,43264,256,31,641381783,320690891,120.000000000,1.0
1,43520,256,31,664288275,332144138,120.000000000,1.0
1,43776,256,31,687194767,343597384,120.000000000,1.0
1,44032,256,31,710101260,355050630,120.000000000,1.0
1,44288,256,31,733007752,366503876,120.000000000,1.0
1,44544,256,31,755914244,377957122,120.000000000,1.0
1,44800,256,31,778820736,389410368,120.000000000,1.0
1,45056,256,31,801727229,400863614,120.000000000,1.0
1,45312,256,31,824633721,412316860,120.000000000,1.0
1,45568,256,31,847540213,423770107,120.000000000,1.0
1,45824,256,31,870446705,435223353,120.000000000,1.0
1,46080,256,31,893353198,446676599,120.000000000,1.0
1,46336,256,31,916259690,458129845,120.000000000,1.0
1,46592,256,31,939166182,469583091,120.000000000,1.0
1,46848,256,31,962072674,481036337,120.000000000,1.0
1,47104,256,31,984979167,492489583,120.000000000,1.0
1,47360,256,31,1007885659,503942829,120.000000000,1.0
1,47616,256,31,1030792151,515396076,120.000000000,1.0
1,47872,256,31,1053698643,526849322,120.000000000,1.0
1,48128,256,31,1076605136,538302568,120.000000000,1.0
1,48384,256,31,1099511628,549755814,120.000000000,1.0
1,48640,256,31,1122418120,561209060,120.000000000,1.0
1,48896,256,31,1145324612,572662306,120.000000000,1.0
1,49152,256,31,1168231105,584115552,120.000000000,1.0
1,49408,256,31,1191137597,595568798,120.000000000,1.0
1,49664,256,31,1214044089,607022045,120.000000000,1.0
1,49920,256,31,1236950581,618475291,120.000000000,1.0
1,50176,256,31,1259857073,629928537,120.000000000,1.0
1,50432,256,31,1282763566,641381783,120.000000000,1.0
1,50688,256,31,1305670058,652835029,120.000000000,1.0
1,50944,256,31,1328576550,664288275,120.000000000,1.0
1,51200,256,31,1351483042,675741521,120.000000000,1.0
1,51456,256,31,1374389535,687194767,120.000000000,1.0
1,51712,256,31,1397296027,698648013,120.000000000,1.0
1,51968,256,31,1420202519,710101260,120.000000000,1.0
1,52224,256,31,1443109011,721554506,120.000000000,1.0
1,52480,256,31,1466015504,733007752,120.000000000,1.0
1,52736,256,31,1488921996,744460998,120.000000000,1.0
1,52992,256,31,1511828488,755914244,120.000000000,1.0
1,53248,256,31,1534734980,767367490,120.000000000,1.0
1,53504,256,31,1557641473,778820736,120.000000000,1.0
1,53760,256,31,1580547965,790273982,120.000000000,1.0
1,54016,256,31,1603454457,801727229,120.000000000,1.0
1,54272,256,31,1626360949,813180475,120.000000000,1.0
1,54528,256,31,1649267442,824633721,120.000000000,1.0
1,54784,256,31,1672173934,836086967,120.000000000,1.0
1,55040,256,31,1695080426,847540213,120.000000000,1.0
1,55296,256,31,1717986918,858993459,120.000000000,1.0
1,55552,256,31,1740893411,870446705,120.000000000,1.0
1,55808,256,31,1763799903,881899951,120.000000000,1.0
1,56064,256,31,1786706395,893353198,120.000000000,1.0
1,56320,256,31,1809612887,904806444,120.000000000,1.0
1,56576,256,31,1832519380,916259690,120.000000000,1.0
1,56832,256,31,1855425872,927712936,120.000000000,1.0
1,57088,256,31,1878332364,939166182,120.000000000,1.0
1,57344,256,31,1901238856,950619428,120.000000000,1.0
1,57600,256,31,1924145349,962072674,120.000000000,1.0
1,57856,256,31,1947051841,973525920,120.000000000,1.0
1,58112,256,31,1969958333,984979167,120.000000000,1.0
1,58368,256,31,1992864825,996432413,120.000000000,1.0
1,58624,256,31,2015771318,1007885659,120.000000000,1.0
1,58880,256,31,2038677810,1019338905,120.000000000,1.0
1,59136,256,31,2061584302,1030792151,120.000000000,1.0
1,59392,256,31,2084490794,1042245397,120.000000000,1.0
1,59648,256,31,2107397287,1053698643,120.000000000,1.0
1,59904,256,31,2130303779,1065151889,120.000000000,1.0
1,60160,256,31,2153210271,1076605136,120.000000000,1.0
1,60416,256,31,2176116763,1088058382,120.000000000,1.0
1,60672,256,31,2199023256,1099511628,120.000000000,1.0
1,60928,256,31,2221929748,1110964874,120.000000000,1.0
1,61184,256,31,2244836240,1122418120,120.000000000,1.0
1,61440,256,31,2267742732,1133871366,120.000000000,1.0
1,61696,256,31,2290649225,1145324612,120.000000000,1.0
1,61952,256,31,2313555717,1156777858,120.000000000,1.0
1,62208,256,31,2336462209,1168231105,120.000000000,1.0
1,62464,256,31,2359368701,1179684351,120.000000000,1.0
1,62720,256,31,2382275194,1191137597,120.000000000,1.0
1,62976,256,31,2405181686,1202590843,120.000000000,1.0
1,63232,256,31,2428088178,1214044089,120.000000000,1.0
1,63488,256,31,2450994670,1225497335,120.000000000,1.0
1,63744,256,31,2473901162,1236950581,120.000000000,1.0
1,64000,256,31,2496807655,1248403827,120.000000000,1.0
1,64256,256,31,2519714147,1259857073,120.000000000,1.0
1,64512,256,31,2542620639,1271310320,120.000000000,1.0
1,64768,256,31,2565527131,1282763566,120.000000000,1.0
1,65024,256,31,2588433624,1294216812,120.000000000,1.0
1,65280,256,31,2611340116,1305670058,120.000000000,1.0
1,65536,256,31,2634246608,1317123304,120.000000000,1.0
1,65792,256,31,2657153100,1328576550,120.000000000,1.0
1,66048,256,31,2680059593,1340029796,120.000000000,1.0
1,66304,256,31,2702966085,1351483042,120.000000000,1.0
1,66560,256,31,2725872577,1362936289,120.000000000,1.0
1,66816,256,31,2748779069,1374389535,120.000000000,1.0
1,67072,256,31,2771685562,1385842781,120.000000000,1.0
1,67328,256,31,2794592054,1397296027,120.000000000,1.0
1,67584,256,31,2817498546,1408749273,120.000000000,1.0
1,67840,256,31,2840405038,1420202519,120.000000000,1.0
1,68096,256,31,2863311531,1431655765,120.000000000,1.0
1,68352,256,31,2886218023,1443109011,120.000000000,1.0
1,68608,256,31,2909124515,1454562258,120.000000000,1.0
1,68864,256,31,2932031007,1466015504,120.000000000,1.0
1,69120,256,31,2954937500,1477468750,120.000000000,1.0
1,69376,256,31,2977843992,1488921996,120.000000000,1.0
1,69632,256,31,3000750484,1500375242,120.000000000,1.0
1,69888,256,31,3023656976,1511828488,120.000000000,1.0
1,70144,256,31,3046563469,1523281734,120.000000000,1.0
1,70400,256,31,3069469961,1534734980,120.000000000,1.0
1,70656,256,31,3092376453,1546188227,120.000000000,1.0
1,70912,256,31,3115282945,1557641473,120.000000000,1.0
1,71168,256,31,3138189438,1569094719,120.000000000,1.0
1,71424,256,31,3161095930,1580547965,120.000000000,1.0
1,71680,256,31,3184002422,1592001211,120.000000000,1.0
1,71936,256,31,3206908914,1603454457,120.000000000,1.0
1,72192,256,31,3229815407,1614907703,120.000000000,1.0
1,72448,256,31,3252721899,1626360949,120.000000000,1.0
1,72704,256,31,3275628391,1637814196,120.000000000,1.0
1,72960,256,31,3298534883,1649267442,120.000000000,1.0
1,73216,256,31,3321441376,1660720688,120.000000000,1.0
1,73472,256,31,3344347868,1672173934,120.000000000,1.0
1,73728,256,31,3367254360,1683627180,120.000000000,1.0
1,73984,256,31,3390160852,1695080426,120.000000000,1.0
1,74240,256,31,3413067345,1706533672,120.000000000,1.0
1,74496,256,31,3435973837,1717986918,120.000000000,1.0
1,74752,256,31,3458880329,1729440165,120.000000000,1.0
1,75008,256,31,3481786821,1740893411,120.000000000,1.0
1,75264,256,31,3504693314,1752346657,120.000000000,1.0
1,75520,256,31,3527599806,1763799903,120.000000000,1.0
1,75776,256,31,3550506298,1775253149,120.000000000,1.0
1,76032,256,31,3573412790,1786706395,120.000000000,1.0
1,76288,256,31,3596319283,1798159641,120.000000000,1.0
1,76544,256,31,3619225775,1809612887,120.000000000,1.0
1,76800,256,31,3642132267,1821066134,120.000000000,1.0
1,77056,256,31,3665038759,1832519380,120.000000000,1.0
1,77312,256,31,3687945251,1843972626,120.000000000,1.0
1,77568,256,31,3710851744,1855425872,120.000000000,1.0
1,77824,256,31,3733758236,1866879118,120.000000000,1.0
1,78080,256,31,3756664728,1878332364,120.000000000,1.0
1,78336,256,31,3779571220,1889785610,120.000000000,1.0
1,78592,256,31,3802477713,1901238856,120.000000000,1.0
1,78848,256,31,3825384205,1912692102,120.000000000,1.0
1,79104,256,31,3848290697,1924145349,120.000000000,1.0
1,79360,256,31,3871197189,1935598595,120.000000000,1.0
1,79616,256,31,3894103682,1947051841,120.000000000,1.0
1,79872,256,31,3917010174,1958505087,120.000000000,1.0
1,80128,256,31,3939916666,1969958333,120.000000000,1.0
1,80384,256,31,3962823158,1981411579,120.000000000,1.0
1,80640,256,31,3985729651,1992864825,120.000000000,1.0
1,80896,256,31,4008636143,2004318071,120.000000000,1.0
1,81152,256,31,4031542635,2015771318,120.000000000,1.0
1,81408,256,31,4054449127,2027224564,120.000000000,1.0
1,81664,256,31,4077355620,2038677810,120.000000000,1.0
1,81920,256,31,4100262112,2050131056,120.000000000,1.0
1,82176,256,31,4123168604,2061584302,120.000000000,1.0
1,82432,256,31,4146075096,2073037548,120.000000000,1.0
1,82688,256,31,4168981589,2084490794,120.000000000,1.0
1,82944,256,31,4191888081,2095944040,120.000000000,1.0
1,83200,256,31,4214794573,2107397287,120.000000000,1.0
1,83456,256,31,4237701065,2118850533,120.000000000,1.0
1,83712,256,31,4260607558,2130303779,120.000000000,1.0
1,83968,256,31,4283514050,2141757025,120.000000000,1.0
1,84224,256,31,4306420542,2153210271,120.000000000,1.0
1,84480,256,31,4329327034,2164663517,120.000000000,1.0
1,84736,256,31,4352233527,2176116763,120.000000000,1.0
1,84992,256,31,4375140019,2187570009,120.000000000,1.0
1,85248,256,31,4398046511,2199023256,120.000000000,1.0
1,85504,256,31,4420953003,2210476502,120.000000000,1.0
1,85760,256,31,4443859496,2221929748,120.000000000,1.0
1,86016,256,31,4466765988,2233382994,120.000000000,1.0
1,86272,256,31,4489672480,2244836240,120.000000000,1.0
1,86528,256,31,4512578972,2256289486,120.000000000,1.0
1,86784,256,31,4535485465,2267742732,120.000000000,1.0
1,87040,256,31,4558391957,2279195978,120.000000000,1.0
1,87296,256,31,4581298449,2290649225,120.000000000,1.0
1,87552,256,31,4604204941,2302102471,120.000000000,1.0
1,87808,256,31,4627111434,2313555717,120.000000000,1.0
1,88064,256,31,4650017926,2325008963,120.000000000,1.0
1,88320,256,31,4672924418,2336462209,120.000000000,1.0
1,88576,256,31,4695830910,2347915455,120.000000000,1.0
1,88832,256,31,4718737403,2359368701,120.000000000,1.0
1,89088,256,31,4741643895,2370821947,120.000000000,1.0
1,89344,256,31,4764550387,2382275194,120.000000000,1.0
1,89600,256,31,4787456879,2393728440,120.000000000,1.0
1,89856,256,31,4810363372,2405181686,120.000000000,1.0
1,90112,256,31,4833269864,2416634932,120.000000000,1.0
1,90368,256,31,4856176356,2428088178,120.000000000,1.0
1,90624,256,31,4879082848,2439541424,120.000000000,1.0
1,90880,256,31,4901989341,2450994670,120.000000000,1.0
1,91136,256,31,4924895833,2462447916,120.000000000,1.0
1,91392,256,31,4947802325,2473901162,120.000000000,1.0
1,91648,256,31,5188298124,2075319250,150.000000000,1.0
1,91904,256,31,5216931239,2086772496,150.000000000,1.0
1,92160,256,31,5245564355,2098225742,150.000000000,1.0
1,92416,256,31,5274197470,2109678988,150.000000000,1.0
1,92672,256,31,5302830585,2121132234,150.000000000,1.0
1,92928,256,31,5331463700,2132585480,150.000000000,1.0
1,93184,256,31,5360096816,2144038726,150.000000000,1.0
1,93440,256,31,5388729931,2155491972,150.000000000,1.0
1,93696,256,31,5417363046,2166945219,150.000000000,1.0
1,93952,256,31,5445996162,2178398465,150.000000000,1.0
1,94208,256,31,5474629277,2189851711,150.000000000,1.0
1,94464,256,31,5503262392,2201304957,150.000000000,1.0
1,94720,256,31,5531895508,2212758203,150.000000000,1.0
1,94976,256,31,5560528623,2224211449,150.000000000,1.0
1,95232,256,31,5589161738,2235664695,150.000000000,1.0
1,95488,256,31,5617794854,2247117941,150.000000000,1.0
1,95744,256,31,5646427969,2258571188,150.000000000,1.0
1,96000,256,31,5675061084,2270024434,150.000000000,1.0
1,96256,256,31,5703694199,2281477680,150.000000000,1.0
1,96512,256,31,5732327315,2292930926,150.000000000,1.0
1,96768,256,31,5760960430,2304384172,150.000000000,1.0
1,97024,256,31,5789593545,2315837418,150.000000000,1.0
1,97280,256,31,5818226661,2327290664,150.000000000,1.0
1,97536,256,31,5846859776,2338743910,150.000000000,1.0
1,97792,256,31,5875492891,2350197157,150.000000000,1.0
1,98048,256,31,5904126007,2361650403,150.000000000,1.0
1,98304,256,31,5932759122,2373103649,150.000000000,1.0
1,98560,256,31,5961392237,2384556895,150.000000000,1.0
1,98816,256,31,5990025353,2396010141,150.000000000,1.0
1,99072,256,31,6018658468,2407463387,150.000000000,1.0
1,99328,256,31,6047291583,2418916633,150.000000000,1.0
1,99584,256,31,6075924698,2430369879,150.000000000,1.0
1,99840,256,31,6104557814,2441823126,150.000000000,1.0
1,100096,256,31,6133190929,2453276372,150.000000000,1.0
1,100352,256,31,6161824044,2464729618,150.000000000,1.0
1,100608,256,31,6190457160,2476182864,150.000000000,1.0
1,100864,256,31,6219090275,2487636110,150.000000000,1.0
1,101120,256,31,6247723390,2499089356,150.000000000,1.0
1,101376,256,31,6276356506,2510542602,150.000000000,1.0
1,101632,256,31,6304989621,2521995848,150.000000000,1.0
1,101888,256,31,6333622736,2533449094,150.000000000,1.0
1,102144,256,31,6362255852,2544902341,150.000000000,1.0
1,102400,256,31,6390888967,2556355587,150.000000000,1.0
1,102656,256,31,6419522082,2567808833,150.000000000,1.0
1,102912,256,31,6448155197,2579262079,150.000000000,1.0
1,103168,256,31,6476788313,2590715325,150.000000000,1.0
1,103424,256,31,6505421428,2602168571,150.000000000,1.0
1,103680,256,31,6534054543,2613621817,150.000000000,1.0
1,103936,256,31,6562687659,2625075063,150.000000000,1.0
1,104192,256,31,6591320774,2636528310,150.000000000,1.0
1,104448,256,31,6619953889,2647981556,150.000000000,1.0
1,104704,256,31,6648587005,2659434802,150.000000000,1.0
1,104960,256,31,6677220120,2670888048,150.000000000,1.0
1,105216,256,31,6705853235,2682341294,150.000000000,1.0
1,105472,256,31,6734486351,2693794540,150.000000000,1.0
1,105728,256,31,6763119466,2705247786,150.000000000,1.0
1,105984,256,31,6791752581,2716701032,150.000000000,1.0
1,106240,256,31,6820385696,2728154279,150.000000000,1.0
1,106496,256,31,6849018812,2739607525,150.000000000,1.0
1,106752,256,31,6877651927,2751060771,150.000000000,1.0
1,107008,256,31,6906285042,2762514017,150.000000000,1.0
1,107264,256,31,6934918158,2773967263,150.000000000,1.0
1,107520,256,31,6963551273,2785420509,150.000000000,1.0
1,107776,256,31,6992184388,2796873755,150.000000000,1.0
1,108032,256,31,7020817504,2808327001,150.000000000,1.0
1,108288,256,31,7049450619,2819780248,150.000000000,1.0
1,108544,256,31,7078083734,2831233494,150.000000000,1.0
1,108800,256,31,7106716849,2842686740,150.000000000,1.0
1,109056,256,31,7135349965,2854139986,150.000000000,1.0
1,109312,256,31,7163983080,2865593232,150.000000000,1.0
1,109568,256,31,7192616195,2877046478,150.000000000,1.0
1,109824,256,31,7221249311,2888499724,150.000000000,1.0
1,110080,256,31,7249882426,2899952970,150.000000000,1.0
1,110336,256,31,7278515541,2911406217,150.000000000,1.0
1,110592,256,31,7307148657,2922859463,150.000000000,1.0
1,110848,256,31,7335781772,2934312709,150.000000000,1.0
1,111104,256,31,7364414887,2945765955,150.000000000,1.0
1,111360,256,31,7393048003,2957219201,150.000000000,1.0
1,111616,256,31,7421681118,2968672447,150.000000000,1.0
1,111872,256,31,7450314233,2980125693,150.000000000,1.0
1,112128,256,31,7478947348,2991578939,150.000000000,1.0
1,112384,256,31,7507580464,3003032186,150.000000000,1.0
1,112640,256,31,7536213579,3014485432,150.000000000,1.0
1,112896,256,31,7564846694,3025938678,150.000000000,1.0
1,113152,256,31,7593479810,3037391924,150.000000000,1.0
1,113408,256,31,7622112925,3048845170,150.000000000,1.0
1,113664,256,31,7650746040,3060298416,150.000000000,1.0
1,113920,256,31,7679379156,3071751662,150.000000000,1.0
1,114176,256,31,7708012271,3083204908,150.000000000,1.0
1,114432,256,31,7736645386,3094658154,150.000000000,1.0
1,114688,256,31,7765278502,3106111401,150.000000000,1.0
1,114944,256,31,7793911617,3117564647,150.000000000,1.0
1,115200,256,31,7822544732,3129017893,150.000000000,1.0
1,115456,256,31,7851177847,3140471139,150.000000000,1.0
1,115712,256,31,7879810963,3151924385,150.000000000,1.0
1,115968,256,31,7908444078,3163377631,150.000000000,1.0
1,116224,256,31,7937077193,3174830877,150.000000000,1.0
1,116480,256,31,7965710309,3186284123,150.000000000,1.0
1,116736,256,31,42377010654,17179869184,140.000000000,1.0
1,116992,256,31,42403734895,17191322430,140.000000000,1.0
1,117248,256,31,42430459136,17202775676,140.000000000,1.0
1,117504,256,31,42457183377,17214228922,140.000000000,1.0
1,117760,256,31,42483907618,17225682168,140.000000000,1.0
1,118016,256,31,42510631859,17237135415,140.000000000,1.0
1,118272,256,31,42537356100,17248588661,140.000000000,1.0
1,118528,256,31,42564080341,17260041907,140.000000000,1.0
1,118784,256,31,42590804581,17271495153,140.000000000,1.0
1,119040,256,31,42617528822,17282948399,140.000000000,1.0
1,119296,256,31,42644253063,17294401645,140.000000000,1.0
1,119552,256,31,42670977304,17305854891,140.000000000,1.0
1,119808,256,31,42697701545,17317308137,140.000000000,1.0
1,120064,256,31,42724425786,17328761384,140.000000000,1.0
1,120320,256,31,42751150027,17340214630,140.000000000,1.0
1,120576,256,31,42777874268,17351667876,140.000000000,1.0
1,120832,256,31,42804598509,17363121122,140.000000000,1.0
1,121088,256,31,42831322750,17374574368,140.000000000,1.0
1,121344,256,31,42858046991,17386027614,140.000000000,1.0
1,121600,256,31,42884771232,17397480860,140.000000000,1.0
1,121856,256,31,42911495473,17408934106,140.000000000,1.0
1,122112,256,31,42938219714,17420387353,140.000000000,1.0
1,122368,256,31,42964943955,17431840599,140.000000000,1.0
1,122624,256,31,42991668196,17443293845,140.000000000,1.0
1,122880,256,31,43018392437,17454747091,140.000000000,1.0
1,123136,256,31,43045116678,17466200337,140.000000000,1.0
1,123392,256,31,43071840919,17477653583,140.000000000,1.0
1,123648,256,31,43098565160,17489106829,140.000000000,1.0
1,123904,256,31,43125289401,17500560075,140.000000000,1.0
1,124160,256,31,43152013642,17512013322,140.000000000,1.0
1,124416,256,31,43178737882,17523466568,140.000000000,1.0
1,124672,256,31,43205462123,17534919814,140.000000000,1.0
1,124928,256,31,43232186364,17546373060,140.000000000,1.0
1,125184,256,31,43258910605,17557826306,140.000000000,1.0
1,125440,256,31,43285634846,17569279552,140.000000000,1.0
1,125696,256,31,43312359087,17580732798,140.000000000,1.0
1,125952,256,31,43339083328,17592186044,140.000000000,1.0
1,126208,256,31,43365807569,17603639291,140.000000000,1.0
1,126464,256,31,43392531810,17615092537,140.000000000,1.0
1,126720,256,31,43419256051,17626545783,140.000000000,1.0
1,126976,256,31,43445980292,17637999029,140.000000000,1.0
1,127232,256,31,43472704533,17649452275,140.000000000,1.0
1,127488,256,31,43499428774,17660905521,140.000000000,1.0
1,127744,256,31,43526153015,17672358767,140.000000000,1.0
1,128000,256,31,43552877256,17683812013,140.000000000,1.0
1,128256,256,31,43579601497,17695265260,140.000000000,1.0
1,128512,256,31,43606325738,17706718506,140.000000000,1.0
1,128768,256,31,43633049979,17718171752,140.000000000,1.0
1,129024,256,31,43659774220,17729624998,140.000000000,1.0
1,129280,256,31,43686498461,17741078244,140.000000000,1.0
1,129536,256,31,43713222702,17752531490,140.000000000,1.0
1,129792,256,31,43739946942,17763984736,140.000000000,1.0
1,130048,256,31,43766671183,17775437982,140.000000000,1.0
1,130304,256,31,43793395424,17786891229,140.000000000,1.0
1,130560,256,31,43820119665,17798344475,140.000000000,1.0
1,130816,256,31,43846843906,17809797721,140.000000000,1.0
1,131072,256,31,43873568147,17821250967,140.000000000,1.0
1,131328,256,31,43900292388,17832704213,140.000000000,1.0
1,131584,256,31,43927016629,17844157459,140.000000000,1.0
1,131840,256,31,43953740870,17855610705,140.000000000,1.0
1,132096,256,31,43980465111,17867063951,140.000000000,1.0
1,132352,256,31,44007189352,17878517197,140.000000000,1.0
1,132608,256,31,44033913593,17889970444,140.000000000,1.0
1,132864,256,31,44060637834,17901423690,140.000000000,1.0
1,133120,256,31,44087362075,17912876936,140.000000000,1.0
1,133376,256,31,44114086316,17924330182,140.000000000,1.0
1,133632,256,31,44140810557,17935783428,140.000000000,1.0
1,133888,256,31,44167534798,17947236674,140.000000000,1.0
1,134144,256,31,44194259039,17958689920,140.000000000,1.0
1,134400,256,31,44220983280,17970143166,140.000000000,1.0
1,134656,256,31,44247707521,17981596413,140.000000000,1.0
1,134912,256,31,44274431762,17993049659,140.000000000,1.0
1,135168,256,31,44301156002,18004502905,140.000000000,1.0
1,135424,256,31,44327880243,18015956151,140.000000000,1.0
1,135680,256,31,44354604484,18027409397,140.000000000,1.0
1,135936,256,31,44381328725,18038862643,140.000000000,1.0
1,136192,256,31,44408052966,18050315889,140.000000000,1.0
1,136448,256,31,44434777207,18061769135,140.000000000,1.0
1,136704,256,31,44461501448,18073222382,140.000000000,1.0
1,136960,256,31,44488225689,18084675628,140.000000000,1.0
1,137216,256,31,44514949930,18096128874,140.000000000,1.0
1,137472,256,31,44541674171,18107582120,140.000000000,1.0
1,137728,256,31,44568398412,18119035366,140.000000000,1.0
1,137984,256,31,44595122653,18130488612,140.000000000,1.0
1,138240,256,31,44621846894,18141941858,140.000000000,1.0
1,138496,256,31,44648571135,18153395104,140.000000000,1.0
1,138752,256,31,44675295376,18164848351,140.000000000,1.0
1,139008,256,31,44702019617,18176301597,140.000000000,1.0
1,139264,256,31,44728743858,18187754843,140.000000000,1.0
1,139520,256,31,44755468099,18199208089,140.000000000,1.0
1,139776,256,31,44782192340,18210661335,140.000000000,1.0
1,140032,256,31,44808916581,18222114581,140.000000000,1.0
1,140288,256,31,44835640822,18233567827,140.000000000,1.0
1,140544,256,31,44862365062,18245021073,140.000000000,1.0
1,140800,256,31,44889089303,18256474320,140.000000000,1.0
1,141056,256,31,44915813544,18267927566,140.000000000,1.0
1,141312,256,31,44942537785,18279380812,140.000000000,1.0
1,141568,256,31,44969262026,18290834058,140.000000000,1.0
1,141824,256,31,44995986267,18302287304,140.000000000,1.0
1,142080,256,31,45022710508,18313740550,140.000000000,1.0
1,142336,256,31,45049434749,18325193796,140.000000000,1.0
1,142592,256,31,45076158990,18336647042,140.000000000,1.0
1,142848,256,31,45102883231,18348100289,140.000000000,1.0
1,143104,256,31,45129607472,18359553535,140.000000000,1.0
1,143360,256,31,45156331713,18371006781,140.000000000,1.0
1,143616,256,31,45183055954,18382460027,140.000000000,1.0
1,143872,256,31,45209780195,18393913273,140.000000000,1.0
1,144128,256,31,45236504436,18405366519,140.000000000,1.0
1,144384,256,31,45263228677,18416819765,140.000000000,1.0
1,144640,256,31,45289952918,18428273011,140.000000000,1.0
1,144896,256,31,45316677159,18439726257,140.000000000,1.0
1,145152,256,31,45343401400,18451179504,140.000000000,1.0
1,145408,256,31,45370125641,18462632750,140.000000000,1.0
1,145664,256,31,45396849882,18474085996,140.000000000,1.0
1,145920,256,31,45423574122,18485539242,140.000000000,1.0
1,146176,256,31,45450298363,18496992488,140.000000000,1.0
1,146432,256,31,45477022604,18508445734,140.000000000,1.0
1,146688,256,31,45503746845,18519898980,140.000000000,1.0
1,146944,256,31,45530471086,18531352226,140.000000000,1.0
1,147200,256,31,45557195327,18542805473,140.000000000,1.0
1,147456,256,31,45583919568,18554258719,140.000000000,1.0
1,147712,256,31,45610643809,18565711965,140.000000000,1.0
1,147968,256,31,45637368050,18577165211,140.000000000,1.0
1,148224,256,31,45664092291,18588618457,140.000000000,1.0
1,148480,256,31,45690816532,18600071703,140.000000000,1.0
1,148736,256,31,45717540773,18611524949,140.000000000,1.0
1,148992,256,31,45744265014,18622978195,140.000000000,1.0
1,149248,256,31,45770989255,18634431442,140.000000000,1.0
1,149504,256,31,45797713496,18645884688,140.000000000,1.0
1,149760,256,31,45824437737,18657337934,140.000000000,1.0
1,150016,256,31,45851161978,18668791180,140.000000000,1.0
1,150272,256,31,45877886219,18680244426,140.000000000,1.0
1,150528,256,31,45904610460,18691697672,140.000000000,1.0
1,150784,256,31,45931334701,18703150918,140.000000000,1.0
1,151040,256,31,45958058942,18714604164,140.000000000,1.0
1,151296,256,31,45984783183,18726057411,140.000000000,1.0
1,151552,256,31,46011507423,18737510657,140.000000000,1.0
1,151808,256,31,46038231664,18748963903,140.000000000,1.0
1,152064,256,31,46064955905,18760417149,140.000000000,1.0
1,152320,256,31,46091680146,18771870395,140.000000000,1.0
1,152576,256,31,46118404387,18783323641,140.000000000,1.0
1,152832,256,31,46145128628,18794776887,140.000000000,1.0
1,153088,256,31,46171852869,18806230133,140.000000000,1.0
1,153344,256,31,46198577110,18817683380,140.000000000,1.0
1,153600,256,31,46225301351,18829136626,140.000000000,1.0
1,153856,256,31,46252025592,18840589872,140.000000000,1.0
1,154112,256,31,46278749833,18852043118,140.000000000,1.0
1,154368,256,31,46305474074,18863496364,140.000000000,1.0
1,154624,256,31,46332198315,18874949610,140.000000000,1.0
1,154880,256,31,46358922556,18886402856,140.000000000,1.0
1,155136,256,31,46385646797,18897856102,140.000000000,1.0
1,155392,256,31,46412371038,18909309349,140.000000000,1.0
1,155648,256,31,46439095279,18920762595,140.000000000,1.0
1,155904,256,31,46465819520,18932215841,140.000000000,1.0
1,156160,256,31,46492543761,18943669087,140.000000000,1.0
1,156416,256,31,46519268002,18955122333,140.000000000,1.0
1,156672,256,31,46545992243,18966575579,140.000000000,1.0
1,156928,256,31,46572716483,18978028825,140.000000000,1.0
1,157184,256,31,46599440724,18989482071,140.000000000,1.0
1,157440,256,31,46626164965,19000935318,140.000000000,1.0
1,157696,256,31,46652889206,19012388564,140.000000000,1.0
1,157952,256,31,46679613447,19023841810,140.000000000,1.0
1,158208,256,31,46706337688,19035295056,140.000000000,1.0
1,158464,256,31,46733061929,19046748302,140.000000000,1.0
1,158720,256,31,46759786170,19058201548,140.000000000,1.0
1,158976,256,31,46786510411,19069654794,140.000000000,1.0
1,159232,256,31,46813234652,19081108040,140.000000000,1.0
1,159488,256,31,46839958893,19092561286,140.000000000,1.0
1,159744,256,31,46866683134,19104014533,140.000000000,1.0
1,160000,256,31,46893407375,19115467779,140.000000000,1.0
1,160256,256,31,46920131616,19126921025,140.000000000,1.0
1,160512,256,31,46946855857,19138374271,140.000000000,1.0
1,160768,256,31,46973580098,19149827517,140.000000000,1.0
1,161024,256,31,47000304339,19161280763,140.000000000,1.0
1,161280,256,31,47027028580,19172734009,140.000000000,1.0
1,161536,256,31,47053752821,19184187255,140.000000000,1.0
1,161792,256,31,47080477062,19195640502,140.000000000,1.0
1,162048,256,31,47107201303,19207093748,140.000000000,1.0
1,162304,256,31,47133925543,19218546994,140.000000000,1.0
1,162560,256,31,47160649784,19230000240,140.000000000,1.0
1,162816,256,31,47187374025,19241453486,140.000000000,1.0
1,163072,256,31,47214098266,19252906732,140.000000000,1.0
1,163328,256,31,47240822507,19264359978,140.000000000,1.0
1,163584,256,31,47267546748,19275813224,140.000000000,1.0
1,163840,256,31,47294270989,19287266471,140.000000000,1.0
1,164096,256,31,47320995230,19298719717,140.000000000,1.0
1,164352,256,31,47347719471,19310172963,140.000000000,1.0
1,164608,256,31,47374443712,19321626209,140.000000000,1.0
1,164864,256,31,47401167953,19333079455,140.000000000,1.0
1,165120,256,31,47427892194,19344532701,140.000000000,1.0
1,165376,256,31,47454616435,19355985947,140.000000000,1.0
1,165632,256,31,47481340676,19367439193,140.000000000,1.0
1,165888,256,31,47508064917,19378892440,140.000000000,1.0
1,166144,256,31,47534789158,19390345686,140.000000000,1.0
1,166400,256,31,47561513399,19401798932,140.000000000,1.0
1,166656,256,31,47588237640,19413252178,140.000000000,1.0
1,166912,256,31,47614961881,19424705424,140.000000000,1.0
1,167168,256,31,47641686122,19436158670,140.000000000,1.0
1,167424,256,31,47668410363,19447611916,140.000000000,1.0
1,167680,256,31,47695134603,19459065162,140.000000000,1.0
1,167936,256,31,47721858844,19470518409,140.000000000,1.0
1,168192,256,31,47748583085,19481971655,140.000000000,1.0
1,168448,256,31,47775307326,19493424901,140.000000000,1.0
1,168704,256,31,47802031567,19504878147,140.000000000,1.0
1,168960,256,31,47828755808,19516331393,140.000000000,1.0
1,169216,256,31,47855480049,19527784639,140.000000000,1.0
1,169472,256,31,47882204290,19539237885,140.000000000,1.0
1,169728,256,31,47908928531,19550691131,140.000000000,1.0
1,169984,256,31,47935652772,19562144378,140.000000000,1.0
1,170240,256,31,47962377013,19573597624,140.000000000,1.0
1,170496,256,31,47989101254,19585050870,140.000000000,1.0
1,170752,256,31,48015825495,19596504116,140.000000000,1.0
1,171008,256,31,48042549736,19607957362,140.000000000,1.0
1,171264,256,31,48069273977,19619410608,140.000000000,1.0
1,171520,256,31,48095998218,19630863854,140.000000000,1.0
1,171776,256,31,48122722459,19642317100,140.000000000,1.0
1,172032,256,31,48149446700,19653770346,140.000000000,1.0
1,172288,256,31,48176170941,19665223593,140.000000000,1.0
1,172544,256,31,48202895182,19676676839,140.000000000,1.0
1,172800,256,31,48229619423,19688130085,140.000000000,1.0
1,173056,256,31,48256343664,19699583331,140.000000000,1.0
1,173312,256,95,48283067904,19711036577,140.000000000,1.0
1,173568,256,95,48309792145,19722489823,140.000000000,1.0
1,173824,256,95,48336516386,19733943069,140.000000000,1.0
1,174080,256,95,48363240627,19745396315,140.000000000,1.0
1,174336,256,95,48389964868,19756849562,140.000000000,1.0
1,174592,256,95,42417097015,17197049053,140.000000000,1.0
1,174848,256,95,42443821256,17208502299,140.000000000,1.0
1,175104,256,95,42470545497,17219955545,140.000000000,1.0
1,175360,256,95,42497269738,17231408792,140.000000000,1.0
1,175616,256,95,42523993979,17242862038,140.000000000,1.0
1,175872,256,95,42550718220,17254315284,140.000000000,1.0
1,176128,256,95,42577442461,17265768530,140.000000000,1.0
1,176384,256,95,42604166702,17277221776,140.000000000,1.0
1,176640,256,95,42630890943,17288675022,140.000000000,1.0
1,176896,256,95,42657615184,17300128268,140.000000000,1.0
1,177152,256,95,42684339425,17311581514,140.000000000,1.0
1,177408,256,95,42711063666,17323034761,140.000000000,1.0
1,177664,256,95,42737787907,17334488007,140.000000000,1.0
1,177920,256,95,42764512148,17345941253,140.000000000,1.0
1,178176,256,95,42791236389,17357394499,140.000000000,1.0
1,178432,256,95,42817960630,17368847745,140.000000000,1.0
1,178688,256,95,42844684871,17380300991,140.000000000,1.0
1,178944,256,95,42871409111,17391754237,140.000000000,1.0
1,179200,256,95,42898133352,17403207483,140.000000000,1.0
1,179456,256,95,42924857593,17414660730,140.000000000,1.0
1,179712,256,95,42951581834,17426113976,140.000000000,1.0
1,179968,256,95,42978306075,17437567222,140.000000000,1.0
1,180224,256,95,43005030316,17449020468,140.000000000,1.0
1,180480,256,95,43031754557,17460473714,140.000000000,1.0
1,180736,256,95,43058478798,17471926960,140.000000000,1.0
1,180992,256,95,43085203039,17483380206,140.000000000,1.0
1,181248,256,95,43111927280,17494833452,140.000000000,1.0
1,181504,256,95,43138651521,17506286698,140.000000000,1.0
1,181760,256,95,43165375762,17517739945,140.000000000,1.0
1,182016,256,95,43192100003,17529193191,140.000000000,1.0
1,182272,256,95,43218824244,17540646437,140.000000000,1.0
1,182528,256,95,43245548485,17552099683,140.000000000,1.0
1,182784,256,95,43272272726,17563552929,140.000000000,1.0
1,183040,256,95,43298996967,17575006175,140.000000000,1.0
1,183296,256,95,43325721208,17586459421,140.000000000,1.0
1,183552,256,95,43352445449,17597912667,140.000000000,1.0
1,183808,256,95,43379169690,17609365914,140.000000000,1.0
1,184064,256,95,43405893931,17620819160,140.000000000,1.0
1,184320,256,95,43432618172,17632272406,140.000000000,1.0
1,184576,256,95,43459342412,17643725652,140.000000000,1.0
1,184832,256,95,43486066653,17655178898,140.000000000,1.0
1,185088,256,95,43512790894,17666632144,140.000000000,1.0
1,185344,256,95,43539515135,17678085390,140.000000000,1.0
1,185600,256,95,43566239376,17689538636,140.000000000,1.0
1,185856,256,95,43592963617,17700991883,140.000000000,1.0
1,186112,256,95,43619687858,17712445129,140.000000000,1.0
1,186368,256,95,43646412099,17723898375,140.000000000,1.0
1,186624,256,95,43673136340,17735351621,140.000000000,1.0
1,186880,256,95,43699860581,17746804867,140.000000000,1.0
1,187136,256,95,43726584822,17758258113,140.000000000,1.0
1,187392,256,95,43753309063,17769711359,140.000000000,1.0
1,187648,256,95,43780033304,17781164605,140.000000000,1.0
1,187904,256,95,43806757545,17792617852,140.000000000,1.0
1,188160,256,95,43833481786,17804071098,140.000000000,1.0
1,188416,256,95,43860206027,17815524344,140.000000000,1.0
1,188672,256,95,43886930268,17826977590,140.000000000,1.0
1,188928,256,95,43913654509,17838430836,140.000000000,1.0
1,189184,256,95,43940378750,17849884082,140.000000000,1.0
1,189440,256,95,43967102991,17861337328,140.000000000,1.0
1,189696,256,95,43993827232,17872790574,140.000000000,1.0
1,189952,256,95,44020551472,17884243821,140.000000000,1.0
1,190208,256,95,44047275713,17895697067,140.000000000,1.0
1,190464,256,95,44073999954,17907150313,140.000000000,1.0
1,190720,256,95,44100724195,17918603559,140.000000000,1.0
1,190976,256,95,44127448436,17930056805,140.000000000,1.0
1,191232,256,95,44154172677,17941510051,140.000000000,1.0
1,191488,256,95,44180896918,17952963297,140.000000000,1.0
1,191744,256,95,44207621159,17964416543,140.000000000,1.0
1,192000,256,95,44234345400,17975869790,140.000000000,1.0
1,192256,256,95,44261069641,17987323036,140.000000000,1.0
1,192512,256,95,44287793882,17998776282,140.000000000,1.0
1,192768,256,95,44314518123,18010229528,140.000000000,1.0
1,193024,256,95,44341242364,18021682774,140.000000000,1.0
1,193280,256,95,44367966605,18033136020,140.000000000,1.0
1,193536,256,95,44394690846,18044589266,140.000000000,1.0
1,193792,256,95,44421415087,18056042512,140.000000000,1.0
1,194048,256,95,44448139328,18067495759,140.000000000,1.0
1,194304,256,95,44474863569,18078949005,140.000000000,1.0
1,194560,256,95,44501587810,18090402251,140.000000000,1.0
1,194816,256,95,44528312051,18101855497,140.000000000,1.0
1,195072,256,95,44555036292,18113308743,140.000000000,1.0
1,195328,256,95,44581760532,18124761989,140.000000000,1.0
1,195584,256,95,44608484773,18136215235,140.000000000,1.0
1,195840,256,95,44635209014,18147668481,140.000000000,1.0
1,196096,256,95,44661933255,18159121727,140.000000000,1.0
1,196352,256,95,44688657496,18170574974,140.000000000,1.0
1,196608,256,95,44715381737,18182028220,140.000000000,1.0
1,196864,256,95,44742105978,18193481466,140.000000000,1.0
1,197120,256,95,44768830219,18204934712,140.000000000,1.0
1,197376,256,95,44795554460,18216387958,140.000000000,1.0
1,197632,256,95,44822278701,18227841204,140.000000000,1.0
1,197888,256,95,44849002942,18239294450,140.000000000,1.0
1,198144,256,95,44875727183,18250747696,140.000000000,1.0
1,198400,256,95,44902451424,18262200943,140.000000000,1.0
1,198656,256,95,44929175665,18273654189,140.000000000,1.0
1,198912,256,95,44955899906,18285107435,140.000000000,1.0
1,199168,256,95,44982624147,18296560681,140.000000000,1.0
1,199424,256,95,45009348388,18308013927,140.000000000,1.0
1,199680,256,95,45036072629,18319467173,140.000000000,1.0
1,199936,256,95,45062796870,18330920419,140.000000000,1.0
1,200192,256,95,45089521111,18342373665,140.000000000,1.0
1,200448,256,95,45116245352,18353826912,140.000000000,1.0
1,200704,256,95,45142969592,18365280158,140.000000000,1.0
1,200960,256,95,45169693833,18376733404,140.000000000,1.0
1,201216,256,95,45196418074,18388186650,140.000000000,1.0
1,201472,256,95,45223142315,18399639896,140.000000000,1.0
1,201728,256,95,45249866556,18411093142,140.000000000,1.0
1,201984,256,95,45276590797,18422546388,140.000000000,1.0
1,202240,256,95,45303315038,18433999634,140.000000000,1.0
1,202496,256,95,45330039279,18445452881,140.000000000,1.0
1,202752,256,95,45356763520,18456906127,140.000000000,1.0
1,203008,256,95,45383487761,18468359373,140.000000000,1.0
1,203264,256,95,45410212002,18479812619,140.000000000,1.0
1,203520,256,95,45436936243,18491265865,140.000000000,1.0
1,203776,256,95,45463660484,18502719111,140.000000000,1.0
1,204032,256,95,45490384725,18514172357,140.000000000,1.0
1,204288,256,95,45517108966,18525625603,140.000000000,1.0
1,204544,256,95,45543833207,18537078850,140.000000000,1.0
1,204800,256,95,45570557448,18548532096,140.000000000,1.0
1,205056,256,95,45597281689,18559985342,140.000000000,1.0
1,205312,256,95,45624005930,18571438588,140.000000000,1.0
1,205568,256,95,45650730171,18582891834,140.000000000,1.0
1,205824,256,95,45677454412,18594345080,140.000000000,1.0
1,206080,256,95,45704178653,18605798326,140.000000000,1.0
1,206336,256,95,45730902893,18617251572,140.000000000,1.0
1,206592,256,95,45757627134,18628704819,140.000000000,1.0
1,206848,256,95,45784351375,18640158065,140.000000000,1.0
1,207104,256,95,45811075616,18651611311,140.000000000,1.0
1,207360,256,95,45837799857,18663064557,140.000000000,1.0
1,207616,256,95,45864524098,18674517803,140.000000000,1.0
1,207872,256,95,45891248339,18685971049,140.000000000,1.0
1,208128,256,95,45917972580,18697424295,140.000000000,1.0
1,208384,256,95,45944696821,18708877541,140.000000000,1.0
1,208640,256,95,45971421062,18720330787,140.000000000,1.0
1,208896,256,95,45998145303,18731784034,140.000000000,1.0
1,209152,256,95,46024869544,18743237280,140.000000000,1.0
1,209408,256,95,46051593785,18754690526,140.000000000,1.0
1,209664,256,95,46078318026,18766143772,140.000000000,1.0
1,209920,256,95,46105042267,18777597018,140.000000000,1.0
1,210176,256,95,46131766508,18789050264,140.000000000,1.0
1,210432,256,95,46158490749,18800503510,140.000000000,1.0
1,210688,256,95,46185214990,18811956756,140.000000000,1.0
1,210944,256,95,46211939231,18823410003,140.000000000,1.0
1,211200,256,95,46238663472,18834863249,140.000000000,1.0
1,211456,256,95,46265387713,18846316495,140.000000000,1.0
1,211712,256,95,46292111953,18857769741,140.000000000,1.0
1,211968,256,95,46318836194,18869222987,140.000000000,1.0
1,212224,256,95,46345560435,18880676233,140.000000000,1.0
1,212480,256,95,46372284676,18892129479,140.000000000,1.0
1,212736,256,95,46399008917,18903582725,140.000000000,1.0
1,212992,256,95,46425733158,18915035972,140.000000000,1.0
1,213248,256,95,46452457399,18926489218,140.000000000,1.0
1,213504,256,95,46479181640,18937942464,140.000000000,1.0
1,213760,256,95,46505905881,18949395710,140.000000000,1.0
1,214016,256,95,46532630122,18960848956,140.000000000,1.0
1,214272,256,95,46559354363,18972302202,140.000000000,1.0
1,214528,256,95,46586078604,18983755448,140.000000000,1.0
1,214784,256,95,46612802845,18995208694,140.000000000,1.0
1,215040,256,95,46639527086,19006661941,140.000000000,1.0
1,215296,256,95,46666251327,19018115187,140.000000000,1.0
1,215552,256,95,46692975568,19029568433,140.000000000,1.0
1,215808,256,95,46719699809,19041021679,140.000000000,1.0
1,216064,256,95,46746424050,19052474925,140.000000000,1.0
1,216320,256,95,46773148291,19063928171,140.000000000,1.0
1,216576,256,95,46799872532,19075381417,140.000000000,1.0
1,216832,256,95,46826596773,19086834663,140.000000000,1.0
1,217088,256,95,46853321013,19098287910,140.000000000,1.0
1,217344,256,95,46880045254,19109741156,140.000000000,1.0
1,217600,256,95,46906769495,19121194402,140.000000000,1.0
1,217856,256,95,46933493736,19132647648,140.000000000,1.0
1,218112,256,95,46960217977,19144100894,140.000000000,1.0
1,218368,256,95,46986942218,19155554140,140.000000000,1.0
1,218624,256,95,47013666459,19167007386,140.000000000,1.0
1,218880,256,95,47040390700,19178460632,140.000000000,1.0
1,219136,256,95,47067114941,19189913879,140.000000000,1.0
1,219392,256,95,47093839182,19201367125,140.000000000,1.0
1,219648,256,95,47120563423,19212820371,140.000000000,1.0
1,219904,256,95,47147287664,19224273617,140.000000000,1.0
1,220160,256,95,47174011905,19235726863,140.000000000,1.0
1,220416,256,95,47200736146,19247180109,140.000000000,1.0
1,220672,256,95,47227460387,19258633355,140.000000000,1.0
1,220928,256,95,47254184628,19270086601,140.000000000,1.0
1,221184,256,95,47280908869,19281539848,140.000000000,1.0
1,221440,256,95,47307633110,19292993094,140.000000000,1.0
1,221696,256,95,47334357351,19304446340,140.000000000,1.0
1,221952,256,95,47361081592,19315899586,140.000000000,1.0
1,222208,256,95,42377010654,17179869184,140.000000000,1.0
1,222464,256,95,42403734895,17191322430,140.000000000,1.0
1,222720,256,95,42430459136,17202775676,140.000000000,1.0
1,222976,256,95,42457183377,17214228922,140.000000000,1.0
1,223232,256,95,42483907618,17225682168,140.000000000,1.0
1,223488,256,95,42510631859,17237135415,140.000000000,1.0
1,223744,256,95,42537356100,17248588661,140.000000000,1.0
1,224000,256,95,42564080341,17260041907,140.000000000,1.0
1,224256,256,95,42590804581,17271495153,140.000000000,1.0
1,224512,256,95,42617528822,17282948399,140.000000000,1.0
1,224768,256,95,42644253063,17294401645,140.000000000,1.0
1,225024,256,95,42670977304,17305854891,140.000000000,1.0
1,225280,256,95,42697701545,17317308137,140.000000000,1.0
1,225536,256,95,42724425786,17328761384,140.000000000,1.0
1,225792,256,95,42751150027,17340214630,140.000000000,1.0
1,226048,256,95,42777874268,17351667876,140.000000000,1.0
1,226304,256,95,42804598509,17363121122,140.000000000,1.0
1,226560,256,95,42831322750,17374574368,140.000000000,1.0
1,226816,256,95,42858046991,17386027614,140.000000000,1.0
1,227072,256,95,42884771232,17397480860,140.000000000,1.0
1,227328,256,95,42911495473,17408934106,140.000000000,1.0
1,227584,256,95,42938219714,17420387353,140.000000000,1.0
1,227840,256,95,42964943955,17431840599,140.000000000,1.0
1,228096,256,95,42991668196,17443293845,140.000000000,1.0
1,228352,256,95,43018392437,17454747091,140.000000000,1.0
1,228608,256,95,43045116678,17466200337,140.000000000,1.0
1,228864,256,95,43071840919,17477653583,140.000000000,1.0
1,229120,256,95,43098565160,17489106829,140.000000000,1.0
1,229376,256,95,43125289401,17500560075,140.000000000,1.0
1,229632,256,95,43152013642,17512013322,140.000000000,1.0
1,229888,256,95,43178737882,17523466568,140.000000000,1.0
1,230144,256,95,43205462123,17534919814,140.000000000,1.0
1,230400,256,95,43232186364,17546373060,140.000000000,1.0
1,230656,256,95,43258910605,17557826306,140.000000000,1.0
1,230912,256,95,43285634846,17569279552,140.000000000,1.0
1,231168,256,95,43312359087,17580732798,140.000000000,1.0
1,231424,256,95,43339083328,17592186044,140.000000000,1.0
1,231680,256,95,43365807569,17603639291,140.000000000,1.0
1,231936,256,95,43392531810,17615092537,140.000000000,1.0
1,232192,256,95,43419256051,17626545783,140.000000000,1.0
1,232448,256,95,43445980292,17637999029,140.000000000,1.0
1,232704,256,95,43472704533,17649452275,140.000000000,1.0
1,232960,256,95,43499428774,17660905521,140.000000000,1.0
1,233216,256,95,43526153015,17672358767,140.000000000,1.0
1,233472,256,95,43552877256,17683812013,140.000000000,1.0
1,233728,256,95,43579601497,17695265260,140.000000000,1.0
1,233984,256,95,43606325738,17706718506,140.000000000,1.0
1,234240,256,95,43633049979,17718171752,140.000000000,1.0
1,234496,256,95,43659774220,17729624998,140.000000000,1.0
1,234752,256,95,43686498461,17741078244,140.000000000,1.0
1,235008,256,95,43713222702,17752531490,140.000000000,1.0
1,235264,256,95,43739946942,17763984736,140.000000000,1.0
1,235520,256,95,43766671183,17775437982,140.000000000,1.0
1,235776,256,95,43793395424,17786891229,140.000000000,1.0
1,236032,256,95,43820119665,17798344475,140.000000000,1.0
1,236288,256,95,43846843906,17809797721,140.000000000,1.0
1,236544,256,95,43873568147,17821250967,140.000000000,1.0
1,236800,256,95,43900292388,17832704213,140.000000000,1.0
1,237056,256,95,43927016629,17844157459,140.000000000,1.0
1,237312,256,95,43953740870,17855610705,140.000000000,1.0
1,237568,256,95,43980465111,17867063951,140.000000000,1.0
1,237824,256,95,44007189352,17878517197,140.000000000,1.0
1,238080,256,95,44033913593,17889970444,140.000000000,1.0
1,238336,256,95,44060637834,17901423690,140.000000000,1.0
1,238592,256,95,44087362075,17912876936,140.000000000,1.0
1,238848,256,95,44114086316,17924330182,140.000000000,1.0
1,239104,256,95,44140810557,17935783428,140.000000000,1.0
1,239360,256,95,44167534798,17947236674,140.000000000,1.0
1,239616,256,95,44194259039,17958689920,140.000000000,1.0
1,239872,256,95,44220983280,17970143166,140.000000000,1.0
1,240128,256,95,44247707521,17981596413,140.000000000,1.0
1,240384,256,95,44274431762,17993049659,140.000000000,1.0
1,240640,256,95,44301156002,18004502905,140.000000000,1.0
1,240896,256,95,44327880243,18015956151,140.000000000,1.0
1,241152,256,95,44354604484,18027409397,140.000000000,1.0
1,241408,256,95,44381328725,18038862643,140.000000000,1.0
1,241664,256,95,44408052966,18050315889,140.000000000,1.0
1,241920,256,95,44434777207,18061769135,140.000000000,1.0
1,242176,256,95,44461501448,18073222382,140.000000000,1.0
1,242432,256,95,44488225689,18084675628,140.000000000,1.0
1,242688,256,95,44514949930,18096128874,140.000000000,1.0
1,242944,256,95,44541674171,18107582120,140.000000000,1.0
1,243200,256,95,44568398412,18119035366,140.000000000,1.0
1,243456,256,95,44595122653,18130488612,140.000000000,1.0
1,243712,256,95,44621846894,18141941858,140.000000000,1.0
1,243968,256,95,44648571135,18153395104,140.000000000,1.0
1,244224,256,95,44675295376,18164848351,140.000000000,1.0
1,244480,256,95,44702019617,18176301597,140.000000000,1.0
1,244736,256,95,44728743858,18187754843,140.000000000,1.0
1,244992,256,95,44755468099,18199208089,140.000000000,1.0
1,245248,256,95,44782192340,18210661335,140.000000000,1.0
1,245504,256,95,44808916581,18222114581,140.000000000,1.0
1,245760,256,95,44835640822,18233567827,140.000000000,1.0
1,246016,256,95,44862365062,18245021073,140.000000000,1.0
1,246272,256,95,44889089303,18256474320,140.000000000,1.0
1,246528,256,95,44915813544,18267927566,140.000000000,1.0
1,246784,256,95,44942537785,18279380812,140.000000000,1.0
1,247040,256,95,44969262026,18290834058,140.000000000,1.0
1,247296,256,95,44995986267,18302287304,140.000000000,1.0
1,247552,256,95,45022710508,18313740550,140.000000000,1.0
1,247808,256,95,45049434749,18325193796,140.000000000,1.0
1,248064,256,95,45076158990,18336647042,140.000000000,1.0
1,248320,256,95,45102883231,18348100289,140.000000000,1.0
1,248576,256,95,45129607472,18359553535,140.000000000,1.0
1,248832,256,95,45156331713,18371006781,140.000000000,1.0
1,249088,256,95,45183055954,18382460027,140.000000000,1.0
1,249344,256,95,45209780195,18393913273,140.000000000,1.0
1,249600,256,95,45236504436,18405366519,140.000000000,1.0
1,249856,256,95,45263228677,18416819765,140.000000000,1.0
1,250112,256,95,45289952918,18428273011,140.000000000,1.0
1,250368,256,95,45316677159,18439726257,140.000000000,1.0
1,250624,256,95,45343401400,18451179504,140.000000000,1.0
1,250880,256,95,45370125641,18462632750,140.000000000,1.0
1,251136,256,95,45396849882,18474085996,140.000000000,1.0
1,251392,256,95,45423574122,18485539242,140.000000000,1.0
1,251648,256,95,45450298363,18496992488,140.000000000,1.0
1,251904,256,95,45477022604,18508445734,140.000000000,1.0
1,252160,256,95,45503746845,18519898980,140.000000000,1.0
1,252416,256,95,45530471086,18531352226,140.000000000,1.0
1,252672,256,95,45557195327,18542805473,140.000000000,1.0
1,252928,256,95,45583919568,18554258719,140.000000000,1.0
1,253184,256,95,45610643809,18565711965,140.000000000,1.0
1,253440,256,95,45637368050,18577165211,140.000000000,1.0
1,253696,256,95,45664092291,18588618457,140.000000000,1.0
1,253952,256,95,45690816532,18600071703,140.000000000,1.0
1,254208,256,95,45717540773,18611524949,140.000000000,1.0
1,254464,256,95,45744265014,18622978195,140.000000000,1.0
1,254720,256,95,45770989255,18634431442,140.000000000,1.0
1,254976,256,95,45797713496,18645884688,140.000000000,1.0
1,255232,256,95,45824437737,18657337934,140.000000000,1.0
1,255488,256,95,45851161978,18668791180,140.000000000,1.0
1,255744,256,95,45877886219,18680244426,140.000000000,1.0
1,256000,256,95,45904610460,18691697672,140.000000000,1.0
1,256256,256,95,45931334701,18703150918,140.000000000,1.0
1,256512,256,95,45958058942,18714604164,140.000000000,1.0
1,256768,256,95,45984783183,18726057411,140.000000000,1.0
1,257024,256,95,46011507423,18737510657,140.000000000,1.0
1,257280,256,95,46038231664,18748963903,140.000000000,1.0
1,257536,256,95,46064955905,18760417149,140.000000000,1.0
1,257792,256,95,46091680146,18771870395,140.000000000,1.0
1,258048,256,95,46118404387,18783323641,140.000000000,1.0
1,258304,256,95,46145128628,18794776887,140.000000000,1.0
1,258560,256,95,46171852869,18806230133,140.000000000,1.0
1,258816,256,95,46198577110,18817683380,140.000000000,1.0
1,259072,256,95,46225301351,18829136626,140.000000000,1.0
1,259328,256,95,46252025592,18840589872,140.000000000,1.0
1,259584,256,95,46278749833,18852043118,140.000000000,1.0
1,259840,256,95,46305474074,18863496364,140.000000000,1.0
1,260096,256,95,46332198315,18874949610,140.000000000,1.0
1,260352,256,95,46358922556,18886402856,140.000000000,1.0
1,260608,256,95,46385646797,18897856102,140.000000000,1.0
1,260864,256,95,46412371038,18909309349,140.000000000,1.0
1,261120,256,95,46439095279,18920762595,140.000000000,1.0
1,261376,256,95,46465819520,18932215841,140.000000000,1.0
1,261632,256,95,46492543761,18943669087,140.000000000,1.0
1,261888,256,95,46519268002,18955122333,140.000000000,1.0
1,262144,256,95,46545992243,18966575579,140.000000000,1.0
1,262400,256,95,46572716483,18978028825,140.000000000,1.0
1,262656,256,95,46599440724,18989482071,140.000000000,1.0
1,262912,256,95,46626164965,19000935318,140.000000000,1.0
1,263168,256,95,46652889206,19012388564,140.000000000,1.0
1,263424,256,95,46679613447,19023841810,140.000000000,1.0
1,263680,256,95,46706337688,19035295056,140.000000000,1.0
1,263936,256,95,46733061929,19046748302,140.000000000,1.0
1,264192,256,95,46759786170,19058201548,140.000000000,1.0
1,264448,256,95,46786510411,19069654794,140.000000000,1.0
1,264704,256,95,46813234652,19081108040,140.000000000,1.0
1,264960,256,95,46839958893,19092561286,140.000000000,1.0
1,265216,256,95,46866683134,19104014533,140.000000000,1.0
1,265472,256,95,46893407375,19115467779,140.000000000,1.0
1,265728,256,95,46920131616,19126921025,140.000000000,1.0
1,265984,256,95,46946855857,19138374271,140.000000000,1.0
1,266240,256,95,46973580098,19149827517,140.000000000,1.0
1,266496,256,95,47000304339,19161280763,140.000000000,1.0
1,266752,256,95,47027028580,19172734009,140.000000000,1.0
1,267008,256,95,47053752821,19184187255,140.000000000,1.0
1,267264,256,95,47080477062,19195640502,140.000000000,1.0
1,267520,256,95,47107201303,19207093748,140.000000000,1.0
1,267776,256,95,47133925543,19218546994,140.000000000,1.0
1,268032,256,95,47160649784,19230000240,140.000000000,1.0
1,268288,256,95,47187374025,19241453486,140.000000000,1.0
1,268544,256,95,47214098266,19252906732,140.000000000,1.0
1,268800,256,95,47240822507,19264359978,140.000000000,1.0
1,269056,256,95,47267546748,19275813224,140.000000000,1.0
1,269312,256,95,47294270989,19287266471,140.000000000,1.0
1,269568,256,95,47320995230,19298719717,140.000000000,1.0
1,269824,256,95,47347719471,19310172963,140.000000000,1.0
1,270080,128,95,47374443712,19321626209,140.000000000,1.0
1,270208,128,95,42377010654,17179869184,140.000000000,1.0
1,270336,128,95,42377010654,17179869184,140.000000000,1.0
1,270464,256,95,42390372774,17185595807,140.000000000,1.0
1,270720,256,95,42417097015,17197049053,140.000000000,1.0
1,270976,256,95,42443821256,17208502299,140.000000000,1.0
1,271232,256,95,42470545497,17219955545,140.000000000,1.0
1,271488,256,95,42497269738,17231408792,140.000000000,1.0
1,271744,256,95,42523993979,17242862038,140.000000000,1.0
1,272000,256,95,42550718220,17254315284,140.000000000,1.0
1,272256,256,95,42577442461,17265768530,140.000000000,1.0
1,272512,256,95,42604166702,17277221776,140.000000000,1.0
1,272768,256,95,42630890943,17288675022,140.000000000,1.0
1,273024,256,95,42657615184,17300128268,140.000000000,1.0
1,273280,256,95,42684339425,17311581514,140.000000000,1.0
1,273536,256,95,42711063666,17323034761,140.000000000,1.0
1,273792,256,95,42737787907,17334488007,140.000000000,1.0
1,274048,256,95,42764512148,17345941253,140.000000000,1.0
1,274304,256,95,42791236389,17357394499,140.000000000,1.0
1,274560,256,95,42817960630,17368847745,140.000000000,1.0
1,274816,256,95,42844684871,17380300991,140.000000000,1.0
1,275072,256,95,42871409111,17391754237,140.000000000,1.0
1,275328,256,95,42898133352,17403207483,140.000000000,1.0
1,275584,256,95,42924857593,17414660730,140.000000000,1.0
1,275840,256,95,42951581834,17426113976,140.000000000,1.0
1,276096,256,95,42978306075,17437567222,140.000000000,1.0
1,276352,256,95,43005030316,17449020468,140.000000000,1.0
1,276608,256,95,43031754557,17460473714,140.000000000,1.0
1,276864,256,95,43058478798,17471926960,140.000000000,1.0
1,277120,256,95,43085203039,17483380206,140.000000000,1.0
1,277376,256,95,43111927280,17494833452,140.000000000,1.0
1,277632,256,95,43138651521,17506286698,140.000000000,1.0
1,277888,256,95,43165375762,17517739945,140.000000000,1.0
1,278144,256,95,43192100003,17529193191,140.000000000,1.0
1,278400,256,95,43218824244,17540646437,140.000000000,1.0
1,278656,256,95,43245548485,17552099683,140.000000000,1.0
1,278912,256,95,43272272726,17563552929,140.000000000,1.0
1,279168,256,15,42377010654,17179869184,140.000000000,1.0
1,279424,256,15,42377010654,17179869184,140.000000000,1.0
1,279680,256,15,42377010654,17179869184,140.000000000,1.0
1,279936,256,15,42377010654,17179869184,140.000000000,1.0
1,280192,256,15,42377010654,17179869184,140.000000000,1.0
1,280448,256,15,42377010654,17179869184,140.000000000,1.0
1,280704,256,15,42377010654,17179869184,140.000000000,1.0
1,280960,256,15,42377010654,17179869184,140.000000000,1.0
1,281216,256,15,42377010654,17179869184,140.000000000,1.0
1,281472,256,15,42377010654,17179869184,140.000000000,1.0
1,281728,256,15,42377010654,17179869184,140.000000000,1.0
1,281984,256,15,42377010654,17179869184,140.000000000,1.0
1,282240,256,15,42377010654,17179869184,140.000000000,1.0
1,282496,256,15,42377010654,17179869184,140.000000000,1.0
1,282752,256,15,42377010654,17179869184,140.000000000,1.0
1,283008,256,15,42377010654,17179869184,140.000000000,1.0
1,283264,256,15,42377010654,17179869184,140.000000000,1.0
1,283520,256,15,42377010654,17179869184,140.000000000,1.0
1,283776,256,15,42377010654,17179869184,140.000000000,1.0
1,284032,256,15,42377010654,17179869184,140.000000000,1.0
1,284288,256,15,42377010654,17179869184,140.000000000,1.0
1,284544,256,15,42377010654,17179869184,140.000000000,1.0
1,284800,256,15,42377010654,17179869184,140.000000000,1.0
1,285056,256,15,42377010654,17179869184,140.000000000,1.0
1,285312,256,15,42377010654,17179869184,140.000000000,1.0
1,285568,256,15,42377010654,17179869184,140.000000000,1.0
1,285824,256,15,42377010654,17179869184,140.000000000,1.0
1,286080,256,15,42377010654,17179869184,140.000000000,1.0
1,286336,256,15,42377010654,17179869184,140.000000000,1.0
1,286592,256,15,42377010654,17179869184,140.000000000,1.0
1,286848,256,15,42377010654,17179869184,140.000000000,1.0
1,287104,256,15,42377010654,17179869184,140.000000000,1.0
1,287360,256,15,42377010654,17179869184,140.000000000,1.0
1,287616,256,15,42377010654,17179869184,140.000000000,1.0
1,287872,256,15,42377010654,17179869184,140.000000000,1.0
1,288128,256,15,42377010654,17179869184,140.000000000,1.0
1,288384,256,15,42377010654,17179869184,140.000000000,1.0
1,288640,256,15,42377010654,17179869184,140.000000000,1.0
1,288896,256,15,42377010654,17179869184,140.000000000,1.0
1,289152,256,15,42377010654,17179869184,140.000000000,1.0
1,289408,256,15,42377010654,17179869184,140.000000000,1.0
1,289664,256,15,42377010654,17179869184,140.000000000,1.0
1,289920,256,15,42377010654,17179869184,140.000000000,1.0
1,290176,256,15,42377010654,17179869184,140.000000000,1.0
1,290432,256,15,42377010654,17179869184,140.000000000,1.0
1,290688,256,15,42377010654,17179869184,140.000000000,1.0
1,290944,256,15,42377010654,17179869184,140.000000000,1.0
1,291200,256,15,42377010654,17179869184,140.000000000,1.0
1,291456,256,15,42377010654,17179869184,140.000000000,1.0
1,291712,256,15,42377010654,17179869184,140.000000000,1.0
1,291968,256,15,42377010654,17179869184,140.000000000,1.0
1,292224,256,15,42377010654,17179869184,140.000000000,1.0
1,292480,256,15,42377010654,17179869184,140.000000000,1.0
1,292736,256,15,42377010654,17179869184,140.000000000,1.0
1,292992,256,15,42377010654,17179869184,140.000000000,1.0
1,293248,256,15,42377010654,17179869184,140.000000000,1.0
1,293504,256,15,42377010654,17179869184,140.000000000,1.0
1,293760,256,15,42377010654,17179869184,140.000000000,1.0
1,294016,256,15,42377010654,17179869184,140.000000000,1.0
1,294272,256,15,42377010654,17179869184,140.000000000,1.0
1,294528,256,15,42377010654,17179869184,140.000000000,1.0
1,294784,256,15,42377010654,17179869184,140.000000000,1.0
1,295040,256,15,42377010654,17179869184,140.000000000,1.0
1,295296,256,15,42377010654,17179869184,140.000000000,1.0
1,295552,256,15,42377010654,17179869184,140.000000000,1.0
1,295808,256,15,42377010654,17179869184,140.000000000,1.0
1,296064,256,15,42377010654,17179869184,140.000000000,1.0
1,296320,256,15,42377010654,17179869184,140.000000000,1.0
1,296576,256,15,42377010654,17179869184,140.000000000,1.0
1,296832,256,15,42377010654,17179869184,140.000000000,1.0
1,297088,256,15,42377010654,17179869184,140.000000000,1.0
1,297344,256,15,42377010654,17179869184,140.000000000,1.0
1,297600,256,15,42377010654,17179869184,140.000000000,1.0
1,297856,256,15,42377010654,17179869184,140.000000000,1.0
1,298112,256,15,42377010654,17179869184,140.000000000,1.0
1,298368,256,15,42377010654,17179869184,140.000000000,1.0
1,298624,256,15,42377010654,17179869184,140.000000000,1.0
1,298880,256,15,42377010654,17179869184,140.000000000,1.0
1,299136,256,15,42377010654,17179869184,140.000000000,1.0
1,299392,256,15,42377010654,17179869184,140.000000000,1.0
1,299648,256,15,42377010654,17179869184,140.000000000,1.0
1,299904,256,15,42377010654,17179869184,140.000000000,1.0
1,300160,256,15,42377010654,17179869184,140.000000000,1.0
1,300416,256,15,42377010654,17179869184,140.000000000,1.0
1,300672,256,15,42377010654,17179869184,140.000000000,1.0
1,300928,256,15,42377010654,17179869184,140.000000000,1.0
1,301184,256,15,42377010654,17179869184,140.000000000,1.0
1,301440,256,15,42377010654,17179869184,140.000000000,1.0
1,301696,256,15,42377010654,17179869184,140.000000000,1.0
1,301952,256,15,42377010654,17179869184,140.000000000,1.0
1,302208,256,15,42377010654,17179869184,140.000000000,1.0
1,302464,256,15,42377010654,17179869184,140.000000000,1.0
1,302720,256,15,42377010654,17179869184,140.000000000,1.0
1,302976,256,15,42377010654,17179869184,140.000000000,1.0
1,303232,256,15,42377010654,17179869184,140.000000000,1.0
1,303488,256,15,42377010654,17179869184,140.000000000,1.0
1,303744,256,15,42377010654,17179869184,140.000000000,1.0
1,304000,256,15,42377010654,17179869184,140.000000000,1.0
1,304256,256,15,42377010654,17179869184,140.000000000,1.0
1,304512,256,15,42377010654,17179869184,140.000000000,1.0
1,304768,256,15,42377010654,17179869184,140.000000000,1.0
1,305024,256,15,42377010654,17179869184,140.000000000,1.0
1,305280,256,15,42377010654,17179869184,140.000000000,1.0
1,305536,256,15,42377010654,17179869184,140.000000000,1.0
1,305792,256,15,42377010654,17179869184,140.000000000,1.0
1,306048,256,15,42377010654,17179869184,140.000000000,1.0
1,306304,256,15,42377010654,17179869184,140.000000000,1.0
1,306560,256,15,42377010654,17179869184,140.000000000,1.0
1,306816,256,15,42377010654,17179869184,140.000000000,1.0
1,307072,256,15,42377010654,17179869184,140.000000000,1.0
1,307328,256,15,42377010654,17179869184,140.000000000,1.0
1,307584,256,15,42377010654,17179869184,140.000000000,1.0
1,307840,256,15,42377010654,17179869184,140.000000000,1.0
1,308096,256,15,42377010654,17179869184,140.000000000,1.0
1,308352,256,15,42377010654,17179869184,140.000000000,1.0
1,308608,256,15,42377010654,17179869184,140.000000000,1.0
1,308864,256,15,42377010654,17179869184,140.000000000,1.0
1,309120,256,15,42377010654,17179869184,140.000000000,1.0
1,309376,256,15,42377010654,17179869184,140.000000000,1.0
1,309632,256,15,42377010654,17179869184,140.000000000,1.0
1,309888,256,15,42377010654,17179869184,140.000000000,1.0
1,310144,256,15,42377010654,17179869184,140.000000000,1.0
1,310400,256,15,42377010654,17179869184,140.000000000,1.0
1,310656,256,15,42377010654,17179869184,140.000000000,1.0
1,310912,256,15,42377010654,17179869184,140.000000000,1.0
1,311168,256,15,42377010654,17179869184,140.000000000,1.0
1,311424,256,15,42377010654,17179869184,140.000000000,1.0
1,311680,256,15,42377010654,17179869184,140.000000000,1.0
1,311936,256,15,42377010654,17179869184,140.000000000,1.0
1,312192,256,15,42377010654,17179869184,140.000000000,1.0
1,312448,256,15,42377010654,17179869184,140.000000000,1.0
1,312704,256,15,42377010654,17179869184,140.000000000,1.0
1,312960,256,15,42377010654,17179869184,140.000000000,1.0
1,313216,256,15,42377010654,17179869184,140.000000000,1.0
1,313472,256,15,42377010654,17179869184,140.000000000,1.0
1,313728,256,15,42377010654,17179869184,140.000000000,1.0
1,313984,256,15,42377010654,17179869184,140.000000000,1.0
1,314240,256,15,42377010654,17179869184,140.000000000,1.0
1,314496,256,15,42377010654,17179869184,140.000000000,1.0
1,314752,256,15,42377010654,17179869184,140.000000000,1.0
1,315008,256,15,42377010654,17179869184,140.000000000,1.0
1,315264,256,15,42377010654,17179869184,140.000000000,1.0
1,315520,256,15,42377010654,17179869184,140.000000000,1.0
1,315776,256,15,42377010654,17179869184,140.000000000,1.0
1,316032,256,15,42377010654,17179869184,140.000000000,1.0
1,316288,256,15,42377010654,17179869184,140.000000000,1.0
1,316544,256,15,42377010654,17179869184,140.000000000,1.0
1,316800,256,15,42377010654,17179869184,140.000000000,1.0
1,317056,256,15,42377010654,17179869184,140.000000000,1.0
1,317312,256,15,42377010654,17179869184,140.000000000,1.0
1,317568,256,15,42377010654,17179869184,140.000000000,1.0
1,317824,256,15,42377010654,17179869184,140.000000000,1.0
1,318080,256,15,42377010654,17179869184,140.000000000,1.0
1,318336,256,15,42377010654,17179869184,140.000000000,1.0
1,318592,256,15,42377010654,17179869184,140.000000000,1.0
1,318848,256,15,42377010654,17179869184,140.000000000,1.0
1,319104,256,15,42377010654,17179869184,140.000000000,1.0
1,319360,256,15,42377010654,17179869184,140.000000000,1.0
1,319616,256,15,42377010654,17179869184,140.000000000,1.0
1,319872,256,15,42377010654,17179869184,140.000000000,1.0
1,320128,256,15,42377010654,17179869184,140.000000000,1.0
1,320384,256,15,42377010654,17179869184,140.000000000,1.0
1,320640,256,15,42377010654,17179869184,140.000000000,1.0
1,320896,256,15,42377010654,17179869184,140.000000000,1.0
1,321152,256,15,42377010654,17179869184,140.000000000,1.0
1,321408,256,15,42377010654,17179869184,140.000000000,1.0
1,321664,256,15,42377010654,17179869184,140.000000000,1.0
1,321920,256,15,42377010654,17179869184,140.000000000,1.0
1,322176,256,15,42377010654,17179869184,140.000000000,1.0
1,322432,256,15,42377010654,17179869184,140.000000000,1.0
1,322688,256,15,42377010654,17179869184,140.000000000,1.0
1,322944,256,15,42377010654,17179869184,140.000000000,1.0
1,323200,256,15,42377010654,17179869184,140.000000000,1.0
1,323456,256,15,42377010654,17179869184,140.000000000,1.0
1,323712,256,15,42377010654,17179869184,140.000000000,1.0
1,323968,256,15,42377010654,17179869184,140.000000000,1.0
1,324224,256,15,42377010654,17179869184,140.000000000,1.0
1,324480,256,15,42377010654,17179869184,140.000000000,1.0
1,324736,256,15,42377010654,17179869184,140.000000000,1.0
1,324992,256,15,42377010654,17179869184,140.000000000,1.0
1,325248,256,15,42377010654,17179869184,140.000000000,1.0
1,325504,256,15,42377010654,17179869184,140.000000000,1.0
1,325760,256,15,42377010654,17179869184,140.000000000,1.0
1,326016,256,15,42377010654,17179869184,140.000000000,1.0
1,326272,256,15,42377010654,17179869184,140.000000000,0.0
1,326528,256,15,42377010654,17179869184,140.000000000,0.0
1,326784,256,15,42377010654,17179869184,140.000000000,0.0
1,327040,256,15,42377010654,17179869184,140.000000000,0.0
1,327296,256,15,42377010654,17179869184,140.000000000,0.0
1,327552,256,15,42377010654,17179869184,140.000000000,0.0
1,327808,256,15,42377010654,17179869184,140.000000000,0.0
1,328064,256,15,42377010654,17179869184,140.000000000,0.0
1,328320,256,15,42377010654,17179869184,140.000000000,0.0
1,328576,256,15,42377010654,17179869184,140.000000000,0.0
1,328832,256,15,42377010654,17179869184,140.000000000,0.0
1,329088,256,15,42377010654,17179869184,140.000000000,0.0
1,329344,256,15,42377010654,17179869184,140.000000000,0.0
1,329600,256,15,42377010654,17179869184,140.000000000,0.0
1,329856,256,15,42377010654,17179869184,140.000000000,0.0
1,330112,256,15,42377010654,17179869184,140.000000000,0.0
1,330368,256,15,42377010654,17179869184,140.000000000,0.0
1,330624,256,15,42377010654,17179869184,140.000000000,0.0
1,330880,256,15,42377010654,17179869184,140.000000000,0.0
1,331136,256,15,42377010654,17179869184,140.000000000,0.0
1,331392,256,15,42377010654,17179869184,140.000000000,0.0
1,331648,256,15,42377010654,17179869184,140.000000000,0.0
1,331904,256,15,42377010654,17179869184,140.000000000,0.0
1,332160,256,15,42377010654,17179869184,140.000000000,0.0
1,332416,256,15,42377010654,17179869184,140.000000000,0.0
1,332672,256,15,42377010654,17179869184,140.000000000,0.0
1,332928,256,15,42377010654,17179869184,140.000000000,0.0
1,333184,256,15,42377010654,17179869184,140.000000000,0.0
1,333440,256,15,42377010654,17179869184,140.000000000,0.0
1,333696,256,15,42377010654,17179869184,140.000000000,0.0
1,333952,256,15,42377010654,17179869184,140.000000000,0.0
1,334208,256,15,42377010654,17179869184,140.000000000,0.0
1,334464,256,15,42377010654,17179869184,140.000000000,0.0
1,334720,256,15,42377010654,17179869184,140.000000000,0.0
1,334976,256,15,42377010654,17179869184,140.000000000,0.0
1,335232,256,15,42377010654,17179869184,140.000000000,0.0
1,335488,256,15,42377010654,17179869184,140.000000000,0.0
1,335744,256,15,42377010654,17179869184,140.000000000,0.0
1,336000,256,15,42377010654,17179869184,140.000000000,0.0
1,336256,256,15,42377010654,17179869184,140.000000000,0.0
1,336512,256,15,42377010654,17179869184,140.000000000,0.0
1,336768,256,15,42377010654,17179869184,140.000000000,0.0
1,337024,256,15,42377010654,17179869184,140.000000000,0.0
1,337280,256,15,42377010654,17179869184,140.000000000,0.0
1,337536,256,15,42377010654,17179869184,140.000000000,0.0
1,337792,256,15,42377010654,17179869184,140.000000000,0.0
1,338048,256,15,42377010654,17179869184,140.000000000,0.0
1,338304,256,15,42377010654,17179869184,140.000000000,0.0
1,338560,256,15,42377010654,17179869184,140.000000000,0.0
1,338816,256,15,42377010654,17179869184,140.000000000,0.0
1,339072,256,15,42377010654,17179869184,140.000000000,0.0
1,339328,256,15,42377010654,17179869184,140.000000000,0.0
1,339584,256,15,42377010654,17179869184,140.000000000,0.0
1,339840,256,15,42377010654,17179869184,140.000000000,0.0
1,340096,256,15,42377010654,17179869184,140.000000000,0.0
1,340352,256,15,42377010654,17179869184,140.000000000,0.0
1,340608,256,15,42377010654,17179869184,140.000000000,0.0
1,340864,256,15,42377010654,17179869184,140.000000000,0.0
1,341120,256,15,42377010654,17179869184,140.000000000,0.0
1,341376,256,15,42377010654,17179869184,140.000000000,0.0
1,341632,256,15,42377010654,17179869184,140.000000000,0.0
1,341888,256,15,42377010654,17179869184,140.000000000,0.0
1,342144,256,15,42377010654,17179869184,140.000000000,0.0
1,342400,256,15,42377010654,17179869184,140.000000000,0.0
1,342656,256,15,42377010654,17179869184,140.000000000,0.0
1,342912,256,15,42377010654,17179869184,140.000000000,0.0
1,343168,256,15,42377010654,17179869184,140.000000000,0.0
1,343424,256,15,42377010654,17179869184,140.000000000,0.0
1,343680,256,15,42377010654,17179869184,140.000000000,0.0
1,343936,256,15,42377010654,17179869184,140.000000000,0.0
1,344192,256,15,42377010654,17179869184,140.000000000,0.0
1,344448,256,15,42377010654,17179869184,140.000000000,0.0
1,344704,256,15,42377010654,17179869184,140.000000000,0.0
1,344960,256,15,42377010654,17179869184,140.000000000,0.0
1,345216,256,15,42377010654,17179869184,140.000000000,0.0
1,345472,256,15,42377010654,17179869184,140.000000000,0.0
1,345728,256,15,42377010654,17179869184,140.000000000,0.0
1,345984,256,15,42377010654,17179869184,140.000000000,0.0
1,346240,256,15,42377010654,17179869184,140.000000000,0.0
1,346496,256,15,42377010654,17179869184,140.000000000,0.0
1,346752,256,15,42377010654,17179869184,140.000000000,0.0
1,347008,256,15,42377010654,17179869184,140.000000000,0.0
1,347264,256,15,42377010654,17179869184,140.000000000,0.0
1,347520,256,15,42377010654,17179869184,140.000000000,0.0
1,347776,256,15,42377010654,17179869184,140.000000000,0.0
1,348032,256,15,42377010654,17179869184,140.000000000,0.0
1,348288,256,15,42377010654,17179869184,140.000000000,0.0
1,348544,256,15,42377010654,17179869184,140.000000000,0.0
1,348800,256,15,42377010654,17179869184,140.000000000,0.0
1,349056,256,15,42377010654,17179869184,140.000000000,0.0
1,349312,256,15,42377010654,17179869184,140.000000000,0.0
1,349568,256,15,42377010654,17179869184,140.000000000,0.0
1,349824,256,15,42377010654,17179869184,140.000000000,0.0
1,350080,256,15,42377010654,17179869184,140.000000000,0.0
1,350336,256,15,42377010654,17179869184,140.000000000,0.0
1,350592,256,15,42377010654,17179869184,140.000000000,0.0
1,350848,256,15,42377010654,17179869184,140.000000000,0.0
1,351104,256,15,42377010654,17179869184,140.000000000,0.0
1,351360,256,15,42377010654,17179869184,140.000000000,0.0
1,351616,256,15,42377010654,17179869184,140.000000000,0.0
1,351872,256,15,42377010654,17179869184,140.000000000,0.0
1,352128,256,15,42377010654,17179869184,140.000000000,0.0
1,352384,256,15,42377010654,17179869184,140.000000000,0.0
1,352640,256,15,42377010654,17179869184,140.000000000,0.0
1,352896,256,15,42377010654,17179869184,140.000000000,0.0
1,353152,256,15,42377010654,17179869184,140.000000000,0.0
1,353408,256,15,42377010654,17179869184,140.000000000,0.0
1,353664,256,15,42377010654,17179869184,140.000000000,0.0
1,353920,256,15,42377010654,17179869184,140.000000000,0.0
1,354176,256,15,42377010654,17179869184,140.000000000,0.0
1,354432,256,15,42377010654,17179869184,140.000000000,0.0
1,354688,256,15,42377010654,17179869184,140.000000000,0.0
1,354944,256,15,42377010654,17179869184,140.000000000,0.0
1,355200,256,15,42377010654,17179869184,140.000000000,0.0
1,355456,256,15,42377010654,17179869184,140.000000000,0.0
1,355712,256,15,42377010654,17179869184,140.000000000,0.0
1,355968,256,15,42377010654,17179869184,140.000000000,0.0
1,356224,256,15,42377010654,17179869184,140.000000000,0.0
1,356480,256,15,42377010654,17179869184,140.000000000,0.0
1,356736,256,15,42377010654,17179869184,140.000000000,0.0
1,356992,256,15,42377010654,17179869184,140.000000000,0.0
1,357248,256,15,42377010654,17179869184,140.000000000,0.0
1,357504,256,15,42377010654,17179869184,140.000000000,0.0
1,357760,256,15,42377010654,17179869184,140.000000000,0.0
1,358016,256,15,42377010654,17179869184,140.000000000,0.0
1,358272,256,15,42377010654,17179869184,140.000000000,0.0
1,358528,256,15,42377010654,17179869184,140.000000000,0.0
1,358784,256,15,42377010654,17179869184,140.000000000,0.0
1,359040,256,15,42377010654,17179869184,140.000000000,0.0
1,359296,256,15,42377010654,17179869184,140.000000000,0.0
1,359552,256,15,42377010654,17179869184,140.000000000,0.0
1,359808,256,15,42377010654,17179869184,140.000000000,0.0
1,360064,256,15,42377010654,17179869184,140.000000000,0.0
1,360320,256,15,42377010654,17179869184,140.000000000,0.0
1,360576,256,15,42377010654,17179869184,140.000000000,0.0
1,360832,256,15,42377010654,17179869184,140.000000000,0.0
1,361088,256,15,42377010654,17179869184,140.000000000,0.0
1,361344,256,15,42377010654,17179869184,140.000000000,0.0
1,361600,256,15,42377010654,17179869184,140.000000000,0.0
1,361856,256,15,42377010654,17179869184,140.000000000,0.0
1,362112,256,15,42377010654,17179869184,140.000000000,0.0
1,362368,256,15,42377010654,17179869184,140.000000000,0.0
1,362624,256,15,42377010654,17179869184,140.000000000,0.0
1,362880,256,15,42377010654,17179869184,140.000000000,0.0
1,363136,256,15,42377010654,17179869184,140.000000000,0.0
1,363392,256,15,42377010654,17179869184,140.000000000,0.0
1,363648,256,15,42377010654,17179869184,140.000000000,0.0
1,363904,256,15,42377010654,17179869184,140.000000000,0.0
1,364160,256,15,42377010654,17179869184,140.000000000,0.0
1,364416,256,15,42377010654,17179869184,140.000000000,0.0
1,364672,256,15,42377010654,17179869184,140.000000000,0.0
1,364928,256,15,42377010654,17179869184,140.000000000,0.0
1,365184,256,15,42377010654,17179869184,140.000000000,0.0
1,365440,256,15,42377010654,17179869184,140.000000000,0.0
1,365696,256,15,42377010654,17179869184,140.000000000,0.0
1,365952,256,15,42377010654,17179869184,140.000000000,0.0
1,366208,256,15,42377010654,17179869184,140.000000000,0.0
1,366464,256,15,42377010654,17179869184,140.000000000,0.0
1,366720,256,15,42377010654,17179869184,140.000000000,0.0
1,366976,256,15,42377010654,17179869184,140.000000000,0.0
1,367232,256,15,42377010654,17179869184,140.000000000,0.0
1,367488,256,15,42377010654,17179869184,140.000000000,0.0
1,367744,256,15,42377010654,17179869184,140.000000000,0.0
1,368000,256,15,42377010654,17179869184,140.000000000,0.0
1,368256,256,15,42377010654,17179869184,140.000000000,0.0
1,368512,256,15,42377010654,17179869184,140.000000000,0.0
1,368768,256,15,42377010654,17179869184,140.000000000,0.0
1,369024,256,15,42377010654,17179869184,140.000000000,0.0
1,369280,256,15,42377010654,17179869184,140.000000000,0.0
1,369536,256,15,42377010654,17179869184,140.000000000,0.0
1,369792,256,15,42377010654,17179869184,140.000000000,0.0
1,370048,256,15,42377010654,17179869184,140.000000000,0.0
1,370304,256,15,42377010654,17179869184,140.000000000,0.0
1,370560,256,15,42377010654,17179869184,140.000000000,0.0
1,370816,256,15,42377010654,17179869184,140.000000000,0.0
1,371072,256,15,42377010654,17179869184,140.000000000,0.0
1,371328,256,15,42377010654,17179869184,140.000000000,0.0
1,371584,256,15,42377010654,17179869184,140.000000000,0.0
1,371840,256,15,42377010654,17179869184,140.000000000,0.0
1,372096,256,15,42377010654,17179869184,140.000000000,0.0
1,372352,256,15,42377010654,17179869184,140.000000000,0.0
1,372608,256,15,42377010654,17179869184,140.000000000,0.0
1,372864,256,15,42377010654,17179869184,140.000000000,0.0
1,373120,256,15,42377010654,17179869184,140.000000000,0.0
1,373376,256,15,42377010654,17179869184,140.000000000,0.0
1,373632,256,15,42377010654,17179869184,140.000000000,0.0
1,373888,256,15,42377010654,17179869184,140.000000000,0.0
1,374144,256,15,42377010654,17179869184,140.000000000,0.0
1,374400,256,15,42377010654,17179869184,140.000000000,0.0
1,374656,256,15,42377010654,17179869184,140.000000000,0.0
1,374912,256,15,42377010654,17179869184,140.000000000,0.0
