2026-09-25T22:42:29.594Z +0.000s INFO  [app] session=292bafc9 start kabl-ui 0.1.0 (commit 99c28d30a08d) level=DEBUG log=target/signal-inspection-r1/user/logs/kabl.log
2026-09-25T22:42:29.598Z +0.004s INFO  [library] session=292bafc9 factory sounds: /home/user/kabl/patches; your sounds: target/signal-inspection-r1/user/sounds
2026-09-25T22:42:29.601Z +0.007s INFO  [midi] session=292bafc9 listening for MIDI on "kabl-pipe" (test pipe)
2026-09-25T22:42:29.601Z +0.007s INFO  [audio] session=292bafc9 backend=Alsa requested rate=Some(48000) frames=Some(256) rt=true
2026-09-25T22:42:29.616Z +0.022s INFO  [audio] session=292bafc9 device=Some("Default Audio Device") rate=48000 channels=2 buffer=Fixed(256)
2026-09-25T22:42:29.619Z +0.025s WARN  [winit::platform_impl::linux::x11::xdisplay] session=292bafc9 error setting XSETTINGS; Xft options won't reload automatically
2026-09-25T22:42:29.639Z +0.044s WARN  [winit::platform_impl::linux::x11::util::randr] session=292bafc9 XRandR reported that the display's 0mm in size, which is certifiably insane
2026-09-25T22:42:29.709Z +0.114s WARN  [audio] session=292bafc9 real-time priority refused: AudioThreadPriorityError: org.freedesktop.DBus.Error.FileNotFound:Failed to connect to socket /run/dbus/system_bus_socket: No such file or directory
2026-09-25T22:42:36.969Z +7.375s DEBUG [inspect] session=292bafc9 select module=4 port=out
2026-09-25T22:42:39.716Z +10.122s INFO  [audio.health] session=292bafc9 last 10.0s: xruns=2 late_executions=0 late_arrivals=96 callbacks=1889 worst_run_us=5292
2026-09-25T22:42:41.801Z +12.207s DEBUG [graph] session=292bafc9 compiled generation=2 fresh=false modules=6 took_us=57
2026-09-25T22:42:41.819Z +12.225s DEBUG [graph] session=292bafc9 compiled generation=3 fresh=false modules=6 took_us=97
2026-09-25T22:42:41.837Z +12.243s DEBUG [graph] session=292bafc9 compiled generation=4 fresh=false modules=6 took_us=46
2026-09-25T22:42:41.859Z +12.264s DEBUG [graph] session=292bafc9 compiled generation=5 fresh=false modules=6 took_us=43
2026-09-25T22:42:41.874Z +12.280s DEBUG [graph] session=292bafc9 compiled generation=6 fresh=false modules=6 took_us=44
2026-09-25T22:42:41.893Z +12.299s DEBUG [graph] session=292bafc9 compiled generation=7 fresh=false modules=6 took_us=44
2026-09-25T22:42:41.910Z +12.316s DEBUG [graph] session=292bafc9 compiled generation=8 fresh=false modules=6 took_us=53
2026-09-25T22:42:41.926Z +12.332s DEBUG [graph] session=292bafc9 compiled generation=9 fresh=false modules=6 took_us=40
2026-09-25T22:42:41.943Z +12.349s DEBUG [graph] session=292bafc9 compiled generation=10 fresh=false modules=6 took_us=50
2026-09-25T22:42:41.963Z +12.369s DEBUG [graph] session=292bafc9 compiled generation=11 fresh=false modules=6 took_us=60
2026-09-25T22:42:41.984Z +12.390s DEBUG [graph] session=292bafc9 compiled generation=12 fresh=false modules=6 took_us=114
2026-09-25T22:42:42.009Z +12.415s DEBUG [graph] session=292bafc9 compiled generation=13 fresh=false modules=6 took_us=48
2026-09-25T22:42:42.026Z +12.432s DEBUG [graph] session=292bafc9 compiled generation=14 fresh=false modules=6 took_us=45
2026-09-25T22:42:42.047Z +12.453s DEBUG [graph] session=292bafc9 compiled generation=15 fresh=false modules=6 took_us=41
2026-09-25T22:42:42.064Z +12.470s DEBUG [graph] session=292bafc9 compiled generation=16 fresh=false modules=6 took_us=47
2026-09-25T22:42:42.083Z +12.489s DEBUG [graph] session=292bafc9 compiled generation=17 fresh=false modules=6 took_us=45
2026-09-25T22:42:42.102Z +12.508s DEBUG [graph] session=292bafc9 compiled generation=18 fresh=false modules=6 took_us=52
2026-09-25T22:42:42.121Z +12.526s DEBUG [graph] session=292bafc9 compiled generation=19 fresh=false modules=6 took_us=47
2026-09-25T22:42:42.140Z +12.545s DEBUG [graph] session=292bafc9 compiled generation=20 fresh=false modules=6 took_us=75
2026-09-25T22:42:42.166Z +12.571s DEBUG [graph] session=292bafc9 compiled generation=21 fresh=false modules=6 took_us=54
2026-09-25T22:42:42.184Z +12.589s DEBUG [graph] session=292bafc9 compiled generation=22 fresh=false modules=6 took_us=61
2026-09-25T22:42:42.205Z +12.610s DEBUG [graph] session=292bafc9 compiled generation=23 fresh=false modules=6 took_us=53
2026-09-25T22:42:42.226Z +12.631s DEBUG [graph] session=292bafc9 compiled generation=24 fresh=false modules=6 took_us=57
2026-09-25T22:42:42.244Z +12.650s DEBUG [graph] session=292bafc9 compiled generation=25 fresh=false modules=6 took_us=50
2026-09-25T22:42:42.264Z +12.670s DEBUG [graph] session=292bafc9 compiled generation=26 fresh=false modules=6 took_us=42
2026-09-25T22:42:42.282Z +12.688s DEBUG [graph] session=292bafc9 compiled generation=27 fresh=false modules=6 took_us=44
2026-09-25T22:42:42.299Z +12.705s DEBUG [graph] session=292bafc9 compiled generation=28 fresh=false modules=6 took_us=43
2026-09-25T22:42:42.316Z +12.722s DEBUG [graph] session=292bafc9 compiled generation=29 fresh=false modules=6 took_us=44
2026-09-25T22:42:42.332Z +12.737s DEBUG [graph] session=292bafc9 compiled generation=30 fresh=false modules=6 took_us=44
2026-09-25T22:42:42.352Z +12.758s DEBUG [graph] session=292bafc9 compiled generation=31 fresh=false modules=6 took_us=47
2026-09-25T22:42:42.369Z +12.775s DEBUG [graph] session=292bafc9 compiled generation=32 fresh=false modules=6 took_us=50
2026-09-25T22:42:42.397Z +12.803s DEBUG [graph] session=292bafc9 compiled generation=33 fresh=false modules=6 took_us=50
2026-09-25T22:42:42.419Z +12.825s DEBUG [graph] session=292bafc9 compiled generation=34 fresh=false modules=6 took_us=51
2026-09-25T22:42:42.438Z +12.844s DEBUG [graph] session=292bafc9 compiled generation=35 fresh=false modules=6 took_us=52
2026-09-25T22:42:42.461Z +12.867s DEBUG [graph] session=292bafc9 compiled generation=36 fresh=false modules=6 took_us=51
2026-09-25T22:42:42.478Z +12.884s DEBUG [graph] session=292bafc9 compiled generation=37 fresh=false modules=6 took_us=52
2026-09-25T22:42:42.495Z +12.901s DEBUG [graph] session=292bafc9 compiled generation=38 fresh=false modules=6 took_us=50
2026-09-25T22:42:42.513Z +12.919s DEBUG [graph] session=292bafc9 compiled generation=39 fresh=false modules=6 took_us=49
2026-09-25T22:42:42.530Z +12.936s DEBUG [graph] session=292bafc9 compiled generation=40 fresh=false modules=6 took_us=45
2026-09-25T22:42:42.550Z +12.956s DEBUG [graph] session=292bafc9 compiled generation=41 fresh=false modules=6 took_us=44
2026-09-25T22:42:42.566Z +12.972s DEBUG [graph] session=292bafc9 compiled generation=42 fresh=false modules=6 took_us=44
2026-09-25T22:42:42.584Z +12.989s DEBUG [graph] session=292bafc9 compiled generation=43 fresh=false modules=6 took_us=82
2026-09-25T22:42:42.602Z +13.008s DEBUG [graph] session=292bafc9 compiled generation=44 fresh=false modules=6 took_us=48
2026-09-25T22:42:42.621Z +13.026s DEBUG [graph] session=292bafc9 compiled generation=45 fresh=false modules=6 took_us=52
2026-09-25T22:42:42.637Z +13.043s DEBUG [graph] session=292bafc9 compiled generation=46 fresh=false modules=6 took_us=50
2026-09-25T22:42:42.657Z +13.063s DEBUG [graph] session=292bafc9 compiled generation=47 fresh=false modules=6 took_us=48
2026-09-25T22:42:42.679Z +13.085s DEBUG [graph] session=292bafc9 compiled generation=48 fresh=false modules=6 took_us=102
2026-09-25T22:42:42.701Z +13.107s DEBUG [graph] session=292bafc9 compiled generation=49 fresh=false modules=6 took_us=50
2026-09-25T22:42:42.720Z +13.126s DEBUG [graph] session=292bafc9 compiled generation=50 fresh=false modules=6 took_us=47
2026-09-25T22:42:42.740Z +13.146s DEBUG [graph] session=292bafc9 compiled generation=51 fresh=false modules=6 took_us=63
2026-09-25T22:42:42.764Z +13.170s DEBUG [graph] session=292bafc9 compiled generation=52 fresh=false modules=6 took_us=47
2026-09-25T22:42:42.784Z +13.190s DEBUG [graph] session=292bafc9 compiled generation=53 fresh=false modules=6 took_us=50
2026-09-25T22:42:42.809Z +13.214s DEBUG [graph] session=292bafc9 compiled generation=54 fresh=false modules=6 took_us=80
2026-09-25T22:42:42.828Z +13.234s DEBUG [graph] session=292bafc9 compiled generation=55 fresh=false modules=6 took_us=43
2026-09-25T22:42:42.848Z +13.254s DEBUG [graph] session=292bafc9 compiled generation=56 fresh=false modules=6 took_us=43
2026-09-25T22:42:42.865Z +13.271s DEBUG [graph] session=292bafc9 compiled generation=57 fresh=false modules=6 took_us=45
2026-09-25T22:42:42.882Z +13.288s DEBUG [graph] session=292bafc9 compiled generation=58 fresh=false modules=6 took_us=49
2026-09-25T22:42:42.902Z +13.308s DEBUG [graph] session=292bafc9 compiled generation=59 fresh=false modules=6 took_us=53
2026-09-25T22:42:42.919Z +13.325s DEBUG [graph] session=292bafc9 compiled generation=60 fresh=false modules=6 took_us=48
2026-09-25T22:42:42.939Z +13.345s DEBUG [graph] session=292bafc9 compiled generation=61 fresh=false modules=6 took_us=46
2026-09-25T22:42:42.958Z +13.364s DEBUG [graph] session=292bafc9 compiled generation=62 fresh=false modules=6 took_us=54
2026-09-25T22:42:42.975Z +13.381s DEBUG [graph] session=292bafc9 compiled generation=63 fresh=false modules=6 took_us=43
2026-09-25T22:42:42.994Z +13.399s DEBUG [graph] session=292bafc9 compiled generation=64 fresh=false modules=6 took_us=47
2026-09-25T22:42:43.011Z +13.416s DEBUG [graph] session=292bafc9 compiled generation=65 fresh=false modules=6 took_us=43
2026-09-25T22:42:43.030Z +13.435s DEBUG [graph] session=292bafc9 compiled generation=66 fresh=false modules=6 took_us=69
2026-09-25T22:42:43.054Z +13.460s DEBUG [graph] session=292bafc9 compiled generation=67 fresh=false modules=6 took_us=48
2026-09-25T22:42:43.076Z +13.482s DEBUG [graph] session=292bafc9 compiled generation=68 fresh=false modules=6 took_us=55
2026-09-25T22:42:43.098Z +13.503s DEBUG [graph] session=292bafc9 compiled generation=69 fresh=false modules=6 took_us=56
2026-09-25T22:42:43.117Z +13.523s DEBUG [graph] session=292bafc9 compiled generation=70 fresh=false modules=6 took_us=50
2026-09-25T22:42:43.135Z +13.541s DEBUG [graph] session=292bafc9 compiled generation=71 fresh=false modules=6 took_us=43
2026-09-25T22:42:43.154Z +13.559s DEBUG [graph] session=292bafc9 compiled generation=72 fresh=false modules=6 took_us=44
2026-09-25T22:42:43.175Z +13.581s DEBUG [graph] session=292bafc9 compiled generation=73 fresh=false modules=6 took_us=50
2026-09-25T22:42:43.197Z +13.603s DEBUG [graph] session=292bafc9 compiled generation=74 fresh=false modules=6 took_us=49
2026-09-25T22:42:43.218Z +13.624s DEBUG [graph] session=292bafc9 compiled generation=75 fresh=false modules=6 took_us=44
2026-09-25T22:42:43.238Z +13.643s DEBUG [graph] session=292bafc9 compiled generation=76 fresh=false modules=6 took_us=50
2026-09-25T22:42:43.262Z +13.668s DEBUG [graph] session=292bafc9 compiled generation=77 fresh=false modules=6 took_us=47
2026-09-25T22:42:43.283Z +13.689s DEBUG [graph] session=292bafc9 compiled generation=78 fresh=false modules=6 took_us=57
2026-09-25T22:42:43.302Z +13.708s DEBUG [graph] session=292bafc9 compiled generation=79 fresh=false modules=6 took_us=57
2026-09-25T22:42:43.318Z +13.724s DEBUG [graph] session=292bafc9 compiled generation=80 fresh=false modules=6 took_us=41
2026-09-25T22:42:43.333Z +13.739s DEBUG [graph] session=292bafc9 compiled generation=81 fresh=false modules=6 took_us=45
2026-09-25T22:42:43.352Z +13.758s DEBUG [graph] session=292bafc9 compiled generation=82 fresh=false modules=6 took_us=53
2026-09-25T22:42:43.374Z +13.780s DEBUG [graph] session=292bafc9 compiled generation=83 fresh=false modules=6 took_us=53
2026-09-25T22:42:43.391Z +13.797s DEBUG [graph] session=292bafc9 compiled generation=84 fresh=false modules=6 took_us=51
2026-09-25T22:42:43.415Z +13.821s DEBUG [graph] session=292bafc9 compiled generation=85 fresh=false modules=6 took_us=44
2026-09-25T22:42:43.432Z +13.838s DEBUG [graph] session=292bafc9 compiled generation=86 fresh=false modules=6 took_us=48
2026-09-25T22:42:43.456Z +13.862s DEBUG [graph] session=292bafc9 compiled generation=87 fresh=false modules=6 took_us=49
2026-09-25T22:42:43.474Z +13.879s DEBUG [graph] session=292bafc9 compiled generation=88 fresh=false modules=6 took_us=73
2026-09-25T22:42:43.496Z +13.902s DEBUG [graph] session=292bafc9 compiled generation=89 fresh=false modules=6 took_us=48
2026-09-25T22:42:43.516Z +13.922s DEBUG [graph] session=292bafc9 compiled generation=90 fresh=false modules=6 took_us=41
2026-09-25T22:42:43.533Z +13.939s DEBUG [graph] session=292bafc9 compiled generation=91 fresh=false modules=6 took_us=42
2026-09-25T22:42:43.553Z +13.958s DEBUG [graph] session=292bafc9 compiled generation=92 fresh=false modules=6 took_us=69
2026-09-25T22:42:43.571Z +13.977s DEBUG [graph] session=292bafc9 compiled generation=93 fresh=false modules=6 took_us=41
2026-09-25T22:42:43.588Z +13.994s DEBUG [graph] session=292bafc9 compiled generation=94 fresh=false modules=6 took_us=64
2026-09-25T22:42:43.610Z +14.016s DEBUG [graph] session=292bafc9 compiled generation=95 fresh=false modules=6 took_us=46
2026-09-25T22:42:43.629Z +14.035s DEBUG [graph] session=292bafc9 compiled generation=96 fresh=false modules=6 took_us=60
2026-09-25T22:42:43.652Z +14.058s DEBUG [graph] session=292bafc9 compiled generation=97 fresh=false modules=6 took_us=62
2026-09-25T22:42:43.676Z +14.082s DEBUG [graph] session=292bafc9 compiled generation=98 fresh=false modules=6 took_us=49
2026-09-25T22:42:43.696Z +14.102s DEBUG [graph] session=292bafc9 compiled generation=99 fresh=false modules=6 took_us=46
2026-09-25T22:42:43.716Z +14.122s DEBUG [graph] session=292bafc9 compiled generation=100 fresh=false modules=6 took_us=47
2026-09-25T22:42:43.736Z +14.141s DEBUG [graph] session=292bafc9 compiled generation=101 fresh=false modules=6 took_us=40
2026-09-25T22:42:43.757Z +14.163s DEBUG [graph] session=292bafc9 compiled generation=102 fresh=false modules=6 took_us=41
2026-09-25T22:42:43.773Z +14.179s DEBUG [graph] session=292bafc9 compiled generation=103 fresh=false modules=6 took_us=41
2026-09-25T22:42:43.791Z +14.196s DEBUG [graph] session=292bafc9 compiled generation=104 fresh=false modules=6 took_us=40
2026-09-25T22:42:43.806Z +14.212s DEBUG [graph] session=292bafc9 compiled generation=105 fresh=false modules=6 took_us=43
2026-09-25T22:42:43.821Z +14.227s DEBUG [graph] session=292bafc9 compiled generation=106 fresh=false modules=6 took_us=41
2026-09-25T22:42:43.836Z +14.242s DEBUG [graph] session=292bafc9 compiled generation=107 fresh=false modules=6 took_us=41
2026-09-25T22:42:43.857Z +14.263s DEBUG [graph] session=292bafc9 compiled generation=108 fresh=false modules=6 took_us=43
2026-09-25T22:42:43.873Z +14.278s DEBUG [graph] session=292bafc9 compiled generation=109 fresh=false modules=6 took_us=41
2026-09-25T22:42:43.889Z +14.294s DEBUG [graph] session=292bafc9 compiled generation=110 fresh=false modules=6 took_us=68
2026-09-25T22:42:43.905Z +14.311s DEBUG [graph] session=292bafc9 compiled generation=111 fresh=false modules=6 took_us=44
2026-09-25T22:42:43.921Z +14.327s DEBUG [graph] session=292bafc9 compiled generation=112 fresh=false modules=6 took_us=40
2026-09-25T22:42:43.938Z +14.344s DEBUG [graph] session=292bafc9 compiled generation=113 fresh=false modules=6 took_us=49
2026-09-25T22:42:43.959Z +14.365s DEBUG [graph] session=292bafc9 compiled generation=114 fresh=false modules=6 took_us=49
2026-09-25T22:42:43.976Z +14.382s DEBUG [graph] session=292bafc9 compiled generation=115 fresh=false modules=6 took_us=58
2026-09-25T22:42:43.998Z +14.404s DEBUG [graph] session=292bafc9 compiled generation=116 fresh=false modules=6 took_us=49
2026-09-25T22:42:44.017Z +14.423s DEBUG [graph] session=292bafc9 compiled generation=117 fresh=false modules=6 took_us=43
2026-09-25T22:42:44.033Z +14.439s DEBUG [graph] session=292bafc9 compiled generation=118 fresh=false modules=6 took_us=43
2026-09-25T22:42:44.054Z +14.460s DEBUG [graph] session=292bafc9 compiled generation=119 fresh=false modules=6 took_us=43
2026-09-25T22:42:44.072Z +14.478s DEBUG [graph] session=292bafc9 compiled generation=120 fresh=false modules=6 took_us=44
2026-09-25T22:42:44.088Z +14.494s DEBUG [graph] session=292bafc9 compiled generation=121 fresh=false modules=6 took_us=45
2026-09-25T22:42:44.106Z +14.512s DEBUG [graph] session=292bafc9 compiled generation=122 fresh=false modules=6 took_us=43
2026-09-25T22:42:44.127Z +14.533s DEBUG [graph] session=292bafc9 compiled generation=123 fresh=false modules=6 took_us=40
2026-09-25T22:42:44.147Z +14.553s DEBUG [graph] session=292bafc9 compiled generation=124 fresh=false modules=6 took_us=43
2026-09-25T22:42:44.164Z +14.570s DEBUG [graph] session=292bafc9 compiled generation=125 fresh=false modules=6 took_us=43
2026-09-25T22:42:44.182Z +14.588s DEBUG [graph] session=292bafc9 compiled generation=126 fresh=false modules=6 took_us=53
2026-09-25T22:42:44.202Z +14.608s DEBUG [graph] session=292bafc9 compiled generation=127 fresh=false modules=6 took_us=46
2026-09-25T22:42:44.221Z +14.627s DEBUG [graph] session=292bafc9 compiled generation=128 fresh=false modules=6 took_us=50
2026-09-25T22:42:44.238Z +14.644s DEBUG [graph] session=292bafc9 compiled generation=129 fresh=false modules=6 took_us=47
2026-09-25T22:42:44.258Z +14.664s DEBUG [graph] session=292bafc9 compiled generation=130 fresh=false modules=6 took_us=47
2026-09-25T22:42:44.278Z +14.684s DEBUG [graph] session=292bafc9 compiled generation=131 fresh=false modules=6 took_us=47
2026-09-25T22:42:44.299Z +14.704s DEBUG [graph] session=292bafc9 compiled generation=132 fresh=false modules=6 took_us=71
2026-09-25T22:42:44.317Z +14.723s DEBUG [graph] session=292bafc9 compiled generation=133 fresh=false modules=6 took_us=46
2026-09-25T22:42:44.336Z +14.742s DEBUG [graph] session=292bafc9 compiled generation=134 fresh=false modules=6 took_us=49
2026-09-25T22:42:44.359Z +14.765s DEBUG [graph] session=292bafc9 compiled generation=135 fresh=false modules=6 took_us=48
2026-09-25T22:42:44.376Z +14.782s DEBUG [graph] session=292bafc9 compiled generation=136 fresh=false modules=6 took_us=49
2026-09-25T22:42:44.394Z +14.800s DEBUG [graph] session=292bafc9 compiled generation=137 fresh=false modules=6 took_us=61
2026-09-25T22:42:44.413Z +14.819s DEBUG [graph] session=292bafc9 compiled generation=138 fresh=false modules=6 took_us=58
2026-09-25T22:42:44.430Z +14.836s DEBUG [graph] session=292bafc9 compiled generation=139 fresh=false modules=6 took_us=47
2026-09-25T22:42:44.452Z +14.858s DEBUG [graph] session=292bafc9 compiled generation=140 fresh=false modules=6 took_us=46
2026-09-25T22:42:44.471Z +14.877s DEBUG [graph] session=292bafc9 compiled generation=141 fresh=false modules=6 took_us=52
2026-09-25T22:42:44.490Z +14.896s DEBUG [graph] session=292bafc9 compiled generation=142 fresh=false modules=6 took_us=62
2026-09-25T22:42:44.508Z +14.914s DEBUG [graph] session=292bafc9 compiled generation=143 fresh=false modules=6 took_us=52
2026-09-25T22:42:44.526Z +14.931s DEBUG [graph] session=292bafc9 compiled generation=144 fresh=false modules=6 took_us=48
2026-09-25T22:42:44.554Z +14.960s DEBUG [graph] session=292bafc9 compiled generation=145 fresh=false modules=6 took_us=45
2026-09-25T22:42:44.571Z +14.977s DEBUG [graph] session=292bafc9 compiled generation=146 fresh=false modules=6 took_us=46
2026-09-25T22:42:44.591Z +14.997s DEBUG [graph] session=292bafc9 compiled generation=147 fresh=false modules=6 took_us=47
2026-09-25T22:42:44.611Z +15.017s DEBUG [graph] session=292bafc9 compiled generation=148 fresh=false modules=6 took_us=43
2026-09-25T22:42:44.628Z +15.034s DEBUG [graph] session=292bafc9 compiled generation=149 fresh=false modules=6 took_us=43
2026-09-25T22:42:44.650Z +15.056s DEBUG [graph] session=292bafc9 compiled generation=150 fresh=false modules=6 took_us=42
2026-09-25T22:42:44.672Z +15.078s DEBUG [graph] session=292bafc9 compiled generation=151 fresh=false modules=6 took_us=44
2026-09-25T22:42:44.694Z +15.100s DEBUG [graph] session=292bafc9 compiled generation=152 fresh=false modules=6 took_us=42
2026-09-25T22:42:44.716Z +15.122s DEBUG [graph] session=292bafc9 compiled generation=153 fresh=false modules=6 took_us=69
2026-09-25T22:42:44.739Z +15.145s DEBUG [graph] session=292bafc9 compiled generation=154 fresh=false modules=6 took_us=66
2026-09-25T22:42:44.766Z +15.172s DEBUG [graph] session=292bafc9 compiled generation=155 fresh=false modules=6 took_us=61
2026-09-25T22:42:44.792Z +15.198s DEBUG [graph] session=292bafc9 compiled generation=156 fresh=false modules=6 took_us=69
2026-09-25T22:42:44.816Z +15.222s DEBUG [graph] session=292bafc9 compiled generation=157 fresh=false modules=6 took_us=52
2026-09-25T22:42:44.835Z +15.241s DEBUG [graph] session=292bafc9 compiled generation=158 fresh=false modules=6 took_us=42
2026-09-25T22:42:44.858Z +15.264s DEBUG [graph] session=292bafc9 compiled generation=159 fresh=false modules=6 took_us=45
2026-09-25T22:42:44.875Z +15.281s DEBUG [graph] session=292bafc9 compiled generation=160 fresh=false modules=6 took_us=47
2026-09-25T22:42:44.897Z +15.302s DEBUG [graph] session=292bafc9 compiled generation=161 fresh=false modules=6 took_us=73
2026-09-25T22:42:44.913Z +15.319s DEBUG [graph] session=292bafc9 compiled generation=162 fresh=false modules=6 took_us=56
2026-09-25T22:42:44.930Z +15.336s DEBUG [graph] session=292bafc9 compiled generation=163 fresh=false modules=6 took_us=45
2026-09-25T22:42:44.954Z +15.360s DEBUG [graph] session=292bafc9 compiled generation=164 fresh=false modules=6 took_us=50
2026-09-25T22:42:44.974Z +15.380s DEBUG [graph] session=292bafc9 compiled generation=165 fresh=false modules=6 took_us=49
2026-09-25T22:42:44.993Z +15.399s DEBUG [graph] session=292bafc9 compiled generation=166 fresh=false modules=6 took_us=40
2026-09-25T22:42:45.010Z +15.416s DEBUG [graph] session=292bafc9 compiled generation=167 fresh=false modules=6 took_us=44
2026-09-25T22:42:45.026Z +15.432s DEBUG [graph] session=292bafc9 compiled generation=168 fresh=false modules=6 took_us=42
2026-09-25T22:42:45.045Z +15.451s DEBUG [graph] session=292bafc9 compiled generation=169 fresh=false modules=6 took_us=42
2026-09-25T22:42:45.065Z +15.471s DEBUG [graph] session=292bafc9 compiled generation=170 fresh=false modules=6 took_us=42
2026-09-25T22:42:45.085Z +15.491s DEBUG [graph] session=292bafc9 compiled generation=171 fresh=false modules=6 took_us=48
2026-09-25T22:42:45.103Z +15.509s DEBUG [graph] session=292bafc9 compiled generation=172 fresh=false modules=6 took_us=49
2026-09-25T22:42:45.121Z +15.527s DEBUG [graph] session=292bafc9 compiled generation=173 fresh=false modules=6 took_us=46
2026-09-25T22:42:45.139Z +15.545s DEBUG [graph] session=292bafc9 compiled generation=174 fresh=false modules=6 took_us=48
2026-09-25T22:42:45.162Z +15.567s DEBUG [graph] session=292bafc9 compiled generation=175 fresh=false modules=6 took_us=93
2026-09-25T22:42:45.179Z +15.585s DEBUG [graph] session=292bafc9 compiled generation=176 fresh=false modules=6 took_us=47
2026-09-25T22:42:45.201Z +15.607s DEBUG [graph] session=292bafc9 compiled generation=177 fresh=false modules=6 took_us=50
2026-09-25T22:42:45.222Z +15.628s DEBUG [graph] session=292bafc9 compiled generation=178 fresh=false modules=6 took_us=59
2026-09-25T22:42:45.244Z +15.650s DEBUG [graph] session=292bafc9 compiled generation=179 fresh=false modules=6 took_us=49
2026-09-25T22:42:45.263Z +15.669s DEBUG [graph] session=292bafc9 compiled generation=180 fresh=false modules=6 took_us=50
2026-09-25T22:42:45.282Z +15.688s DEBUG [graph] session=292bafc9 compiled generation=181 fresh=false modules=6 took_us=46
2026-09-25T22:42:45.301Z +15.707s DEBUG [graph] session=292bafc9 compiled generation=182 fresh=false modules=6 took_us=43
2026-09-25T22:42:45.318Z +15.724s DEBUG [graph] session=292bafc9 compiled generation=183 fresh=false modules=6 took_us=43
2026-09-25T22:42:45.335Z +15.741s DEBUG [graph] session=292bafc9 compiled generation=184 fresh=false modules=6 took_us=50
2026-09-25T22:42:45.359Z +15.765s DEBUG [graph] session=292bafc9 compiled generation=185 fresh=false modules=6 took_us=49
2026-09-25T22:42:45.376Z +15.782s DEBUG [graph] session=292bafc9 compiled generation=186 fresh=false modules=6 took_us=50
2026-09-25T22:42:45.394Z +15.800s DEBUG [graph] session=292bafc9 compiled generation=187 fresh=false modules=6 took_us=49
2026-09-25T22:42:45.416Z +15.822s DEBUG [graph] session=292bafc9 compiled generation=188 fresh=false modules=6 took_us=49
2026-09-25T22:42:45.434Z +15.840s DEBUG [graph] session=292bafc9 compiled generation=189 fresh=false modules=6 took_us=48
2026-09-25T22:42:45.454Z +15.860s DEBUG [graph] session=292bafc9 compiled generation=190 fresh=false modules=6 took_us=45
2026-09-25T22:42:45.473Z +15.879s DEBUG [graph] session=292bafc9 compiled generation=191 fresh=false modules=6 took_us=43
2026-09-25T22:42:45.492Z +15.898s DEBUG [graph] session=292bafc9 compiled generation=192 fresh=false modules=6 took_us=41
2026-09-25T22:42:45.508Z +15.914s DEBUG [graph] session=292bafc9 compiled generation=193 fresh=false modules=6 took_us=42
2026-09-25T22:42:45.525Z +15.930s DEBUG [graph] session=292bafc9 compiled generation=194 fresh=false modules=6 took_us=50
2026-09-25T22:42:45.540Z +15.946s DEBUG [graph] session=292bafc9 compiled generation=195 fresh=false modules=6 took_us=46
2026-09-25T22:42:45.558Z +15.963s DEBUG [graph] session=292bafc9 compiled generation=196 fresh=false modules=6 took_us=49
2026-09-25T22:42:45.577Z +15.983s DEBUG [graph] session=292bafc9 compiled generation=197 fresh=false modules=6 took_us=50
2026-09-25T22:42:45.596Z +16.002s DEBUG [graph] session=292bafc9 compiled generation=198 fresh=false modules=6 took_us=65
2026-09-25T22:42:45.617Z +16.023s DEBUG [graph] session=292bafc9 compiled generation=199 fresh=false modules=6 took_us=51
2026-09-25T22:42:45.635Z +16.041s DEBUG [graph] session=292bafc9 compiled generation=200 fresh=false modules=6 took_us=51
2026-09-25T22:42:45.654Z +16.060s DEBUG [graph] session=292bafc9 compiled generation=201 fresh=false modules=6 took_us=50
2026-09-25T22:42:45.672Z +16.078s DEBUG [graph] session=292bafc9 compiled generation=202 fresh=false modules=6 took_us=51
2026-09-25T22:42:45.690Z +16.096s DEBUG [graph] session=292bafc9 compiled generation=203 fresh=false modules=6 took_us=50
2026-09-25T22:42:45.710Z +16.116s DEBUG [graph] session=292bafc9 compiled generation=204 fresh=false modules=6 took_us=56
2026-09-25T22:42:45.730Z +16.136s DEBUG [graph] session=292bafc9 compiled generation=205 fresh=false modules=6 took_us=49
2026-09-25T22:42:45.755Z +16.161s DEBUG [graph] session=292bafc9 compiled generation=206 fresh=false modules=6 took_us=51
2026-09-25T22:42:45.775Z +16.181s DEBUG [graph] session=292bafc9 compiled generation=207 fresh=false modules=6 took_us=100
2026-09-25T22:42:45.798Z +16.204s DEBUG [graph] session=292bafc9 compiled generation=208 fresh=false modules=6 took_us=43
2026-09-25T22:42:45.814Z +16.220s DEBUG [graph] session=292bafc9 compiled generation=209 fresh=false modules=6 took_us=42
2026-09-25T22:42:45.831Z +16.237s DEBUG [graph] session=292bafc9 compiled generation=210 fresh=false modules=6 took_us=57
2026-09-25T22:42:45.852Z +16.258s DEBUG [graph] session=292bafc9 compiled generation=211 fresh=false modules=6 took_us=42
2026-09-25T22:42:45.875Z +16.281s DEBUG [graph] session=292bafc9 compiled generation=212 fresh=false modules=6 took_us=51
2026-09-25T22:42:45.897Z +16.303s DEBUG [graph] session=292bafc9 compiled generation=213 fresh=false modules=6 took_us=45
2026-09-25T22:42:45.916Z +16.322s DEBUG [graph] session=292bafc9 compiled generation=214 fresh=false modules=6 took_us=52
2026-09-25T22:42:45.937Z +16.342s DEBUG [graph] session=292bafc9 compiled generation=215 fresh=false modules=6 took_us=49
2026-09-25T22:42:45.958Z +16.364s DEBUG [graph] session=292bafc9 compiled generation=216 fresh=false modules=6 took_us=44
2026-09-25T22:42:45.975Z +16.380s DEBUG [graph] session=292bafc9 compiled generation=217 fresh=false modules=6 took_us=82
2026-09-25T22:42:45.994Z +16.400s DEBUG [graph] session=292bafc9 compiled generation=218 fresh=false modules=6 took_us=44
2026-09-25T22:42:46.012Z +16.418s DEBUG [graph] session=292bafc9 compiled generation=219 fresh=false modules=6 took_us=44
2026-09-25T22:42:46.029Z +16.435s DEBUG [graph] session=292bafc9 compiled generation=220 fresh=false modules=6 took_us=44
2026-09-25T22:42:46.048Z +16.454s DEBUG [graph] session=292bafc9 compiled generation=221 fresh=false modules=6 took_us=44
2026-09-25T22:42:46.065Z +16.471s DEBUG [graph] session=292bafc9 compiled generation=222 fresh=false modules=6 took_us=42
2026-09-25T22:42:46.080Z +16.486s DEBUG [graph] session=292bafc9 compiled generation=223 fresh=false modules=6 took_us=43
2026-09-25T22:42:46.098Z +16.504s DEBUG [graph] session=292bafc9 compiled generation=224 fresh=false modules=6 took_us=41
2026-09-25T22:42:46.113Z +16.519s DEBUG [graph] session=292bafc9 compiled generation=225 fresh=false modules=6 took_us=45
2026-09-25T22:42:46.129Z +16.535s DEBUG [graph] session=292bafc9 compiled generation=226 fresh=false modules=6 took_us=46
2026-09-25T22:42:46.150Z +16.556s DEBUG [graph] session=292bafc9 compiled generation=227 fresh=false modules=6 took_us=52
2026-09-25T22:42:46.166Z +16.572s DEBUG [graph] session=292bafc9 compiled generation=228 fresh=false modules=6 took_us=43
2026-09-25T22:42:46.183Z +16.588s DEBUG [graph] session=292bafc9 compiled generation=229 fresh=false modules=6 took_us=95
2026-09-25T22:42:46.203Z +16.608s DEBUG [graph] session=292bafc9 compiled generation=230 fresh=false modules=6 took_us=83
2026-09-25T22:42:46.221Z +16.627s DEBUG [graph] session=292bafc9 compiled generation=231 fresh=false modules=6 took_us=42
2026-09-25T22:42:46.238Z +16.644s DEBUG [graph] session=292bafc9 compiled generation=232 fresh=false modules=6 took_us=45
2026-09-25T22:42:46.259Z +16.665s DEBUG [graph] session=292bafc9 compiled generation=233 fresh=false modules=6 took_us=46
2026-09-25T22:42:46.276Z +16.682s DEBUG [graph] session=292bafc9 compiled generation=234 fresh=false modules=6 took_us=47
2026-09-25T22:42:46.295Z +16.701s DEBUG [graph] session=292bafc9 compiled generation=235 fresh=false modules=6 took_us=59
2026-09-25T22:42:46.316Z +16.722s DEBUG [graph] session=292bafc9 compiled generation=236 fresh=false modules=6 took_us=45
2026-09-25T22:42:46.332Z +16.738s DEBUG [graph] session=292bafc9 compiled generation=237 fresh=false modules=6 took_us=47
2026-09-25T22:42:46.351Z +16.757s DEBUG [graph] session=292bafc9 compiled generation=238 fresh=false modules=6 took_us=44
2026-09-25T22:42:46.374Z +16.780s DEBUG [graph] session=292bafc9 compiled generation=239 fresh=false modules=6 took_us=47
2026-09-25T22:42:46.396Z +16.802s DEBUG [graph] session=292bafc9 compiled generation=240 fresh=false modules=6 took_us=47
2026-09-25T22:42:46.413Z +16.819s DEBUG [graph] session=292bafc9 compiled generation=241 fresh=false modules=6 took_us=47
2026-09-25T22:42:46.431Z +16.837s DEBUG [graph] session=292bafc9 compiled generation=242 fresh=false modules=6 took_us=47
2026-09-25T22:42:46.452Z +16.858s DEBUG [graph] session=292bafc9 compiled generation=243 fresh=false modules=6 took_us=47
2026-09-25T22:42:46.469Z +16.875s DEBUG [graph] session=292bafc9 compiled generation=244 fresh=false modules=6 took_us=45
2026-09-25T22:42:46.487Z +16.893s DEBUG [graph] session=292bafc9 compiled generation=245 fresh=false modules=6 took_us=50
2026-09-25T22:42:46.507Z +16.913s DEBUG [graph] session=292bafc9 compiled generation=246 fresh=false modules=6 took_us=50
2026-09-25T22:42:46.527Z +16.933s DEBUG [graph] session=292bafc9 compiled generation=247 fresh=false modules=6 took_us=62
2026-09-25T22:42:46.550Z +16.956s DEBUG [graph] session=292bafc9 compiled generation=248 fresh=false modules=6 took_us=64
2026-09-25T22:42:46.570Z +16.976s DEBUG [graph] session=292bafc9 compiled generation=249 fresh=false modules=6 took_us=58
2026-09-25T22:42:46.588Z +16.994s DEBUG [graph] session=292bafc9 compiled generation=250 fresh=false modules=6 took_us=46
2026-09-25T22:42:46.608Z +17.014s DEBUG [graph] session=292bafc9 compiled generation=251 fresh=false modules=6 took_us=52
2026-09-25T22:42:46.625Z +17.031s DEBUG [graph] session=292bafc9 compiled generation=252 fresh=false modules=6 took_us=48
2026-09-25T22:42:46.645Z +17.051s DEBUG [graph] session=292bafc9 compiled generation=253 fresh=false modules=6 took_us=48
2026-09-25T22:42:46.665Z +17.071s DEBUG [graph] session=292bafc9 compiled generation=254 fresh=false modules=6 took_us=45
2026-09-25T22:42:46.686Z +17.092s DEBUG [graph] session=292bafc9 compiled generation=255 fresh=false modules=6 took_us=52
2026-09-25T22:42:46.707Z +17.113s DEBUG [graph] session=292bafc9 compiled generation=256 fresh=false modules=6 took_us=57
2026-09-25T22:42:46.726Z +17.132s DEBUG [graph] session=292bafc9 compiled generation=257 fresh=false modules=6 took_us=46
2026-09-25T22:42:46.743Z +17.149s DEBUG [graph] session=292bafc9 compiled generation=258 fresh=false modules=6 took_us=45
2026-09-25T22:42:46.763Z +17.169s DEBUG [graph] session=292bafc9 compiled generation=259 fresh=false modules=6 took_us=51
2026-09-25T22:42:46.785Z +17.191s DEBUG [graph] session=292bafc9 compiled generation=260 fresh=false modules=6 took_us=48
2026-09-25T22:42:46.806Z +17.212s DEBUG [graph] session=292bafc9 compiled generation=261 fresh=false modules=6 took_us=50
2026-09-25T22:42:46.827Z +17.233s DEBUG [graph] session=292bafc9 compiled generation=262 fresh=false modules=6 took_us=50
2026-09-25T22:42:46.849Z +17.255s DEBUG [graph] session=292bafc9 compiled generation=263 fresh=false modules=6 took_us=48
2026-09-25T22:42:46.866Z +17.272s DEBUG [graph] session=292bafc9 compiled generation=264 fresh=false modules=6 took_us=52
2026-09-25T22:42:46.886Z +17.292s DEBUG [graph] session=292bafc9 compiled generation=265 fresh=false modules=6 took_us=42
2026-09-25T22:42:46.909Z +17.315s DEBUG [graph] session=292bafc9 compiled generation=266 fresh=false modules=6 took_us=45
2026-09-25T22:42:46.925Z +17.331s DEBUG [graph] session=292bafc9 compiled generation=267 fresh=false modules=6 took_us=47
2026-09-25T22:42:46.948Z +17.354s DEBUG [graph] session=292bafc9 compiled generation=268 fresh=false modules=6 took_us=45
2026-09-25T22:42:46.966Z +17.372s DEBUG [graph] session=292bafc9 compiled generation=269 fresh=false modules=6 took_us=46
2026-09-25T22:42:46.985Z +17.391s DEBUG [graph] session=292bafc9 compiled generation=270 fresh=false modules=6 took_us=49
2026-09-25T22:42:47.006Z +17.412s DEBUG [graph] session=292bafc9 compiled generation=271 fresh=false modules=6 took_us=47
2026-09-25T22:42:47.024Z +17.430s DEBUG [graph] session=292bafc9 compiled generation=272 fresh=false modules=6 took_us=47
2026-09-25T22:42:47.041Z +17.447s DEBUG [graph] session=292bafc9 compiled generation=273 fresh=false modules=6 took_us=45
2026-09-25T22:42:47.063Z +17.468s DEBUG [graph] session=292bafc9 compiled generation=274 fresh=false modules=6 took_us=85
2026-09-25T22:42:47.083Z +17.489s DEBUG [graph] session=292bafc9 compiled generation=275 fresh=false modules=6 took_us=53
2026-09-25T22:42:47.103Z +17.509s DEBUG [graph] session=292bafc9 compiled generation=276 fresh=false modules=6 took_us=46
2026-09-25T22:42:47.125Z +17.531s DEBUG [graph] session=292bafc9 compiled generation=277 fresh=false modules=6 took_us=49
2026-09-25T22:42:47.146Z +17.552s DEBUG [graph] session=292bafc9 compiled generation=278 fresh=false modules=6 took_us=44
2026-09-25T22:42:47.165Z +17.571s DEBUG [graph] session=292bafc9 compiled generation=279 fresh=false modules=6 took_us=43
2026-09-25T22:42:47.185Z +17.591s DEBUG [graph] session=292bafc9 compiled generation=280 fresh=false modules=6 took_us=43
2026-09-25T22:42:47.208Z +17.614s DEBUG [graph] session=292bafc9 compiled generation=281 fresh=false modules=6 took_us=44
2026-09-25T22:42:47.227Z +17.633s DEBUG [graph] session=292bafc9 compiled generation=282 fresh=false modules=6 took_us=132
2026-09-25T22:42:47.250Z +17.656s DEBUG [graph] session=292bafc9 compiled generation=283 fresh=false modules=6 took_us=45
2026-09-25T22:42:47.269Z +17.675s DEBUG [graph] session=292bafc9 compiled generation=284 fresh=false modules=6 took_us=51
2026-09-25T22:42:47.289Z +17.695s DEBUG [graph] session=292bafc9 compiled generation=285 fresh=false modules=6 took_us=43
2026-09-25T22:42:47.310Z +17.715s DEBUG [graph] session=292bafc9 compiled generation=286 fresh=false modules=6 took_us=82
2026-09-25T22:42:47.329Z +17.735s DEBUG [graph] session=292bafc9 compiled generation=287 fresh=false modules=6 took_us=56
2026-09-25T22:42:47.353Z +17.759s DEBUG [graph] session=292bafc9 compiled generation=288 fresh=false modules=6 took_us=54
2026-09-25T22:42:47.369Z +17.775s DEBUG [graph] session=292bafc9 compiled generation=289 fresh=false modules=6 took_us=42
2026-09-25T22:42:47.385Z +17.791s DEBUG [graph] session=292bafc9 compiled generation=290 fresh=false modules=6 took_us=42
2026-09-25T22:42:47.407Z +17.813s DEBUG [graph] session=292bafc9 compiled generation=291 fresh=false modules=6 took_us=48
2026-09-25T22:42:47.427Z +17.833s DEBUG [graph] session=292bafc9 compiled generation=292 fresh=false modules=6 took_us=48
2026-09-25T22:42:47.451Z +17.857s DEBUG [graph] session=292bafc9 compiled generation=293 fresh=false modules=6 took_us=58
2026-09-25T22:42:47.473Z +17.879s DEBUG [graph] session=292bafc9 compiled generation=294 fresh=false modules=6 took_us=50
2026-09-25T22:42:47.495Z +17.901s DEBUG [graph] session=292bafc9 compiled generation=295 fresh=false modules=6 took_us=73
2026-09-25T22:42:47.514Z +17.920s DEBUG [graph] session=292bafc9 compiled generation=296 fresh=false modules=6 took_us=50
2026-09-25T22:42:47.532Z +17.937s DEBUG [graph] session=292bafc9 compiled generation=297 fresh=false modules=6 took_us=44
2026-09-25T22:42:47.552Z +17.958s DEBUG [graph] session=292bafc9 compiled generation=298 fresh=false modules=6 took_us=46
2026-09-25T22:42:47.573Z +17.979s DEBUG [graph] session=292bafc9 compiled generation=299 fresh=false modules=6 took_us=46
2026-09-25T22:42:47.591Z +17.996s DEBUG [graph] session=292bafc9 compiled generation=300 fresh=false modules=6 took_us=45
2026-09-25T22:42:47.611Z +18.017s DEBUG [graph] session=292bafc9 compiled generation=301 fresh=false modules=6 took_us=48
2026-09-25T22:42:47.628Z +18.034s DEBUG [graph] session=292bafc9 compiled generation=302 fresh=false modules=6 took_us=64
2026-09-25T22:42:47.651Z +18.056s DEBUG [graph] session=292bafc9 compiled generation=303 fresh=false modules=6 took_us=45
2026-09-25T22:42:47.666Z +18.072s DEBUG [graph] session=292bafc9 compiled generation=304 fresh=false modules=6 took_us=43
2026-09-25T22:42:47.684Z +18.090s DEBUG [graph] session=292bafc9 compiled generation=305 fresh=false modules=6 took_us=53
2026-09-25T22:42:47.705Z +18.111s DEBUG [graph] session=292bafc9 compiled generation=306 fresh=false modules=6 took_us=55
2026-09-25T22:42:47.726Z +18.132s DEBUG [graph] session=292bafc9 compiled generation=307 fresh=false modules=6 took_us=59
2026-09-25T22:42:47.750Z +18.156s DEBUG [graph] session=292bafc9 compiled generation=308 fresh=false modules=6 took_us=43
2026-09-25T22:42:47.768Z +18.173s DEBUG [graph] session=292bafc9 compiled generation=309 fresh=false modules=6 took_us=43
2026-09-25T22:42:47.785Z +18.191s DEBUG [graph] session=292bafc9 compiled generation=310 fresh=false modules=6 took_us=49
2026-09-25T22:42:47.804Z +18.210s DEBUG [graph] session=292bafc9 compiled generation=311 fresh=false modules=6 took_us=49
2026-09-25T22:42:47.823Z +18.229s DEBUG [graph] session=292bafc9 compiled generation=312 fresh=false modules=6 took_us=49
2026-09-25T22:42:47.842Z +18.247s DEBUG [graph] session=292bafc9 compiled generation=313 fresh=false modules=6 took_us=78
2026-09-25T22:42:47.865Z +18.271s DEBUG [graph] session=292bafc9 compiled generation=314 fresh=false modules=6 took_us=46
2026-09-25T22:42:47.885Z +18.291s DEBUG [graph] session=292bafc9 compiled generation=315 fresh=false modules=6 took_us=44
2026-09-25T22:42:47.901Z +18.307s DEBUG [graph] session=292bafc9 compiled generation=316 fresh=false modules=6 took_us=54
2026-09-25T22:42:47.918Z +18.324s DEBUG [graph] session=292bafc9 compiled generation=317 fresh=false modules=6 took_us=43
2026-09-25T22:42:47.936Z +18.342s DEBUG [graph] session=292bafc9 compiled generation=318 fresh=false modules=6 took_us=91
2026-09-25T22:42:47.957Z +18.363s DEBUG [graph] session=292bafc9 compiled generation=319 fresh=false modules=6 took_us=50
2026-09-25T22:42:47.974Z +18.380s DEBUG [graph] session=292bafc9 compiled generation=320 fresh=false modules=6 took_us=49
2026-09-25T22:42:47.993Z +18.399s DEBUG [graph] session=292bafc9 compiled generation=321 fresh=false modules=6 took_us=50
2026-09-25T22:42:48.013Z +18.419s DEBUG [graph] session=292bafc9 compiled generation=322 fresh=false modules=6 took_us=52
2026-09-25T22:42:48.032Z +18.438s DEBUG [graph] session=292bafc9 compiled generation=323 fresh=false modules=6 took_us=60
2026-09-25T22:42:48.054Z +18.459s DEBUG [graph] session=292bafc9 compiled generation=324 fresh=false modules=6 took_us=76
2026-09-25T22:42:48.073Z +18.479s DEBUG [graph] session=292bafc9 compiled generation=325 fresh=false modules=6 took_us=49
2026-09-25T22:42:48.098Z +18.504s DEBUG [graph] session=292bafc9 compiled generation=326 fresh=false modules=6 took_us=54
2026-09-25T22:42:48.120Z +18.526s DEBUG [graph] session=292bafc9 compiled generation=327 fresh=false modules=6 took_us=53
2026-09-25T22:42:48.143Z +18.549s DEBUG [graph] session=292bafc9 compiled generation=328 fresh=false modules=6 took_us=54
2026-09-25T22:42:48.169Z +18.575s DEBUG [graph] session=292bafc9 compiled generation=329 fresh=false modules=6 took_us=63
2026-09-25T22:42:48.189Z +18.595s DEBUG [graph] session=292bafc9 compiled generation=330 fresh=false modules=6 took_us=55
2026-09-25T22:42:48.211Z +18.617s DEBUG [graph] session=292bafc9 compiled generation=331 fresh=false modules=6 took_us=59
2026-09-25T22:42:48.230Z +18.636s DEBUG [graph] session=292bafc9 compiled generation=332 fresh=false modules=6 took_us=44
2026-09-25T22:42:48.251Z +18.657s DEBUG [graph] session=292bafc9 compiled generation=333 fresh=false modules=6 took_us=53
2026-09-25T22:42:48.271Z +18.676s DEBUG [graph] session=292bafc9 compiled generation=334 fresh=false modules=6 took_us=53
2026-09-25T22:42:48.288Z +18.694s DEBUG [graph] session=292bafc9 compiled generation=335 fresh=false modules=6 took_us=52
2026-09-25T22:42:48.310Z +18.716s DEBUG [graph] session=292bafc9 compiled generation=336 fresh=false modules=6 took_us=57
2026-09-25T22:42:48.327Z +18.733s DEBUG [graph] session=292bafc9 compiled generation=337 fresh=false modules=6 took_us=48
2026-09-25T22:42:48.345Z +18.751s DEBUG [graph] session=292bafc9 compiled generation=338 fresh=false modules=6 took_us=49
2026-09-25T22:42:48.365Z +18.771s DEBUG [graph] session=292bafc9 compiled generation=339 fresh=false modules=6 took_us=63
2026-09-25T22:42:48.384Z +18.790s DEBUG [graph] session=292bafc9 compiled generation=340 fresh=false modules=6 took_us=869
2026-09-25T22:42:48.403Z +18.809s DEBUG [graph] session=292bafc9 compiled generation=341 fresh=false modules=6 took_us=214
2026-09-25T22:42:48.422Z +18.828s DEBUG [graph] session=292bafc9 compiled generation=342 fresh=false modules=6 took_us=48
2026-09-25T22:42:48.441Z +18.847s DEBUG [graph] session=292bafc9 compiled generation=343 fresh=false modules=6 took_us=40
2026-09-25T22:42:48.462Z +18.868s DEBUG [graph] session=292bafc9 compiled generation=344 fresh=false modules=6 took_us=50
2026-09-25T22:42:48.482Z +18.888s DEBUG [graph] session=292bafc9 compiled generation=345 fresh=false modules=6 took_us=48
2026-09-25T22:42:48.507Z +18.913s DEBUG [graph] session=292bafc9 compiled generation=346 fresh=false modules=6 took_us=58
2026-09-25T22:42:48.527Z +18.933s DEBUG [graph] session=292bafc9 compiled generation=347 fresh=false modules=6 took_us=46
2026-09-25T22:42:48.550Z +18.956s DEBUG [graph] session=292bafc9 compiled generation=348 fresh=false modules=6 took_us=62
2026-09-25T22:42:48.574Z +18.980s DEBUG [graph] session=292bafc9 compiled generation=349 fresh=false modules=6 took_us=42
2026-09-25T22:42:48.593Z +18.999s DEBUG [graph] session=292bafc9 compiled generation=350 fresh=false modules=6 took_us=49
2026-09-25T22:42:48.617Z +19.023s DEBUG [graph] session=292bafc9 compiled generation=351 fresh=false modules=6 took_us=49
2026-09-25T22:42:48.637Z +19.042s DEBUG [graph] session=292bafc9 compiled generation=352 fresh=false modules=6 took_us=70
2026-09-25T22:42:48.660Z +19.066s DEBUG [graph] session=292bafc9 compiled generation=353 fresh=false modules=6 took_us=64
2026-09-25T22:42:48.677Z +19.083s DEBUG [graph] session=292bafc9 compiled generation=354 fresh=false modules=6 took_us=50
2026-09-25T22:42:48.696Z +19.102s DEBUG [graph] session=292bafc9 compiled generation=355 fresh=false modules=6 took_us=48
2026-09-25T22:42:48.712Z +19.118s DEBUG [graph] session=292bafc9 compiled generation=356 fresh=false modules=6 took_us=49
2026-09-25T22:42:48.732Z +19.138s DEBUG [graph] session=292bafc9 compiled generation=357 fresh=false modules=6 took_us=46
2026-09-25T22:42:48.751Z +19.157s DEBUG [graph] session=292bafc9 compiled generation=358 fresh=false modules=6 took_us=46
2026-09-25T22:42:48.770Z +19.176s DEBUG [graph] session=292bafc9 compiled generation=359 fresh=false modules=6 took_us=71
2026-09-25T22:42:48.788Z +19.194s DEBUG [graph] session=292bafc9 compiled generation=360 fresh=false modules=6 took_us=49
2026-09-25T22:42:48.808Z +19.213s DEBUG [graph] session=292bafc9 compiled generation=361 fresh=false modules=6 took_us=47
2026-09-25T22:42:48.824Z +19.230s DEBUG [graph] session=292bafc9 compiled generation=362 fresh=false modules=6 took_us=45
2026-09-25T22:42:48.845Z +19.251s DEBUG [graph] session=292bafc9 compiled generation=363 fresh=false modules=6 took_us=47
2026-09-25T22:42:48.862Z +19.268s DEBUG [graph] session=292bafc9 compiled generation=364 fresh=false modules=6 took_us=47
2026-09-25T22:42:48.879Z +19.285s DEBUG [graph] session=292bafc9 compiled generation=365 fresh=false modules=6 took_us=50
2026-09-25T22:42:48.895Z +19.301s DEBUG [graph] session=292bafc9 compiled generation=366 fresh=false modules=6 took_us=44
2026-09-25T22:42:48.912Z +19.318s DEBUG [graph] session=292bafc9 compiled generation=367 fresh=false modules=6 took_us=55
2026-09-25T22:42:48.928Z +19.334s DEBUG [graph] session=292bafc9 compiled generation=368 fresh=false modules=6 took_us=49
2026-09-25T22:42:48.952Z +19.358s DEBUG [graph] session=292bafc9 compiled generation=369 fresh=false modules=6 took_us=51
2026-09-25T22:42:48.969Z +19.375s DEBUG [graph] session=292bafc9 compiled generation=370 fresh=false modules=6 took_us=42
2026-09-25T22:42:48.986Z +19.392s DEBUG [graph] session=292bafc9 compiled generation=371 fresh=false modules=6 took_us=44
2026-09-25T22:42:49.004Z +19.410s DEBUG [graph] session=292bafc9 compiled generation=372 fresh=false modules=6 took_us=42
2026-09-25T22:42:49.021Z +19.427s DEBUG [graph] session=292bafc9 compiled generation=373 fresh=false modules=6 took_us=43
2026-09-25T22:42:49.036Z +19.442s DEBUG [graph] session=292bafc9 compiled generation=374 fresh=false modules=6 took_us=42
2026-09-25T22:42:49.059Z +19.465s DEBUG [graph] session=292bafc9 compiled generation=375 fresh=false modules=6 took_us=48
2026-09-25T22:42:49.077Z +19.483s DEBUG [graph] session=292bafc9 compiled generation=376 fresh=false modules=6 took_us=55
2026-09-25T22:42:49.098Z +19.504s DEBUG [graph] session=292bafc9 compiled generation=377 fresh=false modules=6 took_us=50
2026-09-25T22:42:49.118Z +19.524s DEBUG [graph] session=292bafc9 compiled generation=378 fresh=false modules=6 took_us=54
2026-09-25T22:42:49.136Z +19.541s DEBUG [graph] session=292bafc9 compiled generation=379 fresh=false modules=6 took_us=48
2026-09-25T22:42:49.156Z +19.562s DEBUG [graph] session=292bafc9 compiled generation=380 fresh=false modules=6 took_us=42
2026-09-25T22:42:49.172Z +19.578s DEBUG [graph] session=292bafc9 compiled generation=381 fresh=false modules=6 took_us=45
2026-09-25T22:42:49.190Z +19.595s DEBUG [graph] session=292bafc9 compiled generation=382 fresh=false modules=6 took_us=65
2026-09-25T22:42:49.210Z +19.616s DEBUG [graph] session=292bafc9 compiled generation=383 fresh=false modules=6 took_us=50
2026-09-25T22:42:49.227Z +19.633s DEBUG [graph] session=292bafc9 compiled generation=384 fresh=false modules=6 took_us=42
2026-09-25T22:42:49.245Z +19.651s DEBUG [graph] session=292bafc9 compiled generation=385 fresh=false modules=6 took_us=48
2026-09-25T22:42:49.265Z +19.671s DEBUG [graph] session=292bafc9 compiled generation=386 fresh=false modules=6 took_us=48
2026-09-25T22:42:49.283Z +19.689s DEBUG [graph] session=292bafc9 compiled generation=387 fresh=false modules=6 took_us=49
2026-09-25T22:42:49.303Z +19.709s DEBUG [graph] session=292bafc9 compiled generation=388 fresh=false modules=6 took_us=41
2026-09-25T22:42:49.319Z +19.724s DEBUG [graph] session=292bafc9 compiled generation=389 fresh=false modules=6 took_us=44
2026-09-25T22:42:49.336Z +19.742s DEBUG [graph] session=292bafc9 compiled generation=390 fresh=false modules=6 took_us=50
2026-09-25T22:42:49.362Z +19.768s DEBUG [graph] session=292bafc9 compiled generation=391 fresh=false modules=6 took_us=50
2026-09-25T22:42:49.380Z +19.786s DEBUG [graph] session=292bafc9 compiled generation=392 fresh=false modules=6 took_us=49
2026-09-25T22:42:49.398Z +19.804s DEBUG [graph] session=292bafc9 compiled generation=393 fresh=false modules=6 took_us=55
2026-09-25T22:42:49.415Z +19.821s DEBUG [graph] session=292bafc9 compiled generation=394 fresh=false modules=6 took_us=46
2026-09-25T22:42:49.432Z +19.838s DEBUG [graph] session=292bafc9 compiled generation=395 fresh=false modules=6 took_us=45
2026-09-25T22:42:49.455Z +19.861s DEBUG [graph] session=292bafc9 compiled generation=396 fresh=false modules=6 took_us=45
2026-09-25T22:42:49.474Z +19.880s DEBUG [graph] session=292bafc9 compiled generation=397 fresh=false modules=6 took_us=43
2026-09-25T22:42:49.500Z +19.906s DEBUG [graph] session=292bafc9 compiled generation=398 fresh=false modules=6 took_us=46
2026-09-25T22:42:49.518Z +19.924s DEBUG [graph] session=292bafc9 compiled generation=399 fresh=false modules=6 took_us=51
2026-09-25T22:42:49.540Z +19.945s DEBUG [graph] session=292bafc9 compiled generation=400 fresh=false modules=6 took_us=48
2026-09-25T22:42:49.563Z +19.969s DEBUG [graph] session=292bafc9 compiled generation=401 fresh=false modules=6 took_us=50
2026-09-25T22:42:49.584Z +19.990s DEBUG [graph] session=292bafc9 compiled generation=402 fresh=false modules=6 took_us=50
2026-09-25T22:42:49.604Z +20.010s DEBUG [graph] session=292bafc9 compiled generation=403 fresh=false modules=6 took_us=48
2026-09-25T22:42:49.623Z +20.029s DEBUG [graph] session=292bafc9 compiled generation=404 fresh=false modules=6 took_us=49
2026-09-25T22:42:49.645Z +20.051s DEBUG [graph] session=292bafc9 compiled generation=405 fresh=false modules=6 took_us=50
2026-09-25T22:42:49.670Z +20.076s DEBUG [graph] session=292bafc9 compiled generation=406 fresh=false modules=6 took_us=48
2026-09-25T22:42:49.688Z +20.094s DEBUG [graph] session=292bafc9 compiled generation=407 fresh=false modules=6 took_us=49
2026-09-25T22:42:49.707Z +20.113s DEBUG [graph] session=292bafc9 compiled generation=408 fresh=false modules=6 took_us=60
2026-09-25T22:42:49.725Z +20.131s INFO  [audio.health] session=292bafc9 last 10.0s: xruns=0 late_executions=0 late_arrivals=172 callbacks=1877 worst_run_us=5292
2026-09-25T22:42:49.725Z +20.131s DEBUG [graph] session=292bafc9 compiled generation=409 fresh=false modules=6 took_us=49
2026-09-25T22:42:49.745Z +20.151s DEBUG [graph] session=292bafc9 compiled generation=410 fresh=false modules=6 took_us=60
2026-09-25T22:42:49.766Z +20.172s DEBUG [graph] session=292bafc9 compiled generation=411 fresh=false modules=6 took_us=50
2026-09-25T22:42:49.788Z +20.194s DEBUG [graph] session=292bafc9 compiled generation=412 fresh=false modules=6 took_us=51
2026-09-25T22:42:49.811Z +20.217s DEBUG [graph] session=292bafc9 compiled generation=413 fresh=false modules=6 took_us=42
2026-09-25T22:42:49.827Z +20.233s DEBUG [graph] session=292bafc9 compiled generation=414 fresh=false modules=6 took_us=48
2026-09-25T22:42:49.847Z +20.253s DEBUG [graph] session=292bafc9 compiled generation=415 fresh=false modules=6 took_us=56
2026-09-25T22:42:49.870Z +20.276s DEBUG [graph] session=292bafc9 compiled generation=416 fresh=false modules=6 took_us=57
2026-09-25T22:42:49.890Z +20.296s DEBUG [graph] session=292bafc9 compiled generation=417 fresh=false modules=6 took_us=51
2026-09-25T22:42:49.908Z +20.314s DEBUG [graph] session=292bafc9 compiled generation=418 fresh=false modules=6 took_us=50
2026-09-25T22:42:49.929Z +20.335s DEBUG [graph] session=292bafc9 compiled generation=419 fresh=false modules=6 took_us=52
2026-09-25T22:42:49.950Z +20.356s DEBUG [graph] session=292bafc9 compiled generation=420 fresh=false modules=6 took_us=50
2026-09-25T22:42:49.976Z +20.382s DEBUG [graph] session=292bafc9 compiled generation=421 fresh=false modules=6 took_us=52
2026-09-25T22:42:49.998Z +20.404s DEBUG [graph] session=292bafc9 compiled generation=422 fresh=false modules=6 took_us=51
2026-09-25T22:42:50.018Z +20.424s DEBUG [graph] session=292bafc9 compiled generation=423 fresh=false modules=6 took_us=61
2026-09-25T22:42:50.039Z +20.445s DEBUG [graph] session=292bafc9 compiled generation=424 fresh=false modules=6 took_us=51
2026-09-25T22:42:50.063Z +20.469s DEBUG [graph] session=292bafc9 compiled generation=425 fresh=false modules=6 took_us=47
2026-09-25T22:42:50.083Z +20.489s DEBUG [graph] session=292bafc9 compiled generation=426 fresh=false modules=6 took_us=49
2026-09-25T22:42:50.104Z +20.509s DEBUG [graph] session=292bafc9 compiled generation=427 fresh=false modules=6 took_us=49
2026-09-25T22:42:50.121Z +20.527s DEBUG [graph] session=292bafc9 compiled generation=428 fresh=false modules=6 took_us=49
2026-09-25T22:42:50.140Z +20.546s DEBUG [graph] session=292bafc9 compiled generation=429 fresh=false modules=6 took_us=54
2026-09-25T22:42:50.160Z +20.566s DEBUG [graph] session=292bafc9 compiled generation=430 fresh=false modules=6 took_us=51
2026-09-25T22:42:50.178Z +20.583s DEBUG [graph] session=292bafc9 compiled generation=431 fresh=false modules=6 took_us=53
2026-09-25T22:42:50.202Z +20.607s DEBUG [graph] session=292bafc9 compiled generation=432 fresh=false modules=6 took_us=81
2026-09-25T22:42:50.221Z +20.627s DEBUG [graph] session=292bafc9 compiled generation=433 fresh=false modules=6 took_us=46
2026-09-25T22:42:50.238Z +20.644s DEBUG [graph] session=292bafc9 compiled generation=434 fresh=false modules=6 took_us=51
2026-09-25T22:42:50.260Z +20.666s DEBUG [graph] session=292bafc9 compiled generation=435 fresh=false modules=6 took_us=51
2026-09-25T22:42:50.280Z +20.686s DEBUG [graph] session=292bafc9 compiled generation=436 fresh=false modules=6 took_us=47
2026-09-25T22:42:50.303Z +20.709s DEBUG [graph] session=292bafc9 compiled generation=437 fresh=false modules=6 took_us=59
2026-09-25T22:42:50.320Z +20.726s DEBUG [graph] session=292bafc9 compiled generation=438 fresh=false modules=6 took_us=48
2026-09-25T22:42:50.338Z +20.744s DEBUG [graph] session=292bafc9 compiled generation=439 fresh=false modules=6 took_us=50
2026-09-25T22:42:50.357Z +20.763s DEBUG [graph] session=292bafc9 compiled generation=440 fresh=false modules=6 took_us=46
2026-09-25T22:42:50.377Z +20.783s DEBUG [graph] session=292bafc9 compiled generation=441 fresh=false modules=6 took_us=44
2026-09-25T22:42:50.393Z +20.799s DEBUG [graph] session=292bafc9 compiled generation=442 fresh=false modules=6 took_us=41
2026-09-25T22:42:50.410Z +20.816s DEBUG [graph] session=292bafc9 compiled generation=443 fresh=false modules=6 took_us=43
2026-09-25T22:42:50.428Z +20.834s DEBUG [graph] session=292bafc9 compiled generation=444 fresh=false modules=6 took_us=46
2026-09-25T22:42:50.451Z +20.857s DEBUG [graph] session=292bafc9 compiled generation=445 fresh=false modules=6 took_us=45
2026-09-25T22:42:50.467Z +20.873s DEBUG [graph] session=292bafc9 compiled generation=446 fresh=false modules=6 took_us=44
2026-09-25T22:42:50.484Z +20.890s DEBUG [graph] session=292bafc9 compiled generation=447 fresh=false modules=6 took_us=48
2026-09-25T22:42:50.505Z +20.911s DEBUG [graph] session=292bafc9 compiled generation=448 fresh=false modules=6 took_us=71
2026-09-25T22:42:50.523Z +20.929s DEBUG [graph] session=292bafc9 compiled generation=449 fresh=false modules=6 took_us=48
2026-09-25T22:42:50.542Z +20.948s DEBUG [graph] session=292bafc9 compiled generation=450 fresh=false modules=6 took_us=48
2026-09-25T22:42:50.562Z +20.968s DEBUG [graph] session=292bafc9 compiled generation=451 fresh=false modules=6 took_us=41
2026-09-25T22:42:50.578Z +20.984s DEBUG [graph] session=292bafc9 compiled generation=452 fresh=false modules=6 took_us=41
2026-09-25T22:42:50.598Z +21.004s DEBUG [graph] session=292bafc9 compiled generation=453 fresh=false modules=6 took_us=43
2026-09-25T22:42:50.614Z +21.020s DEBUG [graph] session=292bafc9 compiled generation=454 fresh=false modules=6 took_us=40
2026-09-25T22:42:50.629Z +21.035s DEBUG [graph] session=292bafc9 compiled generation=455 fresh=false modules=6 took_us=42
2026-09-25T22:42:50.647Z +21.053s DEBUG [graph] session=292bafc9 compiled generation=456 fresh=false modules=6 took_us=45
2026-09-25T22:42:50.666Z +21.072s DEBUG [graph] session=292bafc9 compiled generation=457 fresh=false modules=6 took_us=48
2026-09-25T22:42:50.684Z +21.090s DEBUG [graph] session=292bafc9 compiled generation=458 fresh=false modules=6 took_us=49
2026-09-25T22:42:50.704Z +21.110s DEBUG [graph] session=292bafc9 compiled generation=459 fresh=false modules=6 took_us=49
2026-09-25T22:42:50.721Z +21.126s DEBUG [graph] session=292bafc9 compiled generation=460 fresh=false modules=6 took_us=47
2026-09-25T22:42:50.736Z +21.142s DEBUG [graph] session=292bafc9 compiled generation=461 fresh=false modules=6 took_us=44
2026-09-25T22:42:50.758Z +21.163s DEBUG [graph] session=292bafc9 compiled generation=462 fresh=false modules=6 took_us=60
2026-09-25T22:42:50.776Z +21.182s DEBUG [graph] session=292bafc9 compiled generation=463 fresh=false modules=6 took_us=49
2026-09-25T22:42:50.797Z +21.203s DEBUG [graph] session=292bafc9 compiled generation=464 fresh=false modules=6 took_us=49
2026-09-25T22:42:50.818Z +21.224s DEBUG [graph] session=292bafc9 compiled generation=465 fresh=false modules=6 took_us=54
2026-09-25T22:42:50.837Z +21.243s DEBUG [graph] session=292bafc9 compiled generation=466 fresh=false modules=6 took_us=43
2026-09-25T22:42:50.863Z +21.268s DEBUG [graph] session=292bafc9 compiled generation=467 fresh=false modules=6 took_us=88
2026-09-25T22:42:50.884Z +21.290s DEBUG [graph] session=292bafc9 compiled generation=468 fresh=false modules=6 took_us=51
2026-09-25T22:42:50.906Z +21.311s DEBUG [graph] session=292bafc9 compiled generation=469 fresh=false modules=6 took_us=80
2026-09-25T22:42:50.923Z +21.329s DEBUG [graph] session=292bafc9 compiled generation=470 fresh=false modules=6 took_us=42
2026-09-25T22:42:50.949Z +21.355s DEBUG [graph] session=292bafc9 compiled generation=471 fresh=false modules=6 took_us=50
2026-09-25T22:42:50.969Z +21.375s DEBUG [graph] session=292bafc9 compiled generation=472 fresh=false modules=6 took_us=51
2026-09-25T22:42:50.988Z +21.394s DEBUG [graph] session=292bafc9 compiled generation=473 fresh=false modules=6 took_us=50
2026-09-25T22:42:51.009Z +21.415s DEBUG [graph] session=292bafc9 compiled generation=474 fresh=false modules=6 took_us=40
2026-09-25T22:42:51.025Z +21.431s DEBUG [graph] session=292bafc9 compiled generation=475 fresh=false modules=6 took_us=50
2026-09-25T22:42:51.048Z +21.454s DEBUG [graph] session=292bafc9 compiled generation=476 fresh=false modules=6 took_us=49
2026-09-25T22:42:51.066Z +21.472s DEBUG [graph] session=292bafc9 compiled generation=477 fresh=false modules=6 took_us=49
2026-09-25T22:42:51.086Z +21.492s DEBUG [graph] session=292bafc9 compiled generation=478 fresh=false modules=6 took_us=50
2026-09-25T22:42:51.107Z +21.513s DEBUG [graph] session=292bafc9 compiled generation=479 fresh=false modules=6 took_us=51
2026-09-25T22:42:51.124Z +21.530s DEBUG [graph] session=292bafc9 compiled generation=480 fresh=false modules=6 took_us=46
2026-09-25T22:42:51.141Z +21.547s DEBUG [graph] session=292bafc9 compiled generation=481 fresh=false modules=6 took_us=47
2026-09-25T22:42:51.164Z +21.569s DEBUG [graph] session=292bafc9 compiled generation=482 fresh=false modules=6 took_us=69
2026-09-25T22:42:51.181Z +21.587s DEBUG [graph] session=292bafc9 compiled generation=483 fresh=false modules=6 took_us=45
2026-09-25T22:42:51.202Z +21.608s DEBUG [graph] session=292bafc9 compiled generation=484 fresh=false modules=6 took_us=46
2026-09-25T22:42:51.220Z +21.625s DEBUG [graph] session=292bafc9 compiled generation=485 fresh=false modules=6 took_us=49
2026-09-25T22:42:51.245Z +21.651s DEBUG [graph] session=292bafc9 compiled generation=486 fresh=false modules=6 took_us=50
2026-09-25T22:42:51.266Z +21.672s DEBUG [graph] session=292bafc9 compiled generation=487 fresh=false modules=6 took_us=51
2026-09-25T22:42:51.285Z +21.691s DEBUG [graph] session=292bafc9 compiled generation=488 fresh=false modules=6 took_us=43
2026-09-25T22:42:51.304Z +21.710s DEBUG [graph] session=292bafc9 compiled generation=489 fresh=false modules=6 took_us=44
2026-09-25T22:42:51.321Z +21.727s DEBUG [graph] session=292bafc9 compiled generation=490 fresh=false modules=6 took_us=43
2026-09-25T22:42:51.336Z +21.742s DEBUG [graph] session=292bafc9 compiled generation=491 fresh=false modules=6 took_us=45
2026-09-25T22:42:51.359Z +21.765s DEBUG [graph] session=292bafc9 compiled generation=492 fresh=false modules=6 took_us=52
2026-09-25T22:42:51.377Z +21.783s DEBUG [graph] session=292bafc9 compiled generation=493 fresh=false modules=6 took_us=48
2026-09-25T22:42:51.399Z +21.805s DEBUG [graph] session=292bafc9 compiled generation=494 fresh=false modules=6 took_us=43
2026-09-25T22:42:51.417Z +21.823s DEBUG [graph] session=292bafc9 compiled generation=495 fresh=false modules=6 took_us=44
2026-09-25T22:42:51.434Z +21.840s DEBUG [graph] session=292bafc9 compiled generation=496 fresh=false modules=6 took_us=58
2026-09-25T22:42:51.453Z +21.859s DEBUG [graph] session=292bafc9 compiled generation=497 fresh=false modules=6 took_us=52
2026-09-25T22:42:51.476Z +21.882s DEBUG [graph] session=292bafc9 compiled generation=498 fresh=false modules=6 took_us=52
2026-09-25T22:42:51.500Z +21.906s DEBUG [graph] session=292bafc9 compiled generation=499 fresh=false modules=6 took_us=47
2026-09-25T22:42:51.518Z +21.924s DEBUG [graph] session=292bafc9 compiled generation=500 fresh=false modules=6 took_us=46
2026-09-25T22:42:51.534Z +21.939s DEBUG [graph] session=292bafc9 compiled generation=501 fresh=false modules=6 took_us=69
2026-09-25T22:42:51.554Z +21.959s DEBUG [graph] session=292bafc9 compiled generation=502 fresh=false modules=6 took_us=45
2026-09-25T22:42:51.570Z +21.976s DEBUG [graph] session=292bafc9 compiled generation=503 fresh=false modules=6 took_us=44
2026-09-25T22:42:51.587Z +21.992s DEBUG [graph] session=292bafc9 compiled generation=504 fresh=false modules=6 took_us=51
2026-09-25T22:42:51.607Z +22.013s DEBUG [graph] session=292bafc9 compiled generation=505 fresh=false modules=6 took_us=51
2026-09-25T22:42:51.624Z +22.030s DEBUG [graph] session=292bafc9 compiled generation=506 fresh=false modules=6 took_us=47
2026-09-25T22:42:51.648Z +22.054s DEBUG [graph] session=292bafc9 compiled generation=507 fresh=false modules=6 took_us=55
2026-09-25T22:42:51.667Z +22.073s DEBUG [graph] session=292bafc9 compiled generation=508 fresh=false modules=6 took_us=49
2026-09-25T22:42:51.684Z +22.090s DEBUG [graph] session=292bafc9 compiled generation=509 fresh=false modules=6 took_us=47
2026-09-25T22:42:51.703Z +22.109s DEBUG [graph] session=292bafc9 compiled generation=510 fresh=false modules=6 took_us=43
2026-09-25T22:42:51.721Z +22.127s DEBUG [graph] session=292bafc9 compiled generation=511 fresh=false modules=6 took_us=45
2026-09-25T22:42:51.736Z +22.142s DEBUG [graph] session=292bafc9 compiled generation=512 fresh=false modules=6 took_us=40
2026-09-25T22:42:51.753Z +22.159s DEBUG [graph] session=292bafc9 compiled generation=513 fresh=false modules=6 took_us=42
2026-09-25T22:42:51.773Z +22.178s DEBUG [graph] session=292bafc9 compiled generation=514 fresh=false modules=6 took_us=42
2026-09-25T22:42:51.793Z +22.199s DEBUG [graph] session=292bafc9 compiled generation=515 fresh=false modules=6 took_us=44
2026-09-25T22:42:51.813Z +22.219s DEBUG [graph] session=292bafc9 compiled generation=516 fresh=false modules=6 took_us=50
2026-09-25T22:42:51.829Z +22.235s DEBUG [graph] session=292bafc9 compiled generation=517 fresh=false modules=6 took_us=50
2026-09-25T22:42:51.846Z +22.252s DEBUG [graph] session=292bafc9 compiled generation=518 fresh=false modules=6 took_us=52
2026-09-25T22:42:51.864Z +22.269s DEBUG [graph] session=292bafc9 compiled generation=519 fresh=false modules=6 took_us=44
2026-09-25T22:42:51.882Z +22.287s DEBUG [graph] session=292bafc9 compiled generation=520 fresh=false modules=6 took_us=72
2026-09-25T22:42:51.900Z +22.305s DEBUG [graph] session=292bafc9 compiled generation=521 fresh=false modules=6 took_us=65
2026-09-25T22:42:51.918Z +22.324s DEBUG [graph] session=292bafc9 compiled generation=522 fresh=false modules=6 took_us=52
2026-09-25T22:42:51.939Z +22.345s DEBUG [graph] session=292bafc9 compiled generation=523 fresh=false modules=6 took_us=61
2026-09-25T22:42:51.961Z +22.367s DEBUG [graph] session=292bafc9 compiled generation=524 fresh=false modules=6 took_us=45
2026-09-25T22:42:51.977Z +22.383s DEBUG [graph] session=292bafc9 compiled generation=525 fresh=false modules=6 took_us=44
2026-09-25T22:42:51.998Z +22.403s DEBUG [graph] session=292bafc9 compiled generation=526 fresh=false modules=6 took_us=65
2026-09-25T22:42:52.017Z +22.423s DEBUG [graph] session=292bafc9 compiled generation=527 fresh=false modules=6 took_us=43
2026-09-25T22:42:52.037Z +22.443s DEBUG [graph] session=292bafc9 compiled generation=528 fresh=false modules=6 took_us=46
2026-09-25T22:42:52.060Z +22.466s DEBUG [graph] session=292bafc9 compiled generation=529 fresh=false modules=6 took_us=43
2026-09-25T22:42:52.077Z +22.483s DEBUG [graph] session=292bafc9 compiled generation=530 fresh=false modules=6 took_us=43
2026-09-25T22:42:52.097Z +22.503s DEBUG [graph] session=292bafc9 compiled generation=531 fresh=false modules=6 took_us=46
2026-09-25T22:42:52.113Z +22.519s DEBUG [graph] session=292bafc9 compiled generation=532 fresh=false modules=6 took_us=50
2026-09-25T22:42:52.132Z +22.538s DEBUG [graph] session=292bafc9 compiled generation=533 fresh=false modules=6 took_us=50
2026-09-25T22:42:52.152Z +22.558s DEBUG [graph] session=292bafc9 compiled generation=534 fresh=false modules=6 took_us=48
2026-09-25T22:42:52.170Z +22.576s DEBUG [graph] session=292bafc9 compiled generation=535 fresh=false modules=6 took_us=50
2026-09-25T22:42:52.188Z +22.594s DEBUG [graph] session=292bafc9 compiled generation=536 fresh=false modules=6 took_us=51
2026-09-25T22:42:52.208Z +22.614s DEBUG [graph] session=292bafc9 compiled generation=537 fresh=false modules=6 took_us=58
2026-09-25T22:42:52.226Z +22.632s DEBUG [graph] session=292bafc9 compiled generation=538 fresh=false modules=6 took_us=48
2026-09-25T22:42:52.246Z +22.651s DEBUG [graph] session=292bafc9 compiled generation=539 fresh=false modules=6 took_us=46
2026-09-25T22:42:52.265Z +22.671s DEBUG [graph] session=292bafc9 compiled generation=540 fresh=false modules=6 took_us=64
2026-09-25T22:42:52.283Z +22.689s DEBUG [graph] session=292bafc9 compiled generation=541 fresh=false modules=6 took_us=44
2026-09-25T22:42:52.305Z +22.711s DEBUG [graph] session=292bafc9 compiled generation=542 fresh=false modules=6 took_us=45
2026-09-25T22:42:52.322Z +22.728s DEBUG [graph] session=292bafc9 compiled generation=543 fresh=false modules=6 took_us=49
2026-09-25T22:42:52.342Z +22.748s DEBUG [graph] session=292bafc9 compiled generation=544 fresh=false modules=6 took_us=54
2026-09-25T22:42:52.368Z +22.774s DEBUG [graph] session=292bafc9 compiled generation=545 fresh=false modules=6 took_us=55
2026-09-25T22:42:52.388Z +22.794s DEBUG [graph] session=292bafc9 compiled generation=546 fresh=false modules=6 took_us=56
2026-09-25T22:42:52.410Z +22.816s DEBUG [graph] session=292bafc9 compiled generation=547 fresh=false modules=6 took_us=49
2026-09-25T22:42:52.431Z +22.837s DEBUG [graph] session=292bafc9 compiled generation=548 fresh=false modules=6 took_us=55
2026-09-25T22:42:52.458Z +22.863s DEBUG [graph] session=292bafc9 compiled generation=549 fresh=false modules=6 took_us=41
2026-09-25T22:42:52.477Z +22.883s DEBUG [graph] session=292bafc9 compiled generation=550 fresh=false modules=6 took_us=42
2026-09-25T22:42:52.496Z +22.901s DEBUG [graph] session=292bafc9 compiled generation=551 fresh=false modules=6 took_us=56
2026-09-25T22:42:52.517Z +22.922s DEBUG [graph] session=292bafc9 compiled generation=552 fresh=false modules=6 took_us=83
2026-09-25T22:42:52.536Z +22.942s DEBUG [graph] session=292bafc9 compiled generation=553 fresh=false modules=6 took_us=64
2026-09-25T22:42:52.561Z +22.967s DEBUG [graph] session=292bafc9 compiled generation=554 fresh=false modules=6 took_us=40
2026-09-25T22:42:52.576Z +22.982s DEBUG [graph] session=292bafc9 compiled generation=555 fresh=false modules=6 took_us=50
2026-09-25T22:42:52.595Z +23.001s DEBUG [graph] session=292bafc9 compiled generation=556 fresh=false modules=6 took_us=43
2026-09-25T22:42:52.611Z +23.017s DEBUG [graph] session=292bafc9 compiled generation=557 fresh=false modules=6 took_us=45
2026-09-25T22:42:52.627Z +23.033s DEBUG [graph] session=292bafc9 compiled generation=558 fresh=false modules=6 took_us=49
2026-09-25T22:42:52.644Z +23.049s DEBUG [graph] session=292bafc9 compiled generation=559 fresh=false modules=6 took_us=43
2026-09-25T22:42:52.662Z +23.068s DEBUG [graph] session=292bafc9 compiled generation=560 fresh=false modules=6 took_us=50
2026-09-25T22:42:52.681Z +23.087s DEBUG [graph] session=292bafc9 compiled generation=561 fresh=false modules=6 took_us=50
2026-09-25T22:42:52.702Z +23.108s DEBUG [graph] session=292bafc9 compiled generation=562 fresh=false modules=6 took_us=44
2026-09-25T22:42:52.720Z +23.125s DEBUG [graph] session=292bafc9 compiled generation=563 fresh=false modules=6 took_us=68
2026-09-25T22:42:52.737Z +23.142s DEBUG [graph] session=292bafc9 compiled generation=564 fresh=false modules=6 took_us=71
2026-09-25T22:42:52.758Z +23.164s DEBUG [graph] session=292bafc9 compiled generation=565 fresh=false modules=6 took_us=40
2026-09-25T22:42:52.774Z +23.180s DEBUG [graph] session=292bafc9 compiled generation=566 fresh=false modules=6 took_us=41
2026-09-25T22:42:52.793Z +23.199s DEBUG [graph] session=292bafc9 compiled generation=567 fresh=false modules=6 took_us=44
2026-09-25T22:42:52.809Z +23.215s DEBUG [graph] session=292bafc9 compiled generation=568 fresh=false modules=6 took_us=44
2026-09-25T22:42:52.825Z +23.231s DEBUG [graph] session=292bafc9 compiled generation=569 fresh=false modules=6 took_us=45
2026-09-25T22:42:52.843Z +23.249s DEBUG [graph] session=292bafc9 compiled generation=570 fresh=false modules=6 took_us=46
2026-09-25T22:42:52.864Z +23.270s DEBUG [graph] session=292bafc9 compiled generation=571 fresh=false modules=6 took_us=41
2026-09-25T22:42:52.880Z +23.286s DEBUG [graph] session=292bafc9 compiled generation=572 fresh=false modules=6 took_us=46
2026-09-25T22:42:52.901Z +23.307s DEBUG [graph] session=292bafc9 compiled generation=573 fresh=false modules=6 took_us=41
2026-09-25T22:42:52.919Z +23.325s DEBUG [graph] session=292bafc9 compiled generation=574 fresh=false modules=6 took_us=55
2026-09-25T22:42:52.937Z +23.343s DEBUG [graph] session=292bafc9 compiled generation=575 fresh=false modules=6 took_us=44
2026-09-25T22:42:52.959Z +23.365s DEBUG [graph] session=292bafc9 compiled generation=576 fresh=false modules=6 took_us=42
2026-09-25T22:42:52.975Z +23.381s DEBUG [graph] session=292bafc9 compiled generation=577 fresh=false modules=6 took_us=48
2026-09-25T22:42:52.999Z +23.404s DEBUG [graph] session=292bafc9 compiled generation=578 fresh=false modules=6 took_us=124
2026-09-25T22:42:53.019Z +23.425s DEBUG [graph] session=292bafc9 compiled generation=579 fresh=false modules=6 took_us=67
2026-09-25T22:42:53.040Z +23.446s DEBUG [graph] session=292bafc9 compiled generation=580 fresh=false modules=6 took_us=66
2026-09-25T22:42:53.069Z +23.475s DEBUG [graph] session=292bafc9 compiled generation=581 fresh=false modules=6 took_us=65
2026-09-25T22:42:53.089Z +23.495s DEBUG [graph] session=292bafc9 compiled generation=582 fresh=false modules=6 took_us=44
2026-09-25T22:42:53.106Z +23.511s DEBUG [graph] session=292bafc9 compiled generation=583 fresh=false modules=6 took_us=90
2026-09-25T22:42:53.124Z +23.529s DEBUG [graph] session=292bafc9 compiled generation=584 fresh=false modules=6 took_us=72
2026-09-25T22:42:53.143Z +23.548s DEBUG [graph] session=292bafc9 compiled generation=585 fresh=false modules=6 took_us=55
2026-09-25T22:42:53.165Z +23.571s DEBUG [graph] session=292bafc9 compiled generation=586 fresh=false modules=6 took_us=51
2026-09-25T22:42:53.183Z +23.589s DEBUG [graph] session=292bafc9 compiled generation=587 fresh=false modules=6 took_us=59
2026-09-25T22:42:53.200Z +23.606s DEBUG [graph] session=292bafc9 compiled generation=588 fresh=false modules=6 took_us=45
2026-09-25T22:42:53.218Z +23.624s DEBUG [graph] session=292bafc9 compiled generation=589 fresh=false modules=6 took_us=50
2026-09-25T22:42:53.238Z +23.644s DEBUG [graph] session=292bafc9 compiled generation=590 fresh=false modules=6 took_us=52
2026-09-25T22:42:53.263Z +23.669s DEBUG [graph] session=292bafc9 compiled generation=591 fresh=false modules=6 took_us=63
2026-09-25T22:42:53.285Z +23.691s DEBUG [graph] session=292bafc9 compiled generation=592 fresh=false modules=6 took_us=54
2026-09-25T22:42:53.308Z +23.713s DEBUG [graph] session=292bafc9 compiled generation=593 fresh=false modules=6 took_us=78
2026-09-25T22:42:53.328Z +23.734s DEBUG [graph] session=292bafc9 compiled generation=594 fresh=false modules=6 took_us=54
2026-09-25T22:42:53.352Z +23.758s DEBUG [graph] session=292bafc9 compiled generation=595 fresh=false modules=6 took_us=56
2026-09-25T22:42:53.374Z +23.780s DEBUG [graph] session=292bafc9 compiled generation=596 fresh=false modules=6 took_us=56
2026-09-25T22:42:53.401Z +23.807s DEBUG [graph] session=292bafc9 compiled generation=597 fresh=false modules=6 took_us=44
2026-09-25T22:42:53.419Z +23.825s DEBUG [graph] session=292bafc9 compiled generation=598 fresh=false modules=6 took_us=58
2026-09-25T22:42:53.439Z +23.845s DEBUG [graph] session=292bafc9 compiled generation=599 fresh=false modules=6 took_us=56
2026-09-25T22:42:53.463Z +23.869s DEBUG [graph] session=292bafc9 compiled generation=600 fresh=false modules=6 took_us=43
2026-09-25T22:42:53.480Z +23.886s DEBUG [graph] session=292bafc9 compiled generation=601 fresh=false modules=6 took_us=43
2026-09-25T22:42:53.501Z +23.906s DEBUG [graph] session=292bafc9 compiled generation=602 fresh=false modules=6 took_us=77
2026-09-25T22:42:53.520Z +23.926s DEBUG [graph] session=292bafc9 compiled generation=603 fresh=false modules=6 took_us=52
2026-09-25T22:42:53.536Z +23.942s DEBUG [graph] session=292bafc9 compiled generation=604 fresh=false modules=6 took_us=42
2026-09-25T22:42:53.556Z +23.962s DEBUG [graph] session=292bafc9 compiled generation=605 fresh=false modules=6 took_us=54
2026-09-25T22:42:53.572Z +23.978s DEBUG [graph] session=292bafc9 compiled generation=606 fresh=false modules=6 took_us=43
2026-09-25T22:42:53.589Z +23.995s DEBUG [graph] session=292bafc9 compiled generation=607 fresh=false modules=6 took_us=117
2026-09-25T22:42:53.610Z +24.016s DEBUG [graph] session=292bafc9 compiled generation=608 fresh=false modules=6 took_us=43
2026-09-25T22:42:53.627Z +24.033s DEBUG [graph] session=292bafc9 compiled generation=609 fresh=false modules=6 took_us=70
2026-09-25T22:42:53.645Z +24.051s DEBUG [graph] session=292bafc9 compiled generation=610 fresh=false modules=6 took_us=45
2026-09-25T22:42:53.664Z +24.070s DEBUG [graph] session=292bafc9 compiled generation=611 fresh=false modules=6 took_us=51
2026-09-25T22:42:53.680Z +24.086s DEBUG [graph] session=292bafc9 compiled generation=612 fresh=false modules=6 took_us=43
2026-09-25T22:42:53.701Z +24.106s DEBUG [graph] session=292bafc9 compiled generation=613 fresh=false modules=6 took_us=43
2026-09-25T22:42:53.718Z +24.124s DEBUG [graph] session=292bafc9 compiled generation=614 fresh=false modules=6 took_us=52
2026-09-25T22:42:53.736Z +24.142s DEBUG [graph] session=292bafc9 compiled generation=615 fresh=false modules=6 took_us=44
2026-09-25T22:42:53.761Z +24.167s DEBUG [graph] session=292bafc9 compiled generation=616 fresh=false modules=6 took_us=53
2026-09-25T22:42:53.778Z +24.184s DEBUG [graph] session=292bafc9 compiled generation=617 fresh=false modules=6 took_us=47
2026-09-25T22:42:53.797Z +24.202s DEBUG [graph] session=292bafc9 compiled generation=618 fresh=false modules=6 took_us=74
2026-09-25T22:42:53.816Z +24.222s DEBUG [graph] session=292bafc9 compiled generation=619 fresh=false modules=6 took_us=44
2026-09-25T22:42:53.834Z +24.240s DEBUG [graph] session=292bafc9 compiled generation=620 fresh=false modules=6 took_us=48
2026-09-25T22:42:53.854Z +24.259s DEBUG [graph] session=292bafc9 compiled generation=621 fresh=false modules=6 took_us=47
2026-09-25T22:42:53.872Z +24.278s DEBUG [graph] session=292bafc9 compiled generation=622 fresh=false modules=6 took_us=50
2026-09-25T22:42:53.890Z +24.295s DEBUG [graph] session=292bafc9 compiled generation=623 fresh=false modules=6 took_us=48
2026-09-25T22:42:53.906Z +24.312s DEBUG [graph] session=292bafc9 compiled generation=624 fresh=false modules=6 took_us=47
2026-09-25T22:42:53.923Z +24.329s DEBUG [graph] session=292bafc9 compiled generation=625 fresh=false modules=6 took_us=49
2026-09-25T22:42:53.940Z +24.346s DEBUG [graph] session=292bafc9 compiled generation=626 fresh=false modules=6 took_us=43
2026-09-25T22:42:53.963Z +24.369s DEBUG [graph] session=292bafc9 compiled generation=627 fresh=false modules=6 took_us=47
2026-09-25T22:42:53.983Z +24.389s DEBUG [graph] session=292bafc9 compiled generation=628 fresh=false modules=6 took_us=64
2026-09-25T22:42:54.002Z +24.408s DEBUG [graph] session=292bafc9 compiled generation=629 fresh=false modules=6 took_us=52
2026-09-25T22:42:54.021Z +24.427s DEBUG [graph] session=292bafc9 compiled generation=630 fresh=false modules=6 took_us=48
2026-09-25T22:42:54.039Z +24.444s DEBUG [graph] session=292bafc9 compiled generation=631 fresh=false modules=6 took_us=47
2026-09-25T22:42:54.059Z +24.465s DEBUG [graph] session=292bafc9 compiled generation=632 fresh=false modules=6 took_us=49
2026-09-25T22:42:54.076Z +24.482s DEBUG [graph] session=292bafc9 compiled generation=633 fresh=false modules=6 took_us=49
2026-09-25T22:42:54.093Z +24.499s DEBUG [graph] session=292bafc9 compiled generation=634 fresh=false modules=6 took_us=45
2026-09-25T22:42:54.111Z +24.517s DEBUG [graph] session=292bafc9 compiled generation=635 fresh=false modules=6 took_us=48
2026-09-25T22:42:54.130Z +24.536s DEBUG [graph] session=292bafc9 compiled generation=636 fresh=false modules=6 took_us=77
2026-09-25T22:42:54.158Z +24.563s DEBUG [graph] session=292bafc9 compiled generation=637 fresh=false modules=6 took_us=117
2026-09-25T22:42:54.180Z +24.586s DEBUG [graph] session=292bafc9 compiled generation=638 fresh=false modules=6 took_us=81
2026-09-25T22:42:54.204Z +24.610s DEBUG [graph] session=292bafc9 compiled generation=639 fresh=false modules=6 took_us=78
2026-09-25T22:42:54.226Z +24.632s DEBUG [graph] session=292bafc9 compiled generation=640 fresh=false modules=6 took_us=47
2026-09-25T22:42:54.244Z +24.650s DEBUG [graph] session=292bafc9 compiled generation=641 fresh=false modules=6 took_us=47
2026-09-25T22:42:54.262Z +24.668s DEBUG [graph] session=292bafc9 compiled generation=642 fresh=false modules=6 took_us=45
2026-09-25T22:42:54.279Z +24.685s DEBUG [graph] session=292bafc9 compiled generation=643 fresh=false modules=6 took_us=41
2026-09-25T22:42:54.299Z +24.705s DEBUG [graph] session=292bafc9 compiled generation=644 fresh=false modules=6 took_us=47
2026-09-25T22:42:54.318Z +24.724s DEBUG [graph] session=292bafc9 compiled generation=645 fresh=false modules=6 took_us=46
2026-09-25T22:42:54.335Z +24.741s DEBUG [graph] session=292bafc9 compiled generation=646 fresh=false modules=6 took_us=48
2026-09-25T22:42:54.357Z +24.763s DEBUG [graph] session=292bafc9 compiled generation=647 fresh=false modules=6 took_us=47
2026-09-25T22:42:54.374Z +24.780s DEBUG [graph] session=292bafc9 compiled generation=648 fresh=false modules=6 took_us=56
2026-09-25T22:42:54.396Z +24.802s DEBUG [graph] session=292bafc9 compiled generation=649 fresh=false modules=6 took_us=42
2026-09-25T22:42:54.415Z +24.821s DEBUG [graph] session=292bafc9 compiled generation=650 fresh=false modules=6 took_us=61
2026-09-25T22:42:54.432Z +24.838s DEBUG [graph] session=292bafc9 compiled generation=651 fresh=false modules=6 took_us=59
2026-09-25T22:42:54.454Z +24.860s DEBUG [graph] session=292bafc9 compiled generation=652 fresh=false modules=6 took_us=47
2026-09-25T22:42:54.471Z +24.877s DEBUG [graph] session=292bafc9 compiled generation=653 fresh=false modules=6 took_us=48
2026-09-25T22:42:54.489Z +24.895s DEBUG [graph] session=292bafc9 compiled generation=654 fresh=false modules=6 took_us=42
2026-09-25T22:42:54.506Z +24.912s DEBUG [graph] session=292bafc9 compiled generation=655 fresh=false modules=6 took_us=43
2026-09-25T22:42:54.524Z +24.929s DEBUG [graph] session=292bafc9 compiled generation=656 fresh=false modules=6 took_us=40
2026-09-25T22:42:54.539Z +24.945s DEBUG [graph] session=292bafc9 compiled generation=657 fresh=false modules=6 took_us=42
2026-09-25T22:42:54.561Z +24.967s DEBUG [graph] session=292bafc9 compiled generation=658 fresh=false modules=6 took_us=50
2026-09-25T22:42:54.578Z +24.984s DEBUG [graph] session=292bafc9 compiled generation=659 fresh=false modules=6 took_us=51
2026-09-25T22:42:54.598Z +25.003s DEBUG [graph] session=292bafc9 compiled generation=660 fresh=false modules=6 took_us=45
2026-09-25T22:42:54.615Z +25.021s DEBUG [graph] session=292bafc9 compiled generation=661 fresh=false modules=6 took_us=42
2026-09-25T22:42:54.633Z +25.038s DEBUG [graph] session=292bafc9 compiled generation=662 fresh=false modules=6 took_us=50
2026-09-25T22:42:54.655Z +25.060s DEBUG [graph] session=292bafc9 compiled generation=663 fresh=false modules=6 took_us=77
2026-09-25T22:42:54.675Z +25.080s DEBUG [graph] session=292bafc9 compiled generation=664 fresh=false modules=6 took_us=79
2026-09-25T22:42:54.693Z +25.099s DEBUG [graph] session=292bafc9 compiled generation=665 fresh=false modules=6 took_us=47
2026-09-25T22:42:54.712Z +25.118s DEBUG [graph] session=292bafc9 compiled generation=666 fresh=false modules=6 took_us=46
2026-09-25T22:42:54.730Z +25.135s DEBUG [graph] session=292bafc9 compiled generation=667 fresh=false modules=6 took_us=46
2026-09-25T22:42:54.753Z +25.159s DEBUG [graph] session=292bafc9 compiled generation=668 fresh=false modules=6 took_us=46
2026-09-25T22:42:54.771Z +25.176s DEBUG [graph] session=292bafc9 compiled generation=669 fresh=false modules=6 took_us=45
2026-09-25T22:42:54.790Z +25.196s DEBUG [graph] session=292bafc9 compiled generation=670 fresh=false modules=6 took_us=48
2026-09-25T22:42:54.806Z +25.212s DEBUG [graph] session=292bafc9 compiled generation=671 fresh=false modules=6 took_us=46
2026-09-25T22:42:54.826Z +25.231s DEBUG [graph] session=292bafc9 compiled generation=672 fresh=false modules=6 took_us=44
2026-09-25T22:42:54.844Z +25.250s DEBUG [graph] session=292bafc9 compiled generation=673 fresh=false modules=6 took_us=43
2026-09-25T22:42:54.868Z +25.273s DEBUG [graph] session=292bafc9 compiled generation=674 fresh=false modules=6 took_us=72
2026-09-25T22:42:54.886Z +25.291s DEBUG [graph] session=292bafc9 compiled generation=675 fresh=false modules=6 took_us=72
2026-09-25T22:42:54.903Z +25.309s DEBUG [graph] session=292bafc9 compiled generation=676 fresh=false modules=6 took_us=47
2026-09-25T22:42:54.921Z +25.327s DEBUG [graph] session=292bafc9 compiled generation=677 fresh=false modules=6 took_us=48
2026-09-25T22:42:54.939Z +25.345s DEBUG [graph] session=292bafc9 compiled generation=678 fresh=false modules=6 took_us=46
2026-09-25T22:42:54.962Z +25.368s DEBUG [graph] session=292bafc9 compiled generation=679 fresh=false modules=6 took_us=47
2026-09-25T22:42:54.982Z +25.388s DEBUG [graph] session=292bafc9 compiled generation=680 fresh=false modules=6 took_us=46
2026-09-25T22:42:55.005Z +25.410s DEBUG [graph] session=292bafc9 compiled generation=681 fresh=false modules=6 took_us=50
2026-09-25T22:42:55.021Z +25.427s DEBUG [graph] session=292bafc9 compiled generation=682 fresh=false modules=6 took_us=49
2026-09-25T22:42:55.039Z +25.445s DEBUG [graph] session=292bafc9 compiled generation=683 fresh=false modules=6 took_us=49
2026-09-25T22:42:55.060Z +25.466s DEBUG [graph] session=292bafc9 compiled generation=684 fresh=false modules=6 took_us=47
2026-09-25T22:42:55.080Z +25.485s DEBUG [graph] session=292bafc9 compiled generation=685 fresh=false modules=6 took_us=71
2026-09-25T22:42:55.100Z +25.506s DEBUG [graph] session=292bafc9 compiled generation=686 fresh=false modules=6 took_us=41
2026-09-25T22:42:55.118Z +25.523s DEBUG [graph] session=292bafc9 compiled generation=687 fresh=false modules=6 took_us=45
2026-09-25T22:42:55.135Z +25.540s DEBUG [graph] session=292bafc9 compiled generation=688 fresh=false modules=6 took_us=51
2026-09-25T22:42:55.155Z +25.560s DEBUG [graph] session=292bafc9 compiled generation=689 fresh=false modules=6 took_us=78
2026-09-25T22:42:55.176Z +25.582s DEBUG [graph] session=292bafc9 compiled generation=690 fresh=false modules=6 took_us=48
2026-09-25T22:42:55.197Z +25.602s DEBUG [graph] session=292bafc9 compiled generation=691 fresh=false modules=6 took_us=84
2026-09-25T22:42:55.215Z +25.621s DEBUG [graph] session=292bafc9 compiled generation=692 fresh=false modules=6 took_us=47
2026-09-25T22:42:55.233Z +25.639s DEBUG [graph] session=292bafc9 compiled generation=693 fresh=false modules=6 took_us=47
2026-09-25T22:42:55.256Z +25.662s DEBUG [graph] session=292bafc9 compiled generation=694 fresh=false modules=6 took_us=58
2026-09-25T22:42:55.273Z +25.679s DEBUG [graph] session=292bafc9 compiled generation=695 fresh=false modules=6 took_us=49
2026-09-25T22:42:55.291Z +25.697s DEBUG [graph] session=292bafc9 compiled generation=696 fresh=false modules=6 took_us=46
2026-09-25T22:42:55.309Z +25.715s DEBUG [graph] session=292bafc9 compiled generation=697 fresh=false modules=6 took_us=44
2026-09-25T22:42:55.327Z +25.733s DEBUG [graph] session=292bafc9 compiled generation=698 fresh=false modules=6 took_us=51
2026-09-25T22:42:55.349Z +25.755s DEBUG [graph] session=292bafc9 compiled generation=699 fresh=false modules=6 took_us=44
2026-09-25T22:42:55.365Z +25.771s DEBUG [graph] session=292bafc9 compiled generation=700 fresh=false modules=6 took_us=43
2026-09-25T22:42:55.382Z +25.788s DEBUG [graph] session=292bafc9 compiled generation=701 fresh=false modules=6 took_us=44
2026-09-25T22:42:55.404Z +25.810s DEBUG [graph] session=292bafc9 compiled generation=702 fresh=false modules=6 took_us=52
2026-09-25T22:42:55.425Z +25.831s DEBUG [graph] session=292bafc9 compiled generation=703 fresh=false modules=6 took_us=52
2026-09-25T22:42:55.448Z +25.854s DEBUG [graph] session=292bafc9 compiled generation=704 fresh=false modules=6 took_us=56
2026-09-25T22:42:55.470Z +25.876s DEBUG [graph] session=292bafc9 compiled generation=705 fresh=false modules=6 took_us=61
2026-09-25T22:42:55.491Z +25.897s DEBUG [graph] session=292bafc9 compiled generation=706 fresh=false modules=6 took_us=42
2026-09-25T22:42:55.509Z +25.915s DEBUG [graph] session=292bafc9 compiled generation=707 fresh=false modules=6 took_us=43
2026-09-25T22:42:55.529Z +25.935s DEBUG [graph] session=292bafc9 compiled generation=708 fresh=false modules=6 took_us=49
2026-09-25T22:42:55.550Z +25.956s DEBUG [graph] session=292bafc9 compiled generation=709 fresh=false modules=6 took_us=51
2026-09-25T22:42:55.571Z +25.977s DEBUG [graph] session=292bafc9 compiled generation=710 fresh=false modules=6 took_us=45
2026-09-25T22:42:55.590Z +25.996s DEBUG [graph] session=292bafc9 compiled generation=711 fresh=false modules=6 took_us=50
2026-09-25T22:42:55.611Z +26.017s DEBUG [graph] session=292bafc9 compiled generation=712 fresh=false modules=6 took_us=46
2026-09-25T22:42:55.628Z +26.033s DEBUG [graph] session=292bafc9 compiled generation=713 fresh=false modules=6 took_us=43
2026-09-25T22:42:55.644Z +26.050s DEBUG [graph] session=292bafc9 compiled generation=714 fresh=false modules=6 took_us=45
2026-09-25T22:42:55.668Z +26.073s DEBUG [graph] session=292bafc9 compiled generation=715 fresh=false modules=6 took_us=74
2026-09-25T22:42:55.686Z +26.091s DEBUG [graph] session=292bafc9 compiled generation=716 fresh=false modules=6 took_us=65
2026-09-25T22:42:55.705Z +26.111s DEBUG [graph] session=292bafc9 compiled generation=717 fresh=false modules=6 took_us=50
2026-09-25T22:42:55.722Z +26.128s DEBUG [graph] session=292bafc9 compiled generation=718 fresh=false modules=6 took_us=49
2026-09-25T22:42:55.743Z +26.149s DEBUG [graph] session=292bafc9 compiled generation=719 fresh=false modules=6 took_us=57
2026-09-25T22:42:55.760Z +26.166s DEBUG [graph] session=292bafc9 compiled generation=720 fresh=false modules=6 took_us=43
2026-09-25T22:42:55.777Z +26.183s DEBUG [graph] session=292bafc9 compiled generation=721 fresh=false modules=6 took_us=43
2026-09-25T22:42:55.796Z +26.202s DEBUG [graph] session=292bafc9 compiled generation=722 fresh=false modules=6 took_us=43
2026-09-25T22:42:55.812Z +26.218s DEBUG [graph] session=292bafc9 compiled generation=723 fresh=false modules=6 took_us=45
2026-09-25T22:42:55.829Z +26.235s DEBUG [graph] session=292bafc9 compiled generation=724 fresh=false modules=6 took_us=43
2026-09-25T22:42:55.850Z +26.256s DEBUG [graph] session=292bafc9 compiled generation=725 fresh=false modules=6 took_us=63
2026-09-25T22:42:55.872Z +26.278s DEBUG [graph] session=292bafc9 compiled generation=726 fresh=false modules=6 took_us=45
2026-09-25T22:42:55.889Z +26.295s DEBUG [graph] session=292bafc9 compiled generation=727 fresh=false modules=6 took_us=43
2026-09-25T22:42:55.907Z +26.313s DEBUG [graph] session=292bafc9 compiled generation=728 fresh=false modules=6 took_us=56
2026-09-25T22:42:55.926Z +26.332s DEBUG [graph] session=292bafc9 compiled generation=729 fresh=false modules=6 took_us=45
2026-09-25T22:42:55.944Z +26.350s DEBUG [graph] session=292bafc9 compiled generation=730 fresh=false modules=6 took_us=44
2026-09-25T22:42:55.968Z +26.374s DEBUG [graph] session=292bafc9 compiled generation=731 fresh=false modules=6 took_us=54
2026-09-25T22:42:55.988Z +26.394s DEBUG [graph] session=292bafc9 compiled generation=732 fresh=false modules=6 took_us=51
2026-09-25T22:42:56.009Z +26.415s DEBUG [graph] session=292bafc9 compiled generation=733 fresh=false modules=6 took_us=58
2026-09-25T22:42:56.029Z +26.435s DEBUG [graph] session=292bafc9 compiled generation=734 fresh=false modules=6 took_us=65
2026-09-25T22:42:56.054Z +26.460s DEBUG [graph] session=292bafc9 compiled generation=735 fresh=false modules=6 took_us=60
2026-09-25T22:42:56.075Z +26.481s DEBUG [graph] session=292bafc9 compiled generation=736 fresh=false modules=6 took_us=62
2026-09-25T22:42:56.098Z +26.503s DEBUG [graph] session=292bafc9 compiled generation=737 fresh=false modules=6 took_us=66
2026-09-25T22:42:56.118Z +26.524s DEBUG [graph] session=292bafc9 compiled generation=738 fresh=false modules=6 took_us=51
2026-09-25T22:42:56.137Z +26.543s DEBUG [graph] session=292bafc9 compiled generation=739 fresh=false modules=6 took_us=52
2026-09-25T22:42:56.160Z +26.565s DEBUG [graph] session=292bafc9 compiled generation=740 fresh=false modules=6 took_us=76
2026-09-25T22:42:56.177Z +26.582s DEBUG [graph] session=292bafc9 compiled generation=741 fresh=false modules=6 took_us=44
2026-09-25T22:42:56.196Z +26.602s DEBUG [graph] session=292bafc9 compiled generation=742 fresh=false modules=6 took_us=45
2026-09-25T22:42:56.215Z +26.621s DEBUG [graph] session=292bafc9 compiled generation=743 fresh=false modules=6 took_us=52
2026-09-25T22:42:56.233Z +26.639s DEBUG [graph] session=292bafc9 compiled generation=744 fresh=false modules=6 took_us=54
2026-09-25T22:42:56.252Z +26.658s DEBUG [graph] session=292bafc9 compiled generation=745 fresh=false modules=6 took_us=48
2026-09-25T22:42:56.269Z +26.674s DEBUG [graph] session=292bafc9 compiled generation=746 fresh=false modules=6 took_us=44
2026-09-25T22:42:56.285Z +26.690s DEBUG [graph] session=292bafc9 compiled generation=747 fresh=false modules=6 took_us=43
2026-09-25T22:42:56.303Z +26.709s DEBUG [graph] session=292bafc9 compiled generation=748 fresh=false modules=6 took_us=88
2026-09-25T22:42:56.321Z +26.727s DEBUG [graph] session=292bafc9 compiled generation=749 fresh=false modules=6 took_us=45
2026-09-25T22:42:56.338Z +26.743s DEBUG [graph] session=292bafc9 compiled generation=750 fresh=false modules=6 took_us=50
2026-09-25T22:42:56.360Z +26.766s DEBUG [graph] session=292bafc9 compiled generation=751 fresh=false modules=6 took_us=44
2026-09-25T22:42:56.377Z +26.782s DEBUG [graph] session=292bafc9 compiled generation=752 fresh=false modules=6 took_us=77
2026-09-25T22:42:56.396Z +26.801s DEBUG [graph] session=292bafc9 compiled generation=753 fresh=false modules=6 took_us=46
2026-09-25T22:42:56.412Z +26.818s DEBUG [graph] session=292bafc9 compiled generation=754 fresh=false modules=6 took_us=45
2026-09-25T22:42:56.429Z +26.835s DEBUG [graph] session=292bafc9 compiled generation=755 fresh=false modules=6 took_us=45
2026-09-25T22:42:56.449Z +26.855s DEBUG [graph] session=292bafc9 compiled generation=756 fresh=false modules=6 took_us=44
2026-09-25T22:42:56.467Z +26.873s DEBUG [graph] session=292bafc9 compiled generation=757 fresh=false modules=6 took_us=44
2026-09-25T22:42:56.484Z +26.889s DEBUG [graph] session=292bafc9 compiled generation=758 fresh=false modules=6 took_us=45
2026-09-25T22:42:56.504Z +26.909s DEBUG [graph] session=292bafc9 compiled generation=759 fresh=false modules=6 took_us=44
2026-09-25T22:42:56.521Z +26.927s DEBUG [graph] session=292bafc9 compiled generation=760 fresh=false modules=6 took_us=50
2026-09-25T22:42:56.544Z +26.949s DEBUG [graph] session=292bafc9 compiled generation=761 fresh=false modules=6 took_us=48
2026-09-25T22:42:56.562Z +26.968s DEBUG [graph] session=292bafc9 compiled generation=762 fresh=false modules=6 took_us=45
2026-09-25T22:42:56.578Z +26.984s DEBUG [graph] session=292bafc9 compiled generation=763 fresh=false modules=6 took_us=47
2026-09-25T22:42:56.598Z +27.004s DEBUG [graph] session=292bafc9 compiled generation=764 fresh=false modules=6 took_us=51
2026-09-25T22:42:56.619Z +27.025s DEBUG [graph] session=292bafc9 compiled generation=765 fresh=false modules=6 took_us=50
2026-09-25T22:42:56.638Z +27.044s DEBUG [graph] session=292bafc9 compiled generation=766 fresh=false modules=6 took_us=48
2026-09-25T22:42:56.662Z +27.068s DEBUG [graph] session=292bafc9 compiled generation=767 fresh=false modules=6 took_us=50
2026-09-25T22:42:56.683Z +27.089s DEBUG [graph] session=292bafc9 compiled generation=768 fresh=false modules=6 took_us=50
2026-09-25T22:42:56.702Z +27.108s DEBUG [graph] session=292bafc9 compiled generation=769 fresh=false modules=6 took_us=49
2026-09-25T22:42:56.721Z +27.127s DEBUG [graph] session=292bafc9 compiled generation=770 fresh=false modules=6 took_us=55
2026-09-25T22:42:56.740Z +27.146s DEBUG [graph] session=292bafc9 compiled generation=771 fresh=false modules=6 took_us=46
2026-09-25T22:42:56.765Z +27.171s DEBUG [graph] session=292bafc9 compiled generation=772 fresh=false modules=6 took_us=51
2026-09-25T22:42:56.783Z +27.189s DEBUG [graph] session=292bafc9 compiled generation=773 fresh=false modules=6 took_us=49
2026-09-25T22:42:56.802Z +27.208s DEBUG [graph] session=292bafc9 compiled generation=774 fresh=false modules=6 took_us=45
2026-09-25T22:42:56.820Z +27.226s DEBUG [graph] session=292bafc9 compiled generation=775 fresh=false modules=6 took_us=46
2026-09-25T22:42:56.837Z +27.243s DEBUG [graph] session=292bafc9 compiled generation=776 fresh=false modules=6 took_us=46
2026-09-25T22:42:56.858Z +27.264s DEBUG [graph] session=292bafc9 compiled generation=777 fresh=false modules=6 took_us=46
2026-09-25T22:42:56.877Z +27.283s DEBUG [graph] session=292bafc9 compiled generation=778 fresh=false modules=6 took_us=49
2026-09-25T22:42:56.897Z +27.303s DEBUG [graph] session=292bafc9 compiled generation=779 fresh=false modules=6 took_us=47
2026-09-25T22:42:56.913Z +27.319s DEBUG [graph] session=292bafc9 compiled generation=780 fresh=false modules=6 took_us=50
2026-09-25T22:42:56.932Z +27.337s DEBUG [graph] session=292bafc9 compiled generation=781 fresh=false modules=6 took_us=80
2026-09-25T22:42:56.954Z +27.360s DEBUG [graph] session=292bafc9 compiled generation=782 fresh=false modules=6 took_us=48
2026-09-25T22:42:56.973Z +27.379s DEBUG [graph] session=292bafc9 compiled generation=783 fresh=false modules=6 took_us=48
2026-09-25T22:42:56.992Z +27.397s DEBUG [graph] session=292bafc9 compiled generation=784 fresh=false modules=6 took_us=55
2026-09-25T22:42:57.013Z +27.419s DEBUG [graph] session=292bafc9 compiled generation=785 fresh=false modules=6 took_us=56
2026-09-25T22:42:57.033Z +27.439s DEBUG [graph] session=292bafc9 compiled generation=786 fresh=false modules=6 took_us=57
2026-09-25T22:42:57.055Z +27.461s DEBUG [graph] session=292bafc9 compiled generation=787 fresh=false modules=6 took_us=52
2026-09-25T22:42:57.074Z +27.480s DEBUG [graph] session=292bafc9 compiled generation=788 fresh=false modules=6 took_us=57
2026-09-25T22:42:57.098Z +27.504s DEBUG [graph] session=292bafc9 compiled generation=789 fresh=false modules=6 took_us=47
2026-09-25T22:42:57.119Z +27.525s DEBUG [graph] session=292bafc9 compiled generation=790 fresh=false modules=6 took_us=44
2026-09-25T22:42:57.136Z +27.542s DEBUG [graph] session=292bafc9 compiled generation=791 fresh=false modules=6 took_us=53
2026-09-25T22:42:57.155Z +27.561s DEBUG [graph] session=292bafc9 compiled generation=792 fresh=false modules=6 took_us=53
2026-09-25T22:42:57.173Z +27.579s DEBUG [graph] session=292bafc9 compiled generation=793 fresh=false modules=6 took_us=54
2026-09-25T22:42:57.192Z +27.597s DEBUG [graph] session=292bafc9 compiled generation=794 fresh=false modules=6 took_us=43
2026-09-25T22:42:57.210Z +27.616s DEBUG [graph] session=292bafc9 compiled generation=795 fresh=false modules=6 took_us=42
2026-09-25T22:42:57.225Z +27.631s DEBUG [graph] session=292bafc9 compiled generation=796 fresh=false modules=6 took_us=42
2026-09-25T22:42:57.242Z +27.648s DEBUG [graph] session=292bafc9 compiled generation=797 fresh=false modules=6 took_us=43
2026-09-25T22:42:57.262Z +27.668s DEBUG [graph] session=292bafc9 compiled generation=798 fresh=false modules=6 took_us=48
2026-09-25T22:42:57.280Z +27.686s DEBUG [graph] session=292bafc9 compiled generation=799 fresh=false modules=6 took_us=55
2026-09-25T22:42:57.299Z +27.705s DEBUG [graph] session=292bafc9 compiled generation=800 fresh=false modules=6 took_us=48
2026-09-25T22:42:57.317Z +27.723s DEBUG [graph] session=292bafc9 compiled generation=801 fresh=false modules=6 took_us=48
2026-09-25T22:42:57.334Z +27.740s DEBUG [graph] session=292bafc9 compiled generation=802 fresh=false modules=6 took_us=49
2026-09-25T22:42:57.355Z +27.761s DEBUG [graph] session=292bafc9 compiled generation=803 fresh=false modules=6 took_us=84
2026-09-25T22:42:57.372Z +27.778s DEBUG [graph] session=292bafc9 compiled generation=804 fresh=false modules=6 took_us=48
2026-09-25T22:42:57.389Z +27.794s DEBUG [graph] session=292bafc9 compiled generation=805 fresh=false modules=6 took_us=47
2026-09-25T22:42:57.412Z +27.818s DEBUG [graph] session=292bafc9 compiled generation=806 fresh=false modules=6 took_us=44
2026-09-25T22:42:57.429Z +27.835s DEBUG [graph] session=292bafc9 compiled generation=807 fresh=false modules=6 took_us=43
2026-09-25T22:42:57.447Z +27.853s DEBUG [graph] session=292bafc9 compiled generation=808 fresh=false modules=6 took_us=42
2026-09-25T22:42:57.469Z +27.875s DEBUG [graph] session=292bafc9 compiled generation=809 fresh=false modules=6 took_us=50
2026-09-25T22:42:57.488Z +27.893s DEBUG [graph] session=292bafc9 compiled generation=810 fresh=false modules=6 took_us=84
2026-09-25T22:42:57.507Z +27.913s DEBUG [graph] session=292bafc9 compiled generation=811 fresh=false modules=6 took_us=48
2026-09-25T22:42:57.526Z +27.932s DEBUG [graph] session=292bafc9 compiled generation=812 fresh=false modules=6 took_us=53
2026-09-25T22:42:57.545Z +27.951s DEBUG [graph] session=292bafc9 compiled generation=813 fresh=false modules=6 took_us=44
2026-09-25T22:42:57.575Z +27.980s DEBUG [graph] session=292bafc9 compiled generation=814 fresh=false modules=6 took_us=45
2026-09-25T22:42:57.601Z +28.006s DEBUG [graph] session=292bafc9 compiled generation=815 fresh=false modules=6 took_us=96
2026-09-25T22:42:57.621Z +28.027s DEBUG [graph] session=292bafc9 compiled generation=816 fresh=false modules=6 took_us=44
2026-09-25T22:42:57.642Z +28.048s DEBUG [graph] session=292bafc9 compiled generation=817 fresh=false modules=6 took_us=44
2026-09-25T22:42:57.670Z +28.076s DEBUG [graph] session=292bafc9 compiled generation=818 fresh=false modules=6 took_us=50
2026-09-25T22:42:57.691Z +28.097s DEBUG [graph] session=292bafc9 compiled generation=819 fresh=false modules=6 took_us=51
2026-09-25T22:42:57.713Z +28.119s DEBUG [graph] session=292bafc9 compiled generation=820 fresh=false modules=6 took_us=49
2026-09-25T22:42:57.732Z +28.138s DEBUG [graph] session=292bafc9 compiled generation=821 fresh=false modules=6 took_us=47
2026-09-25T22:42:57.754Z +28.160s DEBUG [graph] session=292bafc9 compiled generation=822 fresh=false modules=6 took_us=43
2026-09-25T22:42:57.772Z +28.178s DEBUG [graph] session=292bafc9 compiled generation=823 fresh=false modules=6 took_us=48
2026-09-25T22:42:57.790Z +28.195s DEBUG [graph] session=292bafc9 compiled generation=824 fresh=false modules=6 took_us=46
2026-09-25T22:42:57.812Z +28.218s DEBUG [graph] session=292bafc9 compiled generation=825 fresh=false modules=6 took_us=54
2026-09-25T22:42:57.832Z +28.238s DEBUG [graph] session=292bafc9 compiled generation=826 fresh=false modules=6 took_us=57
2026-09-25T22:42:57.861Z +28.267s DEBUG [graph] session=292bafc9 compiled generation=827 fresh=false modules=6 took_us=53
2026-09-25T22:42:57.878Z +28.283s DEBUG [graph] session=292bafc9 compiled generation=828 fresh=false modules=6 took_us=47
2026-09-25T22:42:57.898Z +28.304s DEBUG [graph] session=292bafc9 compiled generation=829 fresh=false modules=6 took_us=46
2026-09-25T22:42:57.919Z +28.324s DEBUG [graph] session=292bafc9 compiled generation=830 fresh=false modules=6 took_us=86
2026-09-25T22:42:57.939Z +28.345s DEBUG [graph] session=292bafc9 compiled generation=831 fresh=false modules=6 took_us=47
2026-09-25T22:42:57.964Z +28.370s DEBUG [graph] session=292bafc9 compiled generation=832 fresh=false modules=6 took_us=49
2026-09-25T22:42:57.985Z +28.391s DEBUG [graph] session=292bafc9 compiled generation=833 fresh=false modules=6 took_us=50
2026-09-25T22:42:58.014Z +28.420s DEBUG [graph] session=292bafc9 compiled generation=834 fresh=false modules=6 took_us=62
2026-09-25T22:42:58.032Z +28.438s DEBUG [graph] session=292bafc9 compiled generation=835 fresh=false modules=6 took_us=47
2026-09-25T22:42:58.057Z +28.463s DEBUG [graph] session=292bafc9 compiled generation=836 fresh=false modules=6 took_us=62
2026-09-25T22:42:58.077Z +28.483s DEBUG [graph] session=292bafc9 compiled generation=837 fresh=false modules=6 took_us=44
2026-09-25T22:42:58.099Z +28.505s DEBUG [graph] session=292bafc9 compiled generation=838 fresh=false modules=6 took_us=60
2026-09-25T22:42:58.119Z +28.525s DEBUG [graph] session=292bafc9 compiled generation=839 fresh=false modules=6 took_us=48
2026-09-25T22:42:58.138Z +28.543s DEBUG [graph] session=292bafc9 compiled generation=840 fresh=false modules=6 took_us=51
2026-09-25T22:42:58.163Z +28.569s DEBUG [graph] session=292bafc9 compiled generation=841 fresh=false modules=6 took_us=67
2026-09-25T22:42:58.186Z +28.592s DEBUG [graph] session=292bafc9 compiled generation=842 fresh=false modules=6 took_us=44
2026-09-25T22:42:58.206Z +28.612s DEBUG [graph] session=292bafc9 compiled generation=843 fresh=false modules=6 took_us=74
2026-09-25T22:42:58.228Z +28.634s DEBUG [graph] session=292bafc9 compiled generation=844 fresh=false modules=6 took_us=65
2026-09-25T22:42:58.257Z +28.663s DEBUG [graph] session=292bafc9 compiled generation=845 fresh=false modules=6 took_us=86
2026-09-25T22:42:58.279Z +28.685s DEBUG [graph] session=292bafc9 compiled generation=846 fresh=false modules=6 took_us=75
2026-09-25T22:42:58.301Z +28.707s DEBUG [graph] session=292bafc9 compiled generation=847 fresh=false modules=6 took_us=46
2026-09-25T22:42:58.318Z +28.724s DEBUG [graph] session=292bafc9 compiled generation=848 fresh=false modules=6 took_us=57
2026-09-25T22:42:58.334Z +28.740s DEBUG [graph] session=292bafc9 compiled generation=849 fresh=false modules=6 took_us=48
2026-09-25T22:42:58.356Z +28.762s DEBUG [graph] session=292bafc9 compiled generation=850 fresh=false modules=6 took_us=43
2026-09-25T22:42:58.373Z +28.779s DEBUG [graph] session=292bafc9 compiled generation=851 fresh=false modules=6 took_us=48
2026-09-25T22:42:58.391Z +28.796s DEBUG [graph] session=292bafc9 compiled generation=852 fresh=false modules=6 took_us=45
2026-09-25T22:42:58.410Z +28.816s DEBUG [graph] session=292bafc9 compiled generation=853 fresh=false modules=6 took_us=47
2026-09-25T22:42:58.429Z +28.835s DEBUG [graph] session=292bafc9 compiled generation=854 fresh=false modules=6 took_us=49
2026-09-25T22:42:58.450Z +28.855s DEBUG [graph] session=292bafc9 compiled generation=855 fresh=false modules=6 took_us=52
2026-09-25T22:42:58.468Z +28.874s DEBUG [graph] session=292bafc9 compiled generation=856 fresh=false modules=6 took_us=43
2026-09-25T22:42:58.487Z +28.893s DEBUG [graph] session=292bafc9 compiled generation=857 fresh=false modules=6 took_us=47
2026-09-25T22:42:58.508Z +28.914s DEBUG [graph] session=292bafc9 compiled generation=858 fresh=false modules=6 took_us=43
2026-09-25T22:42:58.526Z +28.932s DEBUG [graph] session=292bafc9 compiled generation=859 fresh=false modules=6 took_us=43
2026-09-25T22:42:58.550Z +28.956s DEBUG [graph] session=292bafc9 compiled generation=860 fresh=false modules=6 took_us=45
2026-09-25T22:42:58.568Z +28.974s DEBUG [graph] session=292bafc9 compiled generation=861 fresh=false modules=6 took_us=44
2026-09-25T22:42:58.585Z +28.991s DEBUG [graph] session=292bafc9 compiled generation=862 fresh=false modules=6 took_us=46
2026-09-25T22:42:58.606Z +29.012s DEBUG [graph] session=292bafc9 compiled generation=863 fresh=false modules=6 took_us=48
2026-09-25T22:42:58.624Z +29.029s DEBUG [graph] session=292bafc9 compiled generation=864 fresh=false modules=6 took_us=70
2026-09-25T22:42:58.641Z +29.047s DEBUG [graph] session=292bafc9 compiled generation=865 fresh=false modules=6 took_us=45
2026-09-25T22:42:58.665Z +29.070s DEBUG [graph] session=292bafc9 compiled generation=866 fresh=false modules=6 took_us=44
2026-09-25T22:42:58.684Z +29.090s DEBUG [graph] session=292bafc9 compiled generation=867 fresh=false modules=6 took_us=44
2026-09-25T22:42:58.702Z +29.108s DEBUG [graph] session=292bafc9 compiled generation=868 fresh=false modules=6 took_us=44
2026-09-25T22:42:58.723Z +29.129s DEBUG [graph] session=292bafc9 compiled generation=869 fresh=false modules=6 took_us=93
2026-09-25T22:42:58.741Z +29.147s DEBUG [graph] session=292bafc9 compiled generation=870 fresh=false modules=6 took_us=57
2026-09-25T22:42:58.764Z +29.170s DEBUG [graph] session=292bafc9 compiled generation=871 fresh=false modules=6 took_us=49
2026-09-25T22:42:58.783Z +29.189s DEBUG [graph] session=292bafc9 compiled generation=872 fresh=false modules=6 took_us=50
2026-09-25T22:42:58.802Z +29.208s DEBUG [graph] session=292bafc9 compiled generation=873 fresh=false modules=6 took_us=50
2026-09-25T22:42:58.819Z +29.225s DEBUG [graph] session=292bafc9 compiled generation=874 fresh=false modules=6 took_us=48
2026-09-25T22:42:58.837Z +29.243s DEBUG [graph] session=292bafc9 compiled generation=875 fresh=false modules=6 took_us=40
2026-09-25T22:42:58.858Z +29.264s DEBUG [graph] session=292bafc9 compiled generation=876 fresh=false modules=6 took_us=50
2026-09-25T22:42:58.879Z +29.285s DEBUG [graph] session=292bafc9 compiled generation=877 fresh=false modules=6 took_us=53
2026-09-25T22:42:58.902Z +29.307s DEBUG [graph] session=292bafc9 compiled generation=878 fresh=false modules=6 took_us=51
2026-09-25T22:42:58.920Z +29.326s DEBUG [graph] session=292bafc9 compiled generation=879 fresh=false modules=6 took_us=50
2026-09-25T22:42:58.938Z +29.344s DEBUG [graph] session=292bafc9 compiled generation=880 fresh=false modules=6 took_us=57
2026-09-25T22:42:58.962Z +29.367s DEBUG [graph] session=292bafc9 compiled generation=881 fresh=false modules=6 took_us=85
2026-09-25T22:42:58.979Z +29.385s DEBUG [graph] session=292bafc9 compiled generation=882 fresh=false modules=6 took_us=43
2026-09-25T22:42:58.998Z +29.404s DEBUG [graph] session=292bafc9 compiled generation=883 fresh=false modules=6 took_us=50
2026-09-25T22:42:59.018Z +29.424s DEBUG [graph] session=292bafc9 compiled generation=884 fresh=false modules=6 took_us=62
2026-09-25T22:42:59.038Z +29.444s DEBUG [graph] session=292bafc9 compiled generation=885 fresh=false modules=6 took_us=50
2026-09-25T22:42:59.065Z +29.471s DEBUG [graph] session=292bafc9 compiled generation=886 fresh=false modules=6 took_us=49
2026-09-25T22:42:59.089Z +29.495s DEBUG [graph] session=292bafc9 compiled generation=887 fresh=false modules=6 took_us=48
2026-09-25T22:42:59.112Z +29.518s DEBUG [graph] session=292bafc9 compiled generation=888 fresh=false modules=6 took_us=49
2026-09-25T22:42:59.130Z +29.536s DEBUG [graph] session=292bafc9 compiled generation=889 fresh=false modules=6 took_us=49
2026-09-25T22:42:59.152Z +29.558s DEBUG [graph] session=292bafc9 compiled generation=890 fresh=false modules=6 took_us=50
2026-09-25T22:42:59.172Z +29.578s DEBUG [graph] session=292bafc9 compiled generation=891 fresh=false modules=6 took_us=49
2026-09-25T22:42:59.192Z +29.598s DEBUG [graph] session=292bafc9 compiled generation=892 fresh=false modules=6 took_us=48
2026-09-25T22:42:59.211Z +29.617s DEBUG [graph] session=292bafc9 compiled generation=893 fresh=false modules=6 took_us=57
2026-09-25T22:42:59.228Z +29.634s DEBUG [graph] session=292bafc9 compiled generation=894 fresh=false modules=6 took_us=58
2026-09-25T22:42:59.250Z +29.656s DEBUG [graph] session=292bafc9 compiled generation=895 fresh=false modules=6 took_us=51
2026-09-25T22:42:59.272Z +29.678s DEBUG [graph] session=292bafc9 compiled generation=896 fresh=false modules=6 took_us=53
2026-09-25T22:42:59.292Z +29.698s DEBUG [graph] session=292bafc9 compiled generation=897 fresh=false modules=6 took_us=51
2026-09-25T22:42:59.309Z +29.715s DEBUG [graph] session=292bafc9 compiled generation=898 fresh=false modules=6 took_us=46
2026-09-25T22:42:59.325Z +29.731s DEBUG [graph] session=292bafc9 compiled generation=899 fresh=false modules=6 took_us=43
2026-09-25T22:42:59.343Z +29.749s DEBUG [graph] session=292bafc9 compiled generation=900 fresh=false modules=6 took_us=49
2026-09-25T22:42:59.366Z +29.772s DEBUG [graph] session=292bafc9 compiled generation=901 fresh=false modules=6 took_us=45
2026-09-25T22:42:59.383Z +29.789s DEBUG [graph] session=292bafc9 compiled generation=902 fresh=false modules=6 took_us=45
2026-09-25T22:42:59.404Z +29.810s DEBUG [graph] session=292bafc9 compiled generation=903 fresh=false modules=6 took_us=58
2026-09-25T22:42:59.421Z +29.827s DEBUG [graph] session=292bafc9 compiled generation=904 fresh=false modules=6 took_us=50
2026-09-25T22:42:59.439Z +29.845s DEBUG [graph] session=292bafc9 compiled generation=905 fresh=false modules=6 took_us=50
2026-09-25T22:42:59.461Z +29.867s DEBUG [graph] session=292bafc9 compiled generation=906 fresh=false modules=6 took_us=51
2026-09-25T22:42:59.485Z +29.891s DEBUG [graph] session=292bafc9 compiled generation=907 fresh=false modules=6 took_us=54
2026-09-25T22:42:59.506Z +29.911s DEBUG [graph] session=292bafc9 compiled generation=908 fresh=false modules=6 took_us=50
2026-09-25T22:42:59.528Z +29.934s DEBUG [graph] session=292bafc9 compiled generation=909 fresh=false modules=6 took_us=41
2026-09-25T22:42:59.546Z +29.952s DEBUG [graph] session=292bafc9 compiled generation=910 fresh=false modules=6 took_us=71
2026-09-25T22:42:59.570Z +29.975s DEBUG [graph] session=292bafc9 compiled generation=911 fresh=false modules=6 took_us=41
2026-09-25T22:42:59.586Z +29.992s DEBUG [graph] session=292bafc9 compiled generation=912 fresh=false modules=6 took_us=41
2026-09-25T22:42:59.605Z +30.011s DEBUG [graph] session=292bafc9 compiled generation=913 fresh=false modules=6 took_us=39
2026-09-25T22:42:59.625Z +30.031s DEBUG [graph] session=292bafc9 compiled generation=914 fresh=false modules=6 took_us=41
2026-09-25T22:42:59.646Z +30.052s DEBUG [graph] session=292bafc9 compiled generation=915 fresh=false modules=6 took_us=45
2026-09-25T22:42:59.664Z +30.070s DEBUG [graph] session=292bafc9 compiled generation=916 fresh=false modules=6 took_us=45
2026-09-25T22:42:59.682Z +30.088s DEBUG [graph] session=292bafc9 compiled generation=917 fresh=false modules=6 took_us=67
2026-09-25T22:42:59.703Z +30.109s DEBUG [graph] session=292bafc9 compiled generation=918 fresh=false modules=6 took_us=44
2026-09-25T22:42:59.720Z +30.126s DEBUG [graph] session=292bafc9 compiled generation=919 fresh=false modules=6 took_us=44
2026-09-25T22:42:59.736Z +30.142s INFO  [audio.health] session=292bafc9 last 10.0s: xruns=0 late_executions=3 late_arrivals=170 callbacks=1877 worst_run_us=5568
2026-09-25T22:42:59.736Z +30.142s DEBUG [graph] session=292bafc9 compiled generation=920 fresh=false modules=6 took_us=44
2026-09-25T22:42:59.755Z +30.161s DEBUG [graph] session=292bafc9 compiled generation=921 fresh=false modules=6 took_us=50
2026-09-25T22:42:59.773Z +30.179s DEBUG [graph] session=292bafc9 compiled generation=922 fresh=false modules=6 took_us=46
2026-09-25T22:42:59.794Z +30.199s DEBUG [graph] session=292bafc9 compiled generation=923 fresh=false modules=6 took_us=78
2026-09-25T22:42:59.810Z +30.216s DEBUG [graph] session=292bafc9 compiled generation=924 fresh=false modules=6 took_us=45
2026-09-25T22:42:59.829Z +30.235s DEBUG [graph] session=292bafc9 compiled generation=925 fresh=false modules=6 took_us=47
2026-09-25T22:42:59.852Z +30.258s DEBUG [graph] session=292bafc9 compiled generation=926 fresh=false modules=6 took_us=47
2026-09-25T22:42:59.872Z +30.277s DEBUG [graph] session=292bafc9 compiled generation=927 fresh=false modules=6 took_us=45
2026-09-25T22:42:59.894Z +30.300s DEBUG [graph] session=292bafc9 compiled generation=928 fresh=false modules=6 took_us=46
2026-09-25T22:42:59.911Z +30.317s DEBUG [graph] session=292bafc9 compiled generation=929 fresh=false modules=6 took_us=45
2026-09-25T22:42:59.929Z +30.335s DEBUG [graph] session=292bafc9 compiled generation=930 fresh=false modules=6 took_us=52
2026-09-25T22:42:59.953Z +30.359s DEBUG [graph] session=292bafc9 compiled generation=931 fresh=false modules=6 took_us=49
2026-09-25T22:42:59.971Z +30.377s DEBUG [graph] session=292bafc9 compiled generation=932 fresh=false modules=6 took_us=46
2026-09-25T22:42:59.990Z +30.396s DEBUG [graph] session=292bafc9 compiled generation=933 fresh=false modules=6 took_us=64
2026-09-25T22:43:00.013Z +30.419s DEBUG [graph] session=292bafc9 compiled generation=934 fresh=false modules=6 took_us=51
2026-09-25T22:43:00.035Z +30.441s DEBUG [graph] session=292bafc9 compiled generation=935 fresh=false modules=6 took_us=53
2026-09-25T22:43:00.060Z +30.466s DEBUG [graph] session=292bafc9 compiled generation=936 fresh=false modules=6 took_us=48
2026-09-25T22:43:00.080Z +30.486s DEBUG [graph] session=292bafc9 compiled generation=937 fresh=false modules=6 took_us=47
2026-09-25T22:43:00.102Z +30.508s DEBUG [graph] session=292bafc9 compiled generation=938 fresh=false modules=6 took_us=48
2026-09-25T22:43:00.121Z +30.527s DEBUG [graph] session=292bafc9 compiled generation=939 fresh=false modules=6 took_us=49
2026-09-25T22:43:00.140Z +30.546s DEBUG [graph] session=292bafc9 compiled generation=940 fresh=false modules=6 took_us=62
2026-09-25T22:43:00.162Z +30.568s DEBUG [graph] session=292bafc9 compiled generation=941 fresh=false modules=6 took_us=60
2026-09-25T22:43:00.183Z +30.589s DEBUG [graph] session=292bafc9 compiled generation=942 fresh=false modules=6 took_us=50
2026-09-25T22:43:00.208Z +30.614s DEBUG [graph] session=292bafc9 compiled generation=943 fresh=false modules=6 took_us=50
2026-09-25T22:43:00.227Z +30.633s DEBUG [graph] session=292bafc9 compiled generation=944 fresh=false modules=6 took_us=51
2026-09-25T22:43:00.250Z +30.655s DEBUG [graph] session=292bafc9 compiled generation=945 fresh=false modules=6 took_us=96
2026-09-25T22:43:00.270Z +30.675s DEBUG [graph] session=292bafc9 compiled generation=946 fresh=false modules=6 took_us=52
2026-09-25T22:43:00.288Z +30.694s DEBUG [graph] session=292bafc9 compiled generation=947 fresh=false modules=6 took_us=48
2026-09-25T22:43:00.306Z +30.712s DEBUG [graph] session=292bafc9 compiled generation=948 fresh=false modules=6 took_us=48
2026-09-25T22:43:00.326Z +30.732s DEBUG [graph] session=292bafc9 compiled generation=949 fresh=false modules=6 took_us=45
2026-09-25T22:43:00.348Z +30.754s DEBUG [graph] session=292bafc9 compiled generation=950 fresh=false modules=6 took_us=48
2026-09-25T22:43:00.366Z +30.772s DEBUG [graph] session=292bafc9 compiled generation=951 fresh=false modules=6 took_us=45
2026-09-25T22:43:00.384Z +30.790s DEBUG [graph] session=292bafc9 compiled generation=952 fresh=false modules=6 took_us=48
2026-09-25T22:43:00.405Z +30.811s DEBUG [graph] session=292bafc9 compiled generation=953 fresh=false modules=6 took_us=55
2026-09-25T22:43:00.424Z +30.829s DEBUG [graph] session=292bafc9 compiled generation=954 fresh=false modules=6 took_us=51
2026-09-25T22:43:00.440Z +30.846s DEBUG [graph] session=292bafc9 compiled generation=955 fresh=false modules=6 took_us=42
2026-09-25T22:43:00.462Z +30.868s DEBUG [graph] session=292bafc9 compiled generation=956 fresh=false modules=6 took_us=46
2026-09-25T22:43:00.481Z +30.887s DEBUG [graph] session=292bafc9 compiled generation=957 fresh=false modules=6 took_us=49
2026-09-25T22:43:00.503Z +30.908s DEBUG [graph] session=292bafc9 compiled generation=958 fresh=false modules=6 took_us=48
2026-09-25T22:43:00.522Z +30.928s DEBUG [graph] session=292bafc9 compiled generation=959 fresh=false modules=6 took_us=49
2026-09-25T22:43:00.541Z +30.947s DEBUG [graph] session=292bafc9 compiled generation=960 fresh=false modules=6 took_us=48
2026-09-25T22:43:00.563Z +30.969s DEBUG [graph] session=292bafc9 compiled generation=961 fresh=false modules=6 took_us=49
2026-09-25T22:43:00.580Z +30.986s DEBUG [graph] session=292bafc9 compiled generation=962 fresh=false modules=6 took_us=47
2026-09-25T22:43:00.601Z +31.007s DEBUG [graph] session=292bafc9 compiled generation=963 fresh=false modules=6 took_us=48
2026-09-25T22:43:00.618Z +31.024s DEBUG [graph] session=292bafc9 compiled generation=964 fresh=false modules=6 took_us=50
2026-09-25T22:43:00.637Z +31.043s DEBUG [graph] session=292bafc9 compiled generation=965 fresh=false modules=6 took_us=65
2026-09-25T22:43:00.658Z +31.064s DEBUG [graph] session=292bafc9 compiled generation=966 fresh=false modules=6 took_us=50
2026-09-25T22:43:00.678Z +31.084s DEBUG [graph] session=292bafc9 compiled generation=967 fresh=false modules=6 took_us=43
2026-09-25T22:43:00.694Z +31.100s DEBUG [graph] session=292bafc9 compiled generation=968 fresh=false modules=6 took_us=55
2026-09-25T22:43:00.713Z +31.119s DEBUG [graph] session=292bafc9 compiled generation=969 fresh=false modules=6 took_us=47
2026-09-25T22:43:00.733Z +31.139s DEBUG [graph] session=292bafc9 compiled generation=970 fresh=false modules=6 took_us=50
2026-09-25T22:43:00.755Z +31.161s DEBUG [graph] session=292bafc9 compiled generation=971 fresh=false modules=6 took_us=55
2026-09-25T22:43:00.778Z +31.183s DEBUG [graph] session=292bafc9 compiled generation=972 fresh=false modules=6 took_us=55
2026-09-25T22:43:00.802Z +31.208s DEBUG [graph] session=292bafc9 compiled generation=973 fresh=false modules=6 took_us=63
2026-09-25T22:43:00.822Z +31.228s DEBUG [graph] session=292bafc9 compiled generation=974 fresh=false modules=6 took_us=53
2026-09-25T22:43:00.842Z +31.247s DEBUG [graph] session=292bafc9 compiled generation=975 fresh=false modules=6 took_us=73
2026-09-25T22:43:00.867Z +31.273s DEBUG [graph] session=292bafc9 compiled generation=976 fresh=false modules=6 took_us=51
2026-09-25T22:43:00.888Z +31.294s DEBUG [graph] session=292bafc9 compiled generation=977 fresh=false modules=6 took_us=51
2026-09-25T22:43:00.917Z +31.323s DEBUG [graph] session=292bafc9 compiled generation=978 fresh=false modules=6 took_us=59
2026-09-25T22:43:00.940Z +31.346s DEBUG [graph] session=292bafc9 compiled generation=979 fresh=false modules=6 took_us=82
2026-09-25T22:43:00.965Z +31.371s DEBUG [graph] session=292bafc9 compiled generation=980 fresh=false modules=6 took_us=47
2026-09-25T22:43:00.983Z +31.389s DEBUG [graph] session=292bafc9 compiled generation=981 fresh=false modules=6 took_us=47
2026-09-25T22:43:01.002Z +31.408s DEBUG [graph] session=292bafc9 compiled generation=982 fresh=false modules=6 took_us=48
2026-09-25T22:43:01.019Z +31.424s DEBUG [graph] session=292bafc9 compiled generation=983 fresh=false modules=6 took_us=79
2026-09-25T22:43:01.037Z +31.442s DEBUG [graph] session=292bafc9 compiled generation=984 fresh=false modules=6 took_us=43
2026-09-25T22:43:01.059Z +31.465s DEBUG [graph] session=292bafc9 compiled generation=985 fresh=false modules=6 took_us=47
2026-09-25T22:43:01.087Z +31.493s DEBUG [graph] session=292bafc9 compiled generation=986 fresh=false modules=6 took_us=50
2026-09-25T22:43:01.118Z +31.524s DEBUG [graph] session=292bafc9 compiled generation=987 fresh=false modules=6 took_us=2190
2026-09-25T22:43:01.149Z +31.554s DEBUG [graph] session=292bafc9 compiled generation=988 fresh=false modules=6 took_us=56
2026-09-25T22:43:01.167Z +31.573s DEBUG [graph] session=292bafc9 compiled generation=989 fresh=false modules=6 took_us=46
2026-09-25T22:43:01.186Z +31.592s DEBUG [graph] session=292bafc9 compiled generation=990 fresh=false modules=6 took_us=45
2026-09-25T22:43:01.210Z +31.616s DEBUG [graph] session=292bafc9 compiled generation=991 fresh=false modules=6 took_us=48
2026-09-25T22:43:01.229Z +31.635s DEBUG [graph] session=292bafc9 compiled generation=992 fresh=false modules=6 took_us=47
2026-09-25T22:43:01.247Z +31.653s DEBUG [graph] session=292bafc9 compiled generation=993 fresh=false modules=6 took_us=43
2026-09-25T22:43:01.267Z +31.673s DEBUG [graph] session=292bafc9 compiled generation=994 fresh=false modules=6 took_us=41
2026-09-25T22:43:01.284Z +31.690s DEBUG [graph] session=292bafc9 compiled generation=995 fresh=false modules=6 took_us=44
2026-09-25T22:43:01.306Z +31.712s DEBUG [graph] session=292bafc9 compiled generation=996 fresh=false modules=6 took_us=48
2026-09-25T22:43:01.323Z +31.729s DEBUG [graph] session=292bafc9 compiled generation=997 fresh=false modules=6 took_us=48
2026-09-25T22:43:01.340Z +31.746s DEBUG [graph] session=292bafc9 compiled generation=998 fresh=false modules=6 took_us=42
2026-09-25T22:43:01.362Z +31.768s DEBUG [graph] session=292bafc9 compiled generation=999 fresh=false modules=6 took_us=44
2026-09-25T22:43:01.380Z +31.786s DEBUG [graph] session=292bafc9 compiled generation=1000 fresh=false modules=6 took_us=50
2026-09-25T22:43:01.402Z +31.808s DEBUG [graph] session=292bafc9 compiled generation=1001 fresh=false modules=6 took_us=62
2026-09-25T22:43:01.421Z +31.827s DEBUG [graph] session=292bafc9 compiled generation=1002 fresh=false modules=6 took_us=50
2026-09-25T22:43:01.439Z +31.845s DEBUG [graph] session=292bafc9 compiled generation=1003 fresh=false modules=6 took_us=49
2026-09-25T22:43:01.463Z +31.869s DEBUG [graph] session=292bafc9 compiled generation=1004 fresh=false modules=6 took_us=74
2026-09-25T22:43:01.485Z +31.891s DEBUG [graph] session=292bafc9 compiled generation=1005 fresh=false modules=6 took_us=46
2026-09-25T22:43:01.505Z +31.911s DEBUG [graph] session=292bafc9 compiled generation=1006 fresh=false modules=6 took_us=48
2026-09-25T22:43:01.524Z +31.930s DEBUG [graph] session=292bafc9 compiled generation=1007 fresh=false modules=6 took_us=46
2026-09-25T22:43:01.541Z +31.947s DEBUG [graph] session=292bafc9 compiled generation=1008 fresh=false modules=6 took_us=105
2026-09-25T22:43:01.566Z +31.971s DEBUG [graph] session=292bafc9 compiled generation=1009 fresh=false modules=6 took_us=45
2026-09-25T22:43:01.584Z +31.990s DEBUG [graph] session=292bafc9 compiled generation=1010 fresh=false modules=6 took_us=46
2026-09-25T22:43:01.605Z +32.011s DEBUG [graph] session=292bafc9 compiled generation=1011 fresh=false modules=6 took_us=45
2026-09-25T22:43:01.623Z +32.029s DEBUG [graph] session=292bafc9 compiled generation=1012 fresh=false modules=6 took_us=53
2026-09-25T22:43:01.646Z +32.052s DEBUG [graph] session=292bafc9 compiled generation=1013 fresh=false modules=6 took_us=50
2026-09-25T22:43:01.666Z +32.072s DEBUG [graph] session=292bafc9 compiled generation=1014 fresh=false modules=6 took_us=48
2026-09-25T22:43:01.685Z +32.091s DEBUG [graph] session=292bafc9 compiled generation=1015 fresh=false modules=6 took_us=50
2026-09-25T22:43:01.706Z +32.112s DEBUG [graph] session=292bafc9 compiled generation=1016 fresh=false modules=6 took_us=49
2026-09-25T22:43:01.725Z +32.131s DEBUG [graph] session=292bafc9 compiled generation=1017 fresh=false modules=6 took_us=45
2026-09-25T22:43:01.745Z +32.151s DEBUG [graph] session=292bafc9 compiled generation=1018 fresh=false modules=6 took_us=142
2026-09-25T22:43:01.766Z +32.172s DEBUG [graph] session=292bafc9 compiled generation=1019 fresh=false modules=6 took_us=54
2026-09-25T22:43:01.784Z +32.190s DEBUG [graph] session=292bafc9 compiled generation=1020 fresh=false modules=6 took_us=47
2026-09-25T22:43:01.806Z +32.212s DEBUG [graph] session=292bafc9 compiled generation=1021 fresh=false modules=6 took_us=57
2026-09-25T22:43:01.827Z +32.233s DEBUG [graph] session=292bafc9 compiled generation=1022 fresh=false modules=6 took_us=52
2026-09-25T22:43:01.849Z +32.255s DEBUG [graph] session=292bafc9 compiled generation=1023 fresh=false modules=6 took_us=44
2026-09-25T22:43:01.870Z +32.276s DEBUG [graph] session=292bafc9 compiled generation=1024 fresh=false modules=6 took_us=49
2026-09-25T22:43:01.888Z +32.293s DEBUG [graph] session=292bafc9 compiled generation=1025 fresh=false modules=6 took_us=66
2026-09-25T22:43:01.907Z +32.313s DEBUG [graph] session=292bafc9 compiled generation=1026 fresh=false modules=6 took_us=72
2026-09-25T22:43:01.927Z +32.333s DEBUG [graph] session=292bafc9 compiled generation=1027 fresh=false modules=6 took_us=68
2026-09-25T22:43:01.954Z +32.360s DEBUG [graph] session=292bafc9 compiled generation=1028 fresh=false modules=6 took_us=52
2026-09-25T22:43:01.972Z +32.377s DEBUG [graph] session=292bafc9 compiled generation=1029 fresh=false modules=6 took_us=51
2026-09-25T22:43:01.992Z +32.397s DEBUG [graph] session=292bafc9 compiled generation=1030 fresh=false modules=6 took_us=80
2026-09-25T22:43:02.017Z +32.423s DEBUG [graph] session=292bafc9 compiled generation=1031 fresh=false modules=6 took_us=45
2026-09-25T22:43:02.035Z +32.441s DEBUG [graph] session=292bafc9 compiled generation=1032 fresh=false modules=6 took_us=50
2026-09-25T22:43:02.061Z +32.467s DEBUG [graph] session=292bafc9 compiled generation=1033 fresh=false modules=6 took_us=50
2026-09-25T22:43:02.080Z +32.486s DEBUG [graph] session=292bafc9 compiled generation=1034 fresh=false modules=6 took_us=47
2026-09-25T22:43:02.103Z +32.509s DEBUG [graph] session=292bafc9 compiled generation=1035 fresh=false modules=6 took_us=50
2026-09-25T22:43:02.122Z +32.527s DEBUG [graph] session=292bafc9 compiled generation=1036 fresh=false modules=6 took_us=50
2026-09-25T22:43:02.145Z +32.551s DEBUG [graph] session=292bafc9 compiled generation=1037 fresh=false modules=6 took_us=65
2026-09-25T22:43:02.175Z +32.581s DEBUG [graph] session=292bafc9 compiled generation=1038 fresh=false modules=6 took_us=68
2026-09-25T22:43:02.198Z +32.604s DEBUG [graph] session=292bafc9 compiled generation=1039 fresh=false modules=6 took_us=65
2026-09-25T22:43:02.219Z +32.625s DEBUG [graph] session=292bafc9 compiled generation=1040 fresh=false modules=6 took_us=164
2026-09-25T22:43:02.239Z +32.645s DEBUG [graph] session=292bafc9 compiled generation=1041 fresh=false modules=6 took_us=47
2026-09-25T22:43:02.263Z +32.668s DEBUG [graph] session=292bafc9 compiled generation=1042 fresh=false modules=6 took_us=82
2026-09-25T22:43:02.284Z +32.690s DEBUG [graph] session=292bafc9 compiled generation=1043 fresh=false modules=6 took_us=52
2026-09-25T22:43:02.305Z +32.711s DEBUG [graph] session=292bafc9 compiled generation=1044 fresh=false modules=6 took_us=46
2026-09-25T22:43:02.324Z +32.730s DEBUG [graph] session=292bafc9 compiled generation=1045 fresh=false modules=6 took_us=45
2026-09-25T22:43:02.343Z +32.749s DEBUG [graph] session=292bafc9 compiled generation=1046 fresh=false modules=6 took_us=45
2026-09-25T22:43:02.365Z +32.771s DEBUG [graph] session=292bafc9 compiled generation=1047 fresh=false modules=6 took_us=45
2026-09-25T22:43:02.386Z +32.791s DEBUG [graph] session=292bafc9 compiled generation=1048 fresh=false modules=6 took_us=48
2026-09-25T22:43:02.410Z +32.816s DEBUG [graph] session=292bafc9 compiled generation=1049 fresh=false modules=6 took_us=47
2026-09-25T22:43:02.428Z +32.833s DEBUG [graph] session=292bafc9 compiled generation=1050 fresh=false modules=6 took_us=53
2026-09-25T22:43:02.451Z +32.857s DEBUG [graph] session=292bafc9 compiled generation=1051 fresh=false modules=6 took_us=58
2026-09-25T22:43:02.470Z +32.876s DEBUG [graph] session=292bafc9 compiled generation=1052 fresh=false modules=6 took_us=44
2026-09-25T22:43:02.487Z +32.893s DEBUG [graph] session=292bafc9 compiled generation=1053 fresh=false modules=6 took_us=45
2026-09-25T22:43:02.507Z +32.913s DEBUG [graph] session=292bafc9 compiled generation=1054 fresh=false modules=6 took_us=50
2026-09-25T22:43:02.523Z +32.929s DEBUG [graph] session=292bafc9 compiled generation=1055 fresh=false modules=6 took_us=51
2026-09-25T22:43:02.540Z +32.946s DEBUG [graph] session=292bafc9 compiled generation=1056 fresh=false modules=6 took_us=42
2026-09-25T22:43:02.561Z +32.967s DEBUG [graph] session=292bafc9 compiled generation=1057 fresh=false modules=6 took_us=49
2026-09-25T22:43:02.579Z +32.985s DEBUG [graph] session=292bafc9 compiled generation=1058 fresh=false modules=6 took_us=47
2026-09-25T22:43:02.597Z +33.003s DEBUG [graph] session=292bafc9 compiled generation=1059 fresh=false modules=6 took_us=46
2026-09-25T22:43:02.613Z +33.019s DEBUG [graph] session=292bafc9 compiled generation=1060 fresh=false modules=6 took_us=45
2026-09-25T22:43:02.632Z +33.038s DEBUG [graph] session=292bafc9 compiled generation=1061 fresh=false modules=6 took_us=46
2026-09-25T22:43:02.655Z +33.061s DEBUG [graph] session=292bafc9 compiled generation=1062 fresh=false modules=6 took_us=48
2026-09-25T22:43:02.673Z +33.079s DEBUG [graph] session=292bafc9 compiled generation=1063 fresh=false modules=6 took_us=54
2026-09-25T22:43:02.698Z +33.104s DEBUG [graph] session=292bafc9 compiled generation=1064 fresh=false modules=6 took_us=47
2026-09-25T22:43:02.718Z +33.124s DEBUG [graph] session=292bafc9 compiled generation=1065 fresh=false modules=6 took_us=56
2026-09-25T22:43:02.735Z +33.141s DEBUG [graph] session=292bafc9 compiled generation=1066 fresh=false modules=6 took_us=46
2026-09-25T22:43:02.758Z +33.164s DEBUG [graph] session=292bafc9 compiled generation=1067 fresh=false modules=6 took_us=67
2026-09-25T22:43:02.777Z +33.183s DEBUG [graph] session=292bafc9 compiled generation=1068 fresh=false modules=6 took_us=85
2026-09-25T22:43:02.805Z +33.211s DEBUG [graph] session=292bafc9 compiled generation=1069 fresh=false modules=6 took_us=48
2026-09-25T22:43:02.823Z +33.229s DEBUG [graph] session=292bafc9 compiled generation=1070 fresh=false modules=6 took_us=55
2026-09-25T22:43:02.842Z +33.248s DEBUG [graph] session=292bafc9 compiled generation=1071 fresh=false modules=6 took_us=44
2026-09-25T22:43:02.862Z +33.268s DEBUG [graph] session=292bafc9 compiled generation=1072 fresh=false modules=6 took_us=45
2026-09-25T22:43:02.878Z +33.284s DEBUG [graph] session=292bafc9 compiled generation=1073 fresh=false modules=6 took_us=44
2026-09-25T22:43:02.896Z +33.302s DEBUG [graph] session=292bafc9 compiled generation=1074 fresh=false modules=6 took_us=42
2026-09-25T22:43:02.912Z +33.318s DEBUG [graph] session=292bafc9 compiled generation=1075 fresh=false modules=6 took_us=49
2026-09-25T22:43:02.928Z +33.334s DEBUG [graph] session=292bafc9 compiled generation=1076 fresh=false modules=6 took_us=42
2026-09-25T22:43:02.944Z +33.350s DEBUG [graph] session=292bafc9 compiled generation=1077 fresh=false modules=6 took_us=46
2026-09-25T22:43:02.966Z +33.372s DEBUG [graph] session=292bafc9 compiled generation=1078 fresh=false modules=6 took_us=44
2026-09-25T22:43:02.983Z +33.389s DEBUG [graph] session=292bafc9 compiled generation=1079 fresh=false modules=6 took_us=62
2026-09-25T22:43:03.000Z +33.406s DEBUG [graph] session=292bafc9 compiled generation=1080 fresh=false modules=6 took_us=44
2026-09-25T22:43:03.018Z +33.424s DEBUG [graph] session=292bafc9 compiled generation=1081 fresh=false modules=6 took_us=47
2026-09-25T22:43:03.034Z +33.440s DEBUG [graph] session=292bafc9 compiled generation=1082 fresh=false modules=6 took_us=44
2026-09-25T22:43:03.053Z +33.459s DEBUG [graph] session=292bafc9 compiled generation=1083 fresh=false modules=6 took_us=44
2026-09-25T22:43:03.072Z +33.478s DEBUG [graph] session=292bafc9 compiled generation=1084 fresh=false modules=6 took_us=147
2026-09-25T22:43:03.092Z +33.498s DEBUG [graph] session=292bafc9 compiled generation=1085 fresh=false modules=6 took_us=56
2026-09-25T22:43:03.110Z +33.516s DEBUG [graph] session=292bafc9 compiled generation=1086 fresh=false modules=6 took_us=44
2026-09-25T22:43:03.127Z +33.533s DEBUG [graph] session=292bafc9 compiled generation=1087 fresh=false modules=6 took_us=45
2026-09-25T22:43:03.145Z +33.551s DEBUG [graph] session=292bafc9 compiled generation=1088 fresh=false modules=6 took_us=43
2026-09-25T22:43:03.167Z +33.573s DEBUG [graph] session=292bafc9 compiled generation=1089 fresh=false modules=6 took_us=46
2026-09-25T22:43:03.187Z +33.593s DEBUG [graph] session=292bafc9 compiled generation=1090 fresh=false modules=6 took_us=46
2026-09-25T22:43:03.207Z +33.613s DEBUG [graph] session=292bafc9 compiled generation=1091 fresh=false modules=6 took_us=45
2026-09-25T22:43:03.225Z +33.631s DEBUG [graph] session=292bafc9 compiled generation=1092 fresh=false modules=6 took_us=47
2026-09-25T22:43:03.243Z +33.649s DEBUG [graph] session=292bafc9 compiled generation=1093 fresh=false modules=6 took_us=56
2026-09-25T22:43:03.264Z +33.670s DEBUG [graph] session=292bafc9 compiled generation=1094 fresh=false modules=6 took_us=45
2026-09-25T22:43:03.282Z +33.688s DEBUG [graph] session=292bafc9 compiled generation=1095 fresh=false modules=6 took_us=44
2026-09-25T22:43:03.304Z +33.710s DEBUG [graph] session=292bafc9 compiled generation=1096 fresh=false modules=6 took_us=51
2026-09-25T22:43:03.321Z +33.727s DEBUG [graph] session=292bafc9 compiled generation=1097 fresh=false modules=6 took_us=50
2026-09-25T22:43:03.344Z +33.750s DEBUG [graph] session=292bafc9 compiled generation=1098 fresh=false modules=6 took_us=49
2026-09-25T22:43:03.366Z +33.772s DEBUG [graph] session=292bafc9 compiled generation=1099 fresh=false modules=6 took_us=51
2026-09-25T22:43:03.384Z +33.790s DEBUG [graph] session=292bafc9 compiled generation=1100 fresh=false modules=6 took_us=51
2026-09-25T22:43:03.406Z +33.812s DEBUG [graph] session=292bafc9 compiled generation=1101 fresh=false modules=6 took_us=52
2026-09-25T22:43:03.424Z +33.830s DEBUG [graph] session=292bafc9 compiled generation=1102 fresh=false modules=6 took_us=48
2026-09-25T22:43:03.446Z +33.852s DEBUG [graph] session=292bafc9 compiled generation=1103 fresh=false modules=6 took_us=51
2026-09-25T22:43:03.470Z +33.876s DEBUG [graph] session=292bafc9 compiled generation=1104 fresh=false modules=6 took_us=49
2026-09-25T22:43:03.489Z +33.894s DEBUG [graph] session=292bafc9 compiled generation=1105 fresh=false modules=6 took_us=86
2026-09-25T22:43:03.510Z +33.915s DEBUG [graph] session=292bafc9 compiled generation=1106 fresh=false modules=6 took_us=47
2026-09-25T22:43:03.526Z +33.932s DEBUG [graph] session=292bafc9 compiled generation=1107 fresh=false modules=6 took_us=45
2026-09-25T22:43:03.545Z +33.951s DEBUG [graph] session=292bafc9 compiled generation=1108 fresh=false modules=6 took_us=49
2026-09-25T22:43:03.563Z +33.968s DEBUG [graph] session=292bafc9 compiled generation=1109 fresh=false modules=6 took_us=45
2026-09-25T22:43:03.582Z +33.988s DEBUG [graph] session=292bafc9 compiled generation=1110 fresh=false modules=6 took_us=45
2026-09-25T22:43:03.605Z +34.011s DEBUG [graph] session=292bafc9 compiled generation=1111 fresh=false modules=6 took_us=50
2026-09-25T22:43:03.622Z +34.028s DEBUG [graph] session=292bafc9 compiled generation=1112 fresh=false modules=6 took_us=46
2026-09-25T22:43:03.640Z +34.046s DEBUG [graph] session=292bafc9 compiled generation=1113 fresh=false modules=6 took_us=50
2026-09-25T22:43:03.659Z +34.065s DEBUG [graph] session=292bafc9 compiled generation=1114 fresh=false modules=6 took_us=55
2026-09-25T22:43:03.676Z +34.082s DEBUG [graph] session=292bafc9 compiled generation=1115 fresh=false modules=6 took_us=67
2026-09-25T22:43:03.695Z +34.101s DEBUG [graph] session=292bafc9 compiled generation=1116 fresh=false modules=6 took_us=44
2026-09-25T22:43:03.713Z +34.119s DEBUG [graph] session=292bafc9 compiled generation=1117 fresh=false modules=6 took_us=47
2026-09-25T22:43:03.730Z +34.136s DEBUG [graph] session=292bafc9 compiled generation=1118 fresh=false modules=6 took_us=43
2026-09-25T22:43:03.754Z +34.159s DEBUG [graph] session=292bafc9 compiled generation=1119 fresh=false modules=6 took_us=74
2026-09-25T22:43:03.772Z +34.178s DEBUG [graph] session=292bafc9 compiled generation=1120 fresh=false modules=6 took_us=45
2026-09-25T22:43:03.790Z +34.195s DEBUG [graph] session=292bafc9 compiled generation=1121 fresh=false modules=6 took_us=43
2026-09-25T22:43:03.811Z +34.217s DEBUG [graph] session=292bafc9 compiled generation=1122 fresh=false modules=6 took_us=44
2026-09-25T22:43:03.828Z +34.234s DEBUG [graph] session=292bafc9 compiled generation=1123 fresh=false modules=6 took_us=51
2026-09-25T22:43:03.847Z +34.252s DEBUG [graph] session=292bafc9 compiled generation=1124 fresh=false modules=6 took_us=49
2026-09-25T22:43:03.865Z +34.271s DEBUG [graph] session=292bafc9 compiled generation=1125 fresh=false modules=6 took_us=44
2026-09-25T22:43:03.884Z +34.290s DEBUG [graph] session=292bafc9 compiled generation=1126 fresh=false modules=6 took_us=50
2026-09-25T22:43:03.903Z +34.309s DEBUG [graph] session=292bafc9 compiled generation=1127 fresh=false modules=6 took_us=49
2026-09-25T22:43:03.921Z +34.326s DEBUG [graph] session=292bafc9 compiled generation=1128 fresh=false modules=6 took_us=69
2026-09-25T22:43:03.941Z +34.347s DEBUG [graph] session=292bafc9 compiled generation=1129 fresh=false modules=6 took_us=51
2026-09-25T22:43:03.967Z +34.373s DEBUG [graph] session=292bafc9 compiled generation=1130 fresh=false modules=6 took_us=43
2026-09-25T22:43:03.986Z +34.392s DEBUG [graph] session=292bafc9 compiled generation=1131 fresh=false modules=6 took_us=46
2026-09-25T22:43:04.005Z +34.411s DEBUG [graph] session=292bafc9 compiled generation=1132 fresh=false modules=6 took_us=48
2026-09-25T22:43:04.022Z +34.428s DEBUG [graph] session=292bafc9 compiled generation=1133 fresh=false modules=6 took_us=47
2026-09-25T22:43:04.037Z +34.443s DEBUG [graph] session=292bafc9 compiled generation=1134 fresh=false modules=6 took_us=99
2026-09-25T22:43:04.061Z +34.467s DEBUG [graph] session=292bafc9 compiled generation=1135 fresh=false modules=6 took_us=48
2026-09-25T22:43:04.078Z +34.484s DEBUG [graph] session=292bafc9 compiled generation=1136 fresh=false modules=6 took_us=47
2026-09-25T22:43:04.094Z +34.500s DEBUG [graph] session=292bafc9 compiled generation=1137 fresh=false modules=6 took_us=41
2026-09-25T22:43:04.111Z +34.516s DEBUG [graph] session=292bafc9 compiled generation=1138 fresh=false modules=6 took_us=112
2026-09-25T22:43:04.128Z +34.534s DEBUG [graph] session=292bafc9 compiled generation=1139 fresh=false modules=6 took_us=55
2026-09-25T22:43:04.146Z +34.552s DEBUG [graph] session=292bafc9 compiled generation=1140 fresh=false modules=6 took_us=49
2026-09-25T22:43:04.172Z +34.578s DEBUG [graph] session=292bafc9 compiled generation=1141 fresh=false modules=6 took_us=51
2026-09-25T22:43:04.192Z +34.598s DEBUG [graph] session=292bafc9 compiled generation=1142 fresh=false modules=6 took_us=51
2026-09-25T22:43:04.212Z +34.618s DEBUG [graph] session=292bafc9 compiled generation=1143 fresh=false modules=6 took_us=48
2026-09-25T22:43:04.230Z +34.636s DEBUG [graph] session=292bafc9 compiled generation=1144 fresh=false modules=6 took_us=47
2026-09-25T22:43:04.249Z +34.655s DEBUG [graph] session=292bafc9 compiled generation=1145 fresh=false modules=6 took_us=48
2026-09-25T22:43:04.273Z +34.679s DEBUG [graph] session=292bafc9 compiled generation=1146 fresh=false modules=6 took_us=49
2026-09-25T22:43:04.292Z +34.698s DEBUG [graph] session=292bafc9 compiled generation=1147 fresh=false modules=6 took_us=49
2026-09-25T22:43:04.312Z +34.718s DEBUG [graph] session=292bafc9 compiled generation=1148 fresh=false modules=6 took_us=47
2026-09-25T22:43:04.335Z +34.741s DEBUG [graph] session=292bafc9 compiled generation=1149 fresh=false modules=6 took_us=48
2026-09-25T22:43:04.360Z +34.765s DEBUG [graph] session=292bafc9 compiled generation=1150 fresh=false modules=6 took_us=72
2026-09-25T22:43:04.381Z +34.787s DEBUG [graph] session=292bafc9 compiled generation=1151 fresh=false modules=6 took_us=49
2026-09-25T22:43:04.405Z +34.811s DEBUG [graph] session=292bafc9 compiled generation=1152 fresh=false modules=6 took_us=65
2026-09-25T22:43:04.429Z +34.835s DEBUG [graph] session=292bafc9 compiled generation=1153 fresh=false modules=6 took_us=49
2026-09-25T22:43:04.450Z +34.856s DEBUG [graph] session=292bafc9 compiled generation=1154 fresh=false modules=6 took_us=50
2026-09-25T22:43:04.472Z +34.878s DEBUG [graph] session=292bafc9 compiled generation=1155 fresh=false modules=6 took_us=59
2026-09-25T22:43:04.490Z +34.895s DEBUG [graph] session=292bafc9 compiled generation=1156 fresh=false modules=6 took_us=52
2026-09-25T22:43:04.518Z +34.924s DEBUG [graph] session=292bafc9 compiled generation=1157 fresh=false modules=6 took_us=51
2026-09-25T22:43:04.535Z +34.941s DEBUG [graph] session=292bafc9 compiled generation=1158 fresh=false modules=6 took_us=49
2026-09-25T22:43:04.558Z +34.964s DEBUG [graph] session=292bafc9 compiled generation=1159 fresh=false modules=6 took_us=47
2026-09-25T22:43:04.577Z +34.982s DEBUG [graph] session=292bafc9 compiled generation=1160 fresh=false modules=6 took_us=45
2026-09-25T22:43:04.595Z +35.001s DEBUG [graph] session=292bafc9 compiled generation=1161 fresh=false modules=6 took_us=49
2026-09-25T22:43:04.620Z +35.026s DEBUG [graph] session=292bafc9 compiled generation=1162 fresh=false modules=6 took_us=45
2026-09-25T22:43:04.638Z +35.043s DEBUG [graph] session=292bafc9 compiled generation=1163 fresh=false modules=6 took_us=45
2026-09-25T22:43:04.661Z +35.067s DEBUG [graph] session=292bafc9 compiled generation=1164 fresh=false modules=6 took_us=45
2026-09-25T22:43:04.677Z +35.082s DEBUG [graph] session=292bafc9 compiled generation=1165 fresh=false modules=6 took_us=47
2026-09-25T22:43:04.695Z +35.101s DEBUG [graph] session=292bafc9 compiled generation=1166 fresh=false modules=6 took_us=53
2026-09-25T22:43:04.716Z +35.122s DEBUG [graph] session=292bafc9 compiled generation=1167 fresh=false modules=6 took_us=47
2026-09-25T22:43:04.732Z +35.138s DEBUG [graph] session=292bafc9 compiled generation=1168 fresh=false modules=6 took_us=43
2026-09-25T22:43:04.753Z +35.159s DEBUG [graph] session=292bafc9 compiled generation=1169 fresh=false modules=6 took_us=51
2026-09-25T22:43:04.774Z +35.180s DEBUG [graph] session=292bafc9 compiled generation=1170 fresh=false modules=6 took_us=51
2026-09-25T22:43:04.793Z +35.199s DEBUG [graph] session=292bafc9 compiled generation=1171 fresh=false modules=6 took_us=51
2026-09-25T22:43:04.817Z +35.223s DEBUG [graph] session=292bafc9 compiled generation=1172 fresh=false modules=6 took_us=50
2026-09-25T22:43:04.835Z +35.241s DEBUG [graph] session=292bafc9 compiled generation=1173 fresh=false modules=6 took_us=51
2026-09-25T22:43:04.860Z +35.266s DEBUG [graph] session=292bafc9 compiled generation=1174 fresh=false modules=6 took_us=51
2026-09-25T22:43:04.877Z +35.282s DEBUG [graph] session=292bafc9 compiled generation=1175 fresh=false modules=6 took_us=51
2026-09-25T22:43:04.894Z +35.300s DEBUG [graph] session=292bafc9 compiled generation=1176 fresh=false modules=6 took_us=49
2026-09-25T22:43:04.917Z +35.323s DEBUG [graph] session=292bafc9 compiled generation=1177 fresh=false modules=6 took_us=50
2026-09-25T22:43:04.938Z +35.344s DEBUG [graph] session=292bafc9 compiled generation=1178 fresh=false modules=6 took_us=51
2026-09-25T22:43:04.960Z +35.366s DEBUG [graph] session=292bafc9 compiled generation=1179 fresh=false modules=6 took_us=53
2026-09-25T22:43:04.978Z +35.384s DEBUG [graph] session=292bafc9 compiled generation=1180 fresh=false modules=6 took_us=51
2026-09-25T22:43:04.995Z +35.401s DEBUG [graph] session=292bafc9 compiled generation=1181 fresh=false modules=6 took_us=49
2026-09-25T22:43:05.018Z +35.424s DEBUG [graph] session=292bafc9 compiled generation=1182 fresh=false modules=6 took_us=44
2026-09-25T22:43:05.038Z +35.443s DEBUG [graph] session=292bafc9 compiled generation=1183 fresh=false modules=6 took_us=85
2026-09-25T22:43:05.059Z +35.465s DEBUG [graph] session=292bafc9 compiled generation=1184 fresh=false modules=6 took_us=60
2026-09-25T22:43:05.083Z +35.489s DEBUG [graph] session=292bafc9 compiled generation=1185 fresh=false modules=6 took_us=700
2026-09-25T22:43:05.104Z +35.510s DEBUG [graph] session=292bafc9 compiled generation=1186 fresh=false modules=6 took_us=47
2026-09-25T22:43:05.121Z +35.527s DEBUG [graph] session=292bafc9 compiled generation=1187 fresh=false modules=6 took_us=47
2026-09-25T22:43:05.138Z +35.544s DEBUG [graph] session=292bafc9 compiled generation=1188 fresh=false modules=6 took_us=47
2026-09-25T22:43:05.159Z +35.565s DEBUG [graph] session=292bafc9 compiled generation=1189 fresh=false modules=6 took_us=108
2026-09-25T22:43:05.177Z +35.583s DEBUG [graph] session=292bafc9 compiled generation=1190 fresh=false modules=6 took_us=47
2026-09-25T22:43:05.193Z +35.599s DEBUG [graph] session=292bafc9 compiled generation=1191 fresh=false modules=6 took_us=46
2026-09-25T22:43:05.215Z +35.621s DEBUG [graph] session=292bafc9 compiled generation=1192 fresh=false modules=6 took_us=46
2026-09-25T22:43:05.231Z +35.637s DEBUG [graph] session=292bafc9 compiled generation=1193 fresh=false modules=6 took_us=48
2026-09-25T22:43:05.249Z +35.655s DEBUG [graph] session=292bafc9 compiled generation=1194 fresh=false modules=6 took_us=45
2026-09-25T22:43:05.265Z +35.671s DEBUG [graph] session=292bafc9 compiled generation=1195 fresh=false modules=6 took_us=45
2026-09-25T22:43:05.283Z +35.689s DEBUG [graph] session=292bafc9 compiled generation=1196 fresh=false modules=6 took_us=59
2026-09-25T22:43:05.300Z +35.706s DEBUG [graph] session=292bafc9 compiled generation=1197 fresh=false modules=6 took_us=46
2026-09-25T22:43:05.320Z +35.726s DEBUG [graph] session=292bafc9 compiled generation=1198 fresh=false modules=6 took_us=44
2026-09-25T22:43:05.336Z +35.742s DEBUG [graph] session=292bafc9 compiled generation=1199 fresh=false modules=6 took_us=48
2026-09-25T22:43:05.357Z +35.762s DEBUG [graph] session=292bafc9 compiled generation=1200 fresh=false modules=6 took_us=82
2026-09-25T22:43:05.373Z +35.779s DEBUG [graph] session=292bafc9 compiled generation=1201 fresh=false modules=6 took_us=45
2026-09-25T22:43:05.391Z +35.797s DEBUG [graph] session=292bafc9 compiled generation=1202 fresh=false modules=6 took_us=92
2026-09-25T22:43:05.411Z +35.817s DEBUG [graph] session=292bafc9 compiled generation=1203 fresh=false modules=6 took_us=55
2026-09-25T22:43:05.432Z +35.838s DEBUG [graph] session=292bafc9 compiled generation=1204 fresh=false modules=6 took_us=53
2026-09-25T22:43:05.452Z +35.858s DEBUG [graph] session=292bafc9 compiled generation=1205 fresh=false modules=6 took_us=114
2026-09-25T22:43:05.472Z +35.878s DEBUG [graph] session=292bafc9 compiled generation=1206 fresh=false modules=6 took_us=50
2026-09-25T22:43:05.492Z +35.898s DEBUG [graph] session=292bafc9 compiled generation=1207 fresh=false modules=6 took_us=49
2026-09-25T22:43:05.513Z +35.919s DEBUG [graph] session=292bafc9 compiled generation=1208 fresh=false modules=6 took_us=51
2026-09-25T22:43:05.535Z +35.941s DEBUG [graph] session=292bafc9 compiled generation=1209 fresh=false modules=6 took_us=53
2026-09-25T22:43:05.558Z +35.964s DEBUG [graph] session=292bafc9 compiled generation=1210 fresh=false modules=6 took_us=54
2026-09-25T22:43:05.577Z +35.983s DEBUG [graph] session=292bafc9 compiled generation=1211 fresh=false modules=6 took_us=50
2026-09-25T22:43:05.596Z +36.002s DEBUG [graph] session=292bafc9 compiled generation=1212 fresh=false modules=6 took_us=51
2026-09-25T22:43:05.622Z +36.027s DEBUG [graph] session=292bafc9 compiled generation=1213 fresh=false modules=6 took_us=68
2026-09-25T22:43:05.641Z +36.047s DEBUG [graph] session=292bafc9 compiled generation=1214 fresh=false modules=6 took_us=44
2026-09-25T22:43:05.661Z +36.066s DEBUG [graph] session=292bafc9 compiled generation=1215 fresh=false modules=6 took_us=52
2026-09-25T22:43:05.681Z +36.087s DEBUG [graph] session=292bafc9 compiled generation=1216 fresh=false modules=6 took_us=49
2026-09-25T22:43:05.704Z +36.109s DEBUG [graph] session=292bafc9 compiled generation=1217 fresh=false modules=6 took_us=79
2026-09-25T22:43:05.724Z +36.130s DEBUG [graph] session=292bafc9 compiled generation=1218 fresh=false modules=6 took_us=45
2026-09-25T22:43:05.742Z +36.148s DEBUG [graph] session=292bafc9 compiled generation=1219 fresh=false modules=6 took_us=47
2026-09-25T22:43:05.763Z +36.169s DEBUG [graph] session=292bafc9 compiled generation=1220 fresh=false modules=6 took_us=48
2026-09-25T22:43:05.781Z +36.187s DEBUG [graph] session=292bafc9 compiled generation=1221 fresh=false modules=6 took_us=47
2026-09-25T22:43:05.800Z +36.206s DEBUG [graph] session=292bafc9 compiled generation=1222 fresh=false modules=6 took_us=49
2026-09-25T22:43:05.820Z +36.226s DEBUG [graph] session=292bafc9 compiled generation=1223 fresh=false modules=6 took_us=54
2026-09-25T22:43:05.837Z +36.243s DEBUG [graph] session=292bafc9 compiled generation=1224 fresh=false modules=6 took_us=45
2026-09-25T22:43:05.858Z +36.263s DEBUG [graph] session=292bafc9 compiled generation=1225 fresh=false modules=6 took_us=106
2026-09-25T22:43:05.874Z +36.280s DEBUG [graph] session=292bafc9 compiled generation=1226 fresh=false modules=6 took_us=45
2026-09-25T22:43:05.893Z +36.299s DEBUG [graph] session=292bafc9 compiled generation=1227 fresh=false modules=6 took_us=46
2026-09-25T22:43:05.916Z +36.322s DEBUG [graph] session=292bafc9 compiled generation=1228 fresh=false modules=6 took_us=51
2026-09-25T22:43:05.933Z +36.339s DEBUG [graph] session=292bafc9 compiled generation=1229 fresh=false modules=6 took_us=47
2026-09-25T22:43:05.951Z +36.357s DEBUG [graph] session=292bafc9 compiled generation=1230 fresh=false modules=6 took_us=47
2026-09-25T22:43:05.969Z +36.375s DEBUG [graph] session=292bafc9 compiled generation=1231 fresh=false modules=6 took_us=47
2026-09-25T22:43:05.987Z +36.393s DEBUG [graph] session=292bafc9 compiled generation=1232 fresh=false modules=6 took_us=53
2026-09-25T22:43:06.012Z +36.418s DEBUG [graph] session=292bafc9 compiled generation=1233 fresh=false modules=6 took_us=50
2026-09-25T22:43:06.031Z +36.436s DEBUG [graph] session=292bafc9 compiled generation=1234 fresh=false modules=6 took_us=46
2026-09-25T22:43:06.049Z +36.455s DEBUG [graph] session=292bafc9 compiled generation=1235 fresh=false modules=6 took_us=45
2026-09-25T22:43:06.067Z +36.473s DEBUG [graph] session=292bafc9 compiled generation=1236 fresh=false modules=6 took_us=82
2026-09-25T22:43:06.086Z +36.492s DEBUG [graph] session=292bafc9 compiled generation=1237 fresh=false modules=6 took_us=68
2026-09-25T22:43:06.107Z +36.513s DEBUG [graph] session=292bafc9 compiled generation=1238 fresh=false modules=6 took_us=49
2026-09-25T22:43:06.130Z +36.536s DEBUG [graph] session=292bafc9 compiled generation=1239 fresh=false modules=6 took_us=51
2026-09-25T22:43:06.153Z +36.559s DEBUG [graph] session=292bafc9 compiled generation=1240 fresh=false modules=6 took_us=48
2026-09-25T22:43:06.174Z +36.580s DEBUG [graph] session=292bafc9 compiled generation=1241 fresh=false modules=6 took_us=48
2026-09-25T22:43:06.200Z +36.605s DEBUG [graph] session=292bafc9 compiled generation=1242 fresh=false modules=6 took_us=50
2026-09-25T22:43:06.219Z +36.625s DEBUG [graph] session=292bafc9 compiled generation=1243 fresh=false modules=6 took_us=47
2026-09-25T22:43:06.239Z +36.645s DEBUG [graph] session=292bafc9 compiled generation=1244 fresh=false modules=6 took_us=98
2026-09-25T22:43:06.259Z +36.665s DEBUG [graph] session=292bafc9 compiled generation=1245 fresh=false modules=6 took_us=90
2026-09-25T22:43:06.276Z +36.682s DEBUG [graph] session=292bafc9 compiled generation=1246 fresh=false modules=6 took_us=45
2026-09-25T22:43:06.292Z +36.698s DEBUG [graph] session=292bafc9 compiled generation=1247 fresh=false modules=6 took_us=56
2026-09-25T22:43:06.311Z +36.717s DEBUG [graph] session=292bafc9 compiled generation=1248 fresh=false modules=6 took_us=93
2026-09-25T22:43:06.332Z +36.738s DEBUG [graph] session=292bafc9 compiled generation=1249 fresh=false modules=6 took_us=47
2026-09-25T22:43:06.351Z +36.757s DEBUG [graph] session=292bafc9 compiled generation=1250 fresh=false modules=6 took_us=52
2026-09-25T22:43:06.371Z +36.777s DEBUG [graph] session=292bafc9 compiled generation=1251 fresh=false modules=6 took_us=48
2026-09-25T22:43:06.389Z +36.794s DEBUG [graph] session=292bafc9 compiled generation=1252 fresh=false modules=6 took_us=75
2026-09-25T22:43:06.411Z +36.817s DEBUG [graph] session=292bafc9 compiled generation=1253 fresh=false modules=6 took_us=52
2026-09-25T22:43:06.428Z +36.834s DEBUG [graph] session=292bafc9 compiled generation=1254 fresh=false modules=6 took_us=43
2026-09-25T22:43:06.445Z +36.851s DEBUG [graph] session=292bafc9 compiled generation=1255 fresh=false modules=6 took_us=57
2026-09-25T22:43:06.467Z +36.873s DEBUG [graph] session=292bafc9 compiled generation=1256 fresh=false modules=6 took_us=95
2026-09-25T22:43:06.488Z +36.894s DEBUG [graph] session=292bafc9 compiled generation=1257 fresh=false modules=6 took_us=50
2026-09-25T22:43:06.509Z +36.914s DEBUG [graph] session=292bafc9 compiled generation=1258 fresh=false modules=6 took_us=78
2026-09-25T22:43:06.527Z +36.933s DEBUG [graph] session=292bafc9 compiled generation=1259 fresh=false modules=6 took_us=47
2026-09-25T22:43:06.548Z +36.954s DEBUG [graph] session=292bafc9 compiled generation=1260 fresh=false modules=6 took_us=45
2026-09-25T22:43:06.566Z +36.972s DEBUG [graph] session=292bafc9 compiled generation=1261 fresh=false modules=6 took_us=50
2026-09-25T22:43:06.590Z +36.996s DEBUG [graph] session=292bafc9 compiled generation=1262 fresh=false modules=6 took_us=49
2026-09-25T22:43:06.612Z +37.018s DEBUG [graph] session=292bafc9 compiled generation=1263 fresh=false modules=6 took_us=51
2026-09-25T22:43:06.630Z +37.036s DEBUG [graph] session=292bafc9 compiled generation=1264 fresh=false modules=6 took_us=45
2026-09-25T22:43:06.649Z +37.055s DEBUG [graph] session=292bafc9 compiled generation=1265 fresh=false modules=6 took_us=46
2026-09-25T22:43:06.666Z +37.072s DEBUG [graph] session=292bafc9 compiled generation=1266 fresh=false modules=6 took_us=43
2026-09-25T22:43:06.682Z +37.088s DEBUG [graph] session=292bafc9 compiled generation=1267 fresh=false modules=6 took_us=42
2026-09-25T22:43:06.708Z +37.114s DEBUG [graph] session=292bafc9 compiled generation=1268 fresh=false modules=6 took_us=72
2026-09-25T22:43:06.729Z +37.135s DEBUG [graph] session=292bafc9 compiled generation=1269 fresh=false modules=6 took_us=44
2026-09-25T22:43:06.750Z +37.156s DEBUG [graph] session=292bafc9 compiled generation=1270 fresh=false modules=6 took_us=57
2026-09-25T22:43:06.770Z +37.176s DEBUG [graph] session=292bafc9 compiled generation=1271 fresh=false modules=6 took_us=44
2026-09-25T22:43:06.787Z +37.193s DEBUG [graph] session=292bafc9 compiled generation=1272 fresh=false modules=6 took_us=44
2026-09-25T22:43:06.807Z +37.213s DEBUG [graph] session=292bafc9 compiled generation=1273 fresh=false modules=6 took_us=44
2026-09-25T22:43:06.825Z +37.231s DEBUG [graph] session=292bafc9 compiled generation=1274 fresh=false modules=6 took_us=46
2026-09-25T22:43:06.845Z +37.251s DEBUG [graph] session=292bafc9 compiled generation=1275 fresh=false modules=6 took_us=48
2026-09-25T22:43:06.865Z +37.271s DEBUG [graph] session=292bafc9 compiled generation=1276 fresh=false modules=6 took_us=51
2026-09-25T22:43:06.883Z +37.289s DEBUG [graph] session=292bafc9 compiled generation=1277 fresh=false modules=6 took_us=50
2026-09-25T22:43:06.902Z +37.308s DEBUG [graph] session=292bafc9 compiled generation=1278 fresh=false modules=6 took_us=43
2026-09-25T22:43:06.921Z +37.326s DEBUG [graph] session=292bafc9 compiled generation=1279 fresh=false modules=6 took_us=84
2026-09-25T22:43:06.940Z +37.346s DEBUG [graph] session=292bafc9 compiled generation=1280 fresh=false modules=6 took_us=44
2026-09-25T22:43:06.961Z +37.367s DEBUG [graph] session=292bafc9 compiled generation=1281 fresh=false modules=6 took_us=46
2026-09-25T22:43:06.980Z +37.386s DEBUG [graph] session=292bafc9 compiled generation=1282 fresh=false modules=6 took_us=45
2026-09-25T22:43:06.997Z +37.403s DEBUG [graph] session=292bafc9 compiled generation=1283 fresh=false modules=6 took_us=62
2026-09-25T22:43:07.022Z +37.428s DEBUG [graph] session=292bafc9 compiled generation=1284 fresh=false modules=6 took_us=55
2026-09-25T22:43:07.041Z +37.446s DEBUG [graph] session=292bafc9 compiled generation=1285 fresh=false modules=6 took_us=46
2026-09-25T22:43:07.063Z +37.469s DEBUG [graph] session=292bafc9 compiled generation=1286 fresh=false modules=6 took_us=50
2026-09-25T22:43:07.083Z +37.489s DEBUG [graph] session=292bafc9 compiled generation=1287 fresh=false modules=6 took_us=51
2026-09-25T22:43:07.104Z +37.510s DEBUG [graph] session=292bafc9 compiled generation=1288 fresh=false modules=6 took_us=58
2026-09-25T22:43:07.125Z +37.531s DEBUG [graph] session=292bafc9 compiled generation=1289 fresh=false modules=6 took_us=51
2026-09-25T22:43:07.143Z +37.549s DEBUG [graph] session=292bafc9 compiled generation=1290 fresh=false modules=6 took_us=49
2026-09-25T22:43:07.162Z +37.568s DEBUG [graph] session=292bafc9 compiled generation=1291 fresh=false modules=6 took_us=51
2026-09-25T22:43:07.182Z +37.588s DEBUG [graph] session=292bafc9 compiled generation=1292 fresh=false modules=6 took_us=43
2026-09-25T22:43:07.204Z +37.610s DEBUG [graph] session=292bafc9 compiled generation=1293 fresh=false modules=6 took_us=50
2026-09-25T22:43:07.222Z +37.628s DEBUG [graph] session=292bafc9 compiled generation=1294 fresh=false modules=6 took_us=49
2026-09-25T22:43:07.242Z +37.648s DEBUG [graph] session=292bafc9 compiled generation=1295 fresh=false modules=6 took_us=56
2026-09-25T22:43:07.264Z +37.670s DEBUG [graph] session=292bafc9 compiled generation=1296 fresh=false modules=6 took_us=53
2026-09-25T22:43:07.283Z +37.689s DEBUG [graph] session=292bafc9 compiled generation=1297 fresh=false modules=6 took_us=44
2026-09-25T22:43:07.303Z +37.709s DEBUG [graph] session=292bafc9 compiled generation=1298 fresh=false modules=6 took_us=45
2026-09-25T22:43:07.321Z +37.727s DEBUG [graph] session=292bafc9 compiled generation=1299 fresh=false modules=6 took_us=43
2026-09-25T22:43:07.337Z +37.743s DEBUG [graph] session=292bafc9 compiled generation=1300 fresh=false modules=6 took_us=43
2026-09-25T22:43:07.355Z +37.760s DEBUG [graph] session=292bafc9 compiled generation=1301 fresh=false modules=6 took_us=64
2026-09-25T22:43:07.371Z +37.777s DEBUG [graph] session=292bafc9 compiled generation=1302 fresh=false modules=6 took_us=45
2026-09-25T22:43:07.386Z +37.792s DEBUG [graph] session=292bafc9 compiled generation=1303 fresh=false modules=6 took_us=41
2026-09-25T22:43:07.407Z +37.813s DEBUG [graph] session=292bafc9 compiled generation=1304 fresh=false modules=6 took_us=43
2026-09-25T22:43:07.425Z +37.831s DEBUG [graph] session=292bafc9 compiled generation=1305 fresh=false modules=6 took_us=52
2026-09-25T22:43:07.444Z +37.850s DEBUG [graph] session=292bafc9 compiled generation=1306 fresh=false modules=6 took_us=41
2026-09-25T22:43:07.465Z +37.870s DEBUG [graph] session=292bafc9 compiled generation=1307 fresh=false modules=6 took_us=45
2026-09-25T22:43:07.484Z +37.890s DEBUG [graph] session=292bafc9 compiled generation=1308 fresh=false modules=6 took_us=53
2026-09-25T22:43:07.503Z +37.909s DEBUG [graph] session=292bafc9 compiled generation=1309 fresh=false modules=6 took_us=105
2026-09-25T22:43:07.524Z +37.930s DEBUG [graph] session=292bafc9 compiled generation=1310 fresh=false modules=6 took_us=45
2026-09-25T22:43:07.541Z +37.947s DEBUG [graph] session=292bafc9 compiled generation=1311 fresh=false modules=6 took_us=44
2026-09-25T22:43:07.564Z +37.970s DEBUG [graph] session=292bafc9 compiled generation=1312 fresh=false modules=6 took_us=51
2026-09-25T22:43:07.584Z +37.990s DEBUG [graph] session=292bafc9 compiled generation=1313 fresh=false modules=6 took_us=50
2026-09-25T22:43:07.610Z +38.015s DEBUG [graph] session=292bafc9 compiled generation=1314 fresh=false modules=6 took_us=50
2026-09-25T22:43:07.627Z +38.033s DEBUG [graph] session=292bafc9 compiled generation=1315 fresh=false modules=6 took_us=66
2026-09-25T22:43:07.646Z +38.052s DEBUG [graph] session=292bafc9 compiled generation=1316 fresh=false modules=6 took_us=49
2026-09-25T22:43:07.665Z +38.070s DEBUG [graph] session=292bafc9 compiled generation=1317 fresh=false modules=6 took_us=46
2026-09-25T22:43:07.680Z +38.086s DEBUG [graph] session=292bafc9 compiled generation=1318 fresh=false modules=6 took_us=61
2026-09-25T22:43:07.697Z +38.103s DEBUG [graph] session=292bafc9 compiled generation=1319 fresh=false modules=6 took_us=46
2026-09-25T22:43:07.718Z +38.124s DEBUG [graph] session=292bafc9 compiled generation=1320 fresh=false modules=6 took_us=43
2026-09-25T22:43:07.738Z +38.144s DEBUG [graph] session=292bafc9 compiled generation=1321 fresh=false modules=6 took_us=44
2026-09-25T22:43:07.755Z +38.161s DEBUG [graph] session=292bafc9 compiled generation=1322 fresh=false modules=6 took_us=52
2026-09-25T22:43:07.773Z +38.178s DEBUG [graph] session=292bafc9 compiled generation=1323 fresh=false modules=6 took_us=43
2026-09-25T22:43:07.789Z +38.195s DEBUG [graph] session=292bafc9 compiled generation=1324 fresh=false modules=6 took_us=44
2026-09-25T22:43:07.809Z +38.215s DEBUG [graph] session=292bafc9 compiled generation=1325 fresh=false modules=6 took_us=46
2026-09-25T22:43:07.830Z +38.236s DEBUG [graph] session=292bafc9 compiled generation=1326 fresh=false modules=6 took_us=46
2026-09-25T22:43:07.850Z +38.256s DEBUG [graph] session=292bafc9 compiled generation=1327 fresh=false modules=6 took_us=49
2026-09-25T22:43:07.869Z +38.274s DEBUG [graph] session=292bafc9 compiled generation=1328 fresh=false modules=6 took_us=77
2026-09-25T22:43:07.887Z +38.293s DEBUG [graph] session=292bafc9 compiled generation=1329 fresh=false modules=6 took_us=50
2026-09-25T22:43:07.907Z +38.313s DEBUG [graph] session=292bafc9 compiled generation=1330 fresh=false modules=6 took_us=50
2026-09-25T22:43:07.925Z +38.331s DEBUG [graph] session=292bafc9 compiled generation=1331 fresh=false modules=6 took_us=51
2026-09-25T22:43:07.944Z +38.350s DEBUG [graph] session=292bafc9 compiled generation=1332 fresh=false modules=6 took_us=47
2026-09-25T22:43:07.962Z +38.368s DEBUG [graph] session=292bafc9 compiled generation=1333 fresh=false modules=6 took_us=43
2026-09-25T22:43:07.979Z +38.385s DEBUG [graph] session=292bafc9 compiled generation=1334 fresh=false modules=6 took_us=45
2026-09-25T22:43:08.004Z +38.410s DEBUG [graph] session=292bafc9 compiled generation=1335 fresh=false modules=6 took_us=50
2026-09-25T22:43:08.023Z +38.429s DEBUG [graph] session=292bafc9 compiled generation=1336 fresh=false modules=6 took_us=54
2026-09-25T22:43:08.041Z +38.447s DEBUG [graph] session=292bafc9 compiled generation=1337 fresh=false modules=6 took_us=54
2026-09-25T22:43:08.066Z +38.472s DEBUG [graph] session=292bafc9 compiled generation=1338 fresh=false modules=6 took_us=52
2026-09-25T22:43:08.088Z +38.494s DEBUG [graph] session=292bafc9 compiled generation=1339 fresh=false modules=6 took_us=59
2026-09-25T22:43:08.112Z +38.517s DEBUG [graph] session=292bafc9 compiled generation=1340 fresh=false modules=6 took_us=47
2026-09-25T22:43:08.129Z +38.534s DEBUG [graph] session=292bafc9 compiled generation=1341 fresh=false modules=6 took_us=81
2026-09-25T22:43:08.150Z +38.556s DEBUG [graph] session=292bafc9 compiled generation=1342 fresh=false modules=6 took_us=45
2026-09-25T22:43:08.168Z +38.574s DEBUG [graph] session=292bafc9 compiled generation=1343 fresh=false modules=6 took_us=47
2026-09-25T22:43:08.187Z +38.593s DEBUG [graph] session=292bafc9 compiled generation=1344 fresh=false modules=6 took_us=66
2026-09-25T22:43:08.211Z +38.617s DEBUG [graph] session=292bafc9 compiled generation=1345 fresh=false modules=6 took_us=45
2026-09-25T22:43:08.226Z +38.632s DEBUG [graph] session=292bafc9 compiled generation=1346 fresh=false modules=6 took_us=44
2026-09-25T22:43:08.242Z +38.648s DEBUG [graph] session=292bafc9 compiled generation=1347 fresh=false modules=6 took_us=44
2026-09-25T22:43:08.260Z +38.666s DEBUG [graph] session=292bafc9 compiled generation=1348 fresh=false modules=6 took_us=49
2026-09-25T22:43:08.278Z +38.684s DEBUG [graph] session=292bafc9 compiled generation=1349 fresh=false modules=6 took_us=51
2026-09-25T22:43:08.297Z +38.702s DEBUG [graph] session=292bafc9 compiled generation=1350 fresh=false modules=6 took_us=74
2026-09-25T22:43:08.317Z +38.722s DEBUG [graph] session=292bafc9 compiled generation=1351 fresh=false modules=6 took_us=44
2026-09-25T22:43:08.332Z +38.738s DEBUG [graph] session=292bafc9 compiled generation=1352 fresh=false modules=6 took_us=52
2026-09-25T22:43:08.365Z +38.770s DEBUG [graph] session=292bafc9 compiled generation=1353 fresh=false modules=6 took_us=51
2026-09-25T22:43:08.384Z +38.789s DEBUG [graph] session=292bafc9 compiled generation=1354 fresh=false modules=6 took_us=85
2026-09-25T22:43:08.405Z +38.811s DEBUG [graph] session=292bafc9 compiled generation=1355 fresh=false modules=6 took_us=44
2026-09-25T22:43:08.422Z +38.828s DEBUG [graph] session=292bafc9 compiled generation=1356 fresh=false modules=6 took_us=53
2026-09-25T22:43:08.442Z +38.848s DEBUG [graph] session=292bafc9 compiled generation=1357 fresh=false modules=6 took_us=44
2026-09-25T22:43:08.461Z +38.867s DEBUG [graph] session=292bafc9 compiled generation=1358 fresh=false modules=6 took_us=47
2026-09-25T22:43:08.477Z +38.883s DEBUG [graph] session=292bafc9 compiled generation=1359 fresh=false modules=6 took_us=44
2026-09-25T22:43:08.494Z +38.899s DEBUG [graph] session=292bafc9 compiled generation=1360 fresh=false modules=6 took_us=46
2026-09-25T22:43:08.513Z +38.918s DEBUG [graph] session=292bafc9 compiled generation=1361 fresh=false modules=6 took_us=80
2026-09-25T22:43:08.530Z +38.936s DEBUG [graph] session=292bafc9 compiled generation=1362 fresh=false modules=6 took_us=48
2026-09-25T22:43:08.548Z +38.954s DEBUG [graph] session=292bafc9 compiled generation=1363 fresh=false modules=6 took_us=44
2026-09-25T22:43:08.566Z +38.972s DEBUG [graph] session=292bafc9 compiled generation=1364 fresh=false modules=6 took_us=49
2026-09-25T22:43:08.585Z +38.991s DEBUG [graph] session=292bafc9 compiled generation=1365 fresh=false modules=6 took_us=46
2026-09-25T22:43:08.607Z +39.013s DEBUG [graph] session=292bafc9 compiled generation=1366 fresh=false modules=6 took_us=60
2026-09-25T22:43:08.630Z +39.036s DEBUG [graph] session=292bafc9 compiled generation=1367 fresh=false modules=6 took_us=59
2026-09-25T22:43:08.655Z +39.061s DEBUG [graph] session=292bafc9 compiled generation=1368 fresh=false modules=6 took_us=53
2026-09-25T22:43:08.675Z +39.081s DEBUG [graph] session=292bafc9 compiled generation=1369 fresh=false modules=6 took_us=51
2026-09-25T22:43:08.693Z +39.099s DEBUG [graph] session=292bafc9 compiled generation=1370 fresh=false modules=6 took_us=48
2026-09-25T22:43:08.720Z +39.125s DEBUG [graph] session=292bafc9 compiled generation=1371 fresh=false modules=6 took_us=84
2026-09-25T22:43:08.740Z +39.146s DEBUG [graph] session=292bafc9 compiled generation=1372 fresh=false modules=6 took_us=58
2026-09-25T22:43:08.761Z +39.167s DEBUG [graph] session=292bafc9 compiled generation=1373 fresh=false modules=6 took_us=64
2026-09-25T22:43:08.780Z +39.186s DEBUG [graph] session=292bafc9 compiled generation=1374 fresh=false modules=6 took_us=47
2026-09-25T22:43:08.798Z +39.204s DEBUG [graph] session=292bafc9 compiled generation=1375 fresh=false modules=6 took_us=49
2026-09-25T22:43:08.818Z +39.224s DEBUG [graph] session=292bafc9 compiled generation=1376 fresh=false modules=6 took_us=54
2026-09-25T22:43:08.835Z +39.241s DEBUG [graph] session=292bafc9 compiled generation=1377 fresh=false modules=6 took_us=44
2026-09-25T22:43:08.854Z +39.259s DEBUG [graph] session=292bafc9 compiled generation=1378 fresh=false modules=6 took_us=45
2026-09-25T22:43:08.870Z +39.276s DEBUG [graph] session=292bafc9 compiled generation=1379 fresh=false modules=6 took_us=44
2026-09-25T22:43:08.888Z +39.294s DEBUG [graph] session=292bafc9 compiled generation=1380 fresh=false modules=6 took_us=46
2026-09-25T22:43:08.906Z +39.311s DEBUG [graph] session=292bafc9 compiled generation=1381 fresh=false modules=6 took_us=43
2026-09-25T22:43:08.924Z +39.330s DEBUG [graph] session=292bafc9 compiled generation=1382 fresh=false modules=6 took_us=49
2026-09-25T22:43:08.942Z +39.348s DEBUG [graph] session=292bafc9 compiled generation=1383 fresh=false modules=6 took_us=48
2026-09-25T22:43:08.963Z +39.369s DEBUG [graph] session=292bafc9 compiled generation=1384 fresh=false modules=6 took_us=50
2026-09-25T22:43:08.986Z +39.392s DEBUG [graph] session=292bafc9 compiled generation=1385 fresh=false modules=6 took_us=48
2026-09-25T22:43:09.005Z +39.411s DEBUG [graph] session=292bafc9 compiled generation=1386 fresh=false modules=6 took_us=46
2026-09-25T22:43:09.027Z +39.433s DEBUG [graph] session=292bafc9 compiled generation=1387 fresh=false modules=6 took_us=46
2026-09-25T22:43:09.045Z +39.450s DEBUG [graph] session=292bafc9 compiled generation=1388 fresh=false modules=6 took_us=45
2026-09-25T22:43:09.065Z +39.471s DEBUG [graph] session=292bafc9 compiled generation=1389 fresh=false modules=6 took_us=50
2026-09-25T22:43:09.086Z +39.492s DEBUG [graph] session=292bafc9 compiled generation=1390 fresh=false modules=6 took_us=50
2026-09-25T22:43:09.108Z +39.514s DEBUG [graph] session=292bafc9 compiled generation=1391 fresh=false modules=6 took_us=49
2026-09-25T22:43:09.126Z +39.532s DEBUG [graph] session=292bafc9 compiled generation=1392 fresh=false modules=6 took_us=48
2026-09-25T22:43:09.143Z +39.549s DEBUG [graph] session=292bafc9 compiled generation=1393 fresh=false modules=6 took_us=49
2026-09-25T22:43:09.161Z +39.567s DEBUG [graph] session=292bafc9 compiled generation=1394 fresh=false modules=6 took_us=44
2026-09-25T22:43:09.177Z +39.583s DEBUG [graph] session=292bafc9 compiled generation=1395 fresh=false modules=6 took_us=45
2026-09-25T22:43:09.195Z +39.601s DEBUG [graph] session=292bafc9 compiled generation=1396 fresh=false modules=6 took_us=65
2026-09-25T22:43:09.222Z +39.628s DEBUG [graph] session=292bafc9 compiled generation=1397 fresh=false modules=6 took_us=54
2026-09-25T22:43:09.241Z +39.647s DEBUG [graph] session=292bafc9 compiled generation=1398 fresh=false modules=6 took_us=47
2026-09-25T22:43:09.260Z +39.666s DEBUG [graph] session=292bafc9 compiled generation=1399 fresh=false modules=6 took_us=44
2026-09-25T22:43:09.279Z +39.685s DEBUG [graph] session=292bafc9 compiled generation=1400 fresh=false modules=6 took_us=48
2026-09-25T22:43:09.297Z +39.703s DEBUG [graph] session=292bafc9 compiled generation=1401 fresh=false modules=6 took_us=47
2026-09-25T22:43:09.319Z +39.725s DEBUG [graph] session=292bafc9 compiled generation=1402 fresh=false modules=6 took_us=48
2026-09-25T22:43:09.339Z +39.745s DEBUG [graph] session=292bafc9 compiled generation=1403 fresh=false modules=6 took_us=47
2026-09-25T22:43:09.362Z +39.768s DEBUG [graph] session=292bafc9 compiled generation=1404 fresh=false modules=6 took_us=48
2026-09-25T22:43:09.380Z +39.786s DEBUG [graph] session=292bafc9 compiled generation=1405 fresh=false modules=6 took_us=45
2026-09-25T22:43:09.397Z +39.803s DEBUG [graph] session=292bafc9 compiled generation=1406 fresh=false modules=6 took_us=57
2026-09-25T22:43:09.420Z +39.826s DEBUG [graph] session=292bafc9 compiled generation=1407 fresh=false modules=6 took_us=51
2026-09-25T22:43:09.440Z +39.846s DEBUG [graph] session=292bafc9 compiled generation=1408 fresh=false modules=6 took_us=54
2026-09-25T22:43:09.462Z +39.868s DEBUG [graph] session=292bafc9 compiled generation=1409 fresh=false modules=6 took_us=51
2026-09-25T22:43:09.483Z +39.889s DEBUG [graph] session=292bafc9 compiled generation=1410 fresh=false modules=6 took_us=60
2026-09-25T22:43:09.505Z +39.911s DEBUG [graph] session=292bafc9 compiled generation=1411 fresh=false modules=6 took_us=51
2026-09-25T22:43:09.530Z +39.936s DEBUG [graph] session=292bafc9 compiled generation=1412 fresh=false modules=6 took_us=50
2026-09-25T22:43:09.554Z +39.960s DEBUG [graph] session=292bafc9 compiled generation=1413 fresh=false modules=6 took_us=60
2026-09-25T22:43:09.585Z +39.990s DEBUG [graph] session=292bafc9 compiled generation=1414 fresh=false modules=6 took_us=85
2026-09-25T22:43:09.605Z +40.011s DEBUG [graph] session=292bafc9 compiled generation=1415 fresh=false modules=6 took_us=49
2026-09-25T22:43:09.629Z +40.035s DEBUG [graph] session=292bafc9 compiled generation=1416 fresh=false modules=6 took_us=46
2026-09-25T22:43:09.647Z +40.052s DEBUG [graph] session=292bafc9 compiled generation=1417 fresh=false modules=6 took_us=50
2026-09-25T22:43:09.671Z +40.077s DEBUG [graph] session=292bafc9 compiled generation=1418 fresh=false modules=6 took_us=49
2026-09-25T22:43:09.689Z +40.095s DEBUG [graph] session=292bafc9 compiled generation=1419 fresh=false modules=6 took_us=51
2026-09-25T22:43:09.712Z +40.118s DEBUG [graph] session=292bafc9 compiled generation=1420 fresh=false modules=6 took_us=49
2026-09-25T22:43:09.732Z +40.137s DEBUG [graph] session=292bafc9 compiled generation=1421 fresh=false modules=6 took_us=49
2026-09-25T22:43:09.751Z +40.157s INFO  [audio.health] session=292bafc9 last 10.0s: xruns=0 late_executions=3 late_arrivals=177 callbacks=1878 worst_run_us=5568
2026-09-25T22:43:09.752Z +40.158s DEBUG [graph] session=292bafc9 compiled generation=1422 fresh=false modules=6 took_us=46
2026-09-25T22:43:09.771Z +40.177s DEBUG [graph] session=292bafc9 compiled generation=1423 fresh=false modules=6 took_us=47
2026-09-25T22:43:09.789Z +40.195s DEBUG [graph] session=292bafc9 compiled generation=1424 fresh=false modules=6 took_us=44
2026-09-25T22:43:09.811Z +40.217s DEBUG [graph] session=292bafc9 compiled generation=1425 fresh=false modules=6 took_us=46
2026-09-25T22:43:09.832Z +40.237s DEBUG [graph] session=292bafc9 compiled generation=1426 fresh=false modules=6 took_us=78
2026-09-25T22:43:09.851Z +40.257s DEBUG [graph] session=292bafc9 compiled generation=1427 fresh=false modules=6 took_us=50
2026-09-25T22:43:09.871Z +40.277s DEBUG [graph] session=292bafc9 compiled generation=1428 fresh=false modules=6 took_us=52
2026-09-25T22:43:09.889Z +40.295s DEBUG [graph] session=292bafc9 compiled generation=1429 fresh=false modules=6 took_us=50
2026-09-25T22:43:09.908Z +40.314s DEBUG [graph] session=292bafc9 compiled generation=1430 fresh=false modules=6 took_us=48
2026-09-25T22:43:09.929Z +40.335s DEBUG [graph] session=292bafc9 compiled generation=1431 fresh=false modules=6 took_us=57
2026-09-25T22:43:09.949Z +40.355s DEBUG [graph] session=292bafc9 compiled generation=1432 fresh=false modules=6 took_us=48
2026-09-25T22:43:09.967Z +40.373s DEBUG [graph] session=292bafc9 compiled generation=1433 fresh=false modules=6 took_us=88
2026-09-25T22:43:09.988Z +40.394s DEBUG [graph] session=292bafc9 compiled generation=1434 fresh=false modules=6 took_us=43
2026-09-25T22:43:10.008Z +40.414s DEBUG [graph] session=292bafc9 compiled generation=1435 fresh=false modules=6 took_us=44
2026-09-25T22:43:10.028Z +40.434s DEBUG [graph] session=292bafc9 compiled generation=1436 fresh=false modules=6 took_us=47
2026-09-25T22:43:10.046Z +40.452s DEBUG [graph] session=292bafc9 compiled generation=1437 fresh=false modules=6 took_us=46
2026-09-25T22:43:10.067Z +40.473s DEBUG [graph] session=292bafc9 compiled generation=1438 fresh=false modules=6 took_us=46
2026-09-25T22:43:10.088Z +40.494s DEBUG [graph] session=292bafc9 compiled generation=1439 fresh=false modules=6 took_us=62
2026-09-25T22:43:10.111Z +40.517s DEBUG [graph] session=292bafc9 compiled generation=1440 fresh=false modules=6 took_us=61
2026-09-25T22:43:10.131Z +40.537s DEBUG [graph] session=292bafc9 compiled generation=1441 fresh=false modules=6 took_us=69
2026-09-25T22:43:10.152Z +40.558s DEBUG [graph] session=292bafc9 compiled generation=1442 fresh=false modules=6 took_us=49
2026-09-25T22:43:10.172Z +40.578s DEBUG [graph] session=292bafc9 compiled generation=1443 fresh=false modules=6 took_us=51
2026-09-25T22:43:10.190Z +40.596s DEBUG [graph] session=292bafc9 compiled generation=1444 fresh=false modules=6 took_us=78
2026-09-25T22:43:10.214Z +40.620s DEBUG [graph] session=292bafc9 compiled generation=1445 fresh=false modules=6 took_us=45
2026-09-25T22:43:10.234Z +40.640s DEBUG [graph] session=292bafc9 compiled generation=1446 fresh=false modules=6 took_us=43
2026-09-25T22:43:10.252Z +40.658s DEBUG [graph] session=292bafc9 compiled generation=1447 fresh=false modules=6 took_us=57
2026-09-25T22:43:10.270Z +40.676s DEBUG [graph] session=292bafc9 compiled generation=1448 fresh=false modules=6 took_us=54
2026-09-25T22:43:10.287Z +40.693s DEBUG [graph] session=292bafc9 compiled generation=1449 fresh=false modules=6 took_us=44
2026-09-25T22:43:10.308Z +40.714s DEBUG [graph] session=292bafc9 compiled generation=1450 fresh=false modules=6 took_us=44
2026-09-25T22:43:10.325Z +40.731s DEBUG [graph] session=292bafc9 compiled generation=1451 fresh=false modules=6 took_us=42
2026-09-25T22:43:10.342Z +40.748s DEBUG [graph] session=292bafc9 compiled generation=1452 fresh=false modules=6 took_us=52
2026-09-25T22:43:10.362Z +40.768s DEBUG [graph] session=292bafc9 compiled generation=1453 fresh=false modules=6 took_us=44
2026-09-25T22:43:10.379Z +40.785s DEBUG [graph] session=292bafc9 compiled generation=1454 fresh=false modules=6 took_us=44
2026-09-25T22:43:10.400Z +40.806s DEBUG [graph] session=292bafc9 compiled generation=1455 fresh=false modules=6 took_us=53
2026-09-25T22:43:10.425Z +40.831s DEBUG [graph] session=292bafc9 compiled generation=1456 fresh=false modules=6 took_us=50
2026-09-25T22:43:10.442Z +40.848s DEBUG [graph] session=292bafc9 compiled generation=1457 fresh=false modules=6 took_us=48
2026-09-25T22:43:10.462Z +40.868s DEBUG [graph] session=292bafc9 compiled generation=1458 fresh=false modules=6 took_us=51
2026-09-25T22:43:10.479Z +40.885s DEBUG [graph] session=292bafc9 compiled generation=1459 fresh=false modules=6 took_us=49
2026-09-25T22:43:10.495Z +40.901s DEBUG [graph] session=292bafc9 compiled generation=1460 fresh=false modules=6 took_us=81
2026-09-25T22:43:10.514Z +40.920s DEBUG [graph] session=292bafc9 compiled generation=1461 fresh=false modules=6 took_us=50
2026-09-25T22:43:10.531Z +40.937s DEBUG [graph] session=292bafc9 compiled generation=1462 fresh=false modules=6 took_us=59
2026-09-25T22:43:10.551Z +40.957s DEBUG [graph] session=292bafc9 compiled generation=1463 fresh=false modules=6 took_us=57
2026-09-25T22:43:10.570Z +40.976s DEBUG [graph] session=292bafc9 compiled generation=1464 fresh=false modules=6 took_us=50
2026-09-25T22:43:10.588Z +40.994s DEBUG [graph] session=292bafc9 compiled generation=1465 fresh=false modules=6 took_us=49
2026-09-25T22:43:10.608Z +41.014s DEBUG [graph] session=292bafc9 compiled generation=1466 fresh=false modules=6 took_us=557
2026-09-25T22:43:10.628Z +41.034s DEBUG [graph] session=292bafc9 compiled generation=1467 fresh=false modules=6 took_us=50
2026-09-25T22:43:10.646Z +41.052s DEBUG [graph] session=292bafc9 compiled generation=1468 fresh=false modules=6 took_us=50
2026-09-25T22:43:10.668Z +41.073s DEBUG [graph] session=292bafc9 compiled generation=1469 fresh=false modules=6 took_us=47
2026-09-25T22:43:10.687Z +41.093s DEBUG [graph] session=292bafc9 compiled generation=1470 fresh=false modules=6 took_us=54
2026-09-25T22:43:10.710Z +41.116s DEBUG [graph] session=292bafc9 compiled generation=1471 fresh=false modules=6 took_us=53
2026-09-25T22:43:10.730Z +41.135s DEBUG [graph] session=292bafc9 compiled generation=1472 fresh=false modules=6 took_us=74
2026-09-25T22:43:10.747Z +41.153s DEBUG [graph] session=292bafc9 compiled generation=1473 fresh=false modules=6 took_us=75
2026-09-25T22:43:10.770Z +41.175s DEBUG [graph] session=292bafc9 compiled generation=1474 fresh=false modules=6 took_us=73
2026-09-25T22:43:10.790Z +41.196s DEBUG [graph] session=292bafc9 compiled generation=1475 fresh=false modules=6 took_us=56
2026-09-25T22:43:10.813Z +41.219s DEBUG [graph] session=292bafc9 compiled generation=1476 fresh=false modules=6 took_us=52
2026-09-25T22:43:10.833Z +41.239s DEBUG [graph] session=292bafc9 compiled generation=1477 fresh=false modules=6 took_us=47
2026-09-25T22:43:10.852Z +41.258s DEBUG [graph] session=292bafc9 compiled generation=1478 fresh=false modules=6 took_us=46
2026-09-25T22:43:10.873Z +41.279s DEBUG [graph] session=292bafc9 compiled generation=1479 fresh=false modules=6 took_us=59
2026-09-25T22:43:10.893Z +41.299s DEBUG [graph] session=292bafc9 compiled generation=1480 fresh=false modules=6 took_us=50
2026-09-25T22:43:10.913Z +41.318s DEBUG [graph] session=292bafc9 compiled generation=1481 fresh=false modules=6 took_us=70
2026-09-25T22:43:10.930Z +41.336s DEBUG [graph] session=292bafc9 compiled generation=1482 fresh=false modules=6 took_us=46
2026-09-25T22:43:10.951Z +41.357s DEBUG [graph] session=292bafc9 compiled generation=1483 fresh=false modules=6 took_us=47
2026-09-25T22:43:10.969Z +41.375s DEBUG [graph] session=292bafc9 compiled generation=1484 fresh=false modules=6 took_us=48
2026-09-25T22:43:10.986Z +41.392s DEBUG [graph] session=292bafc9 compiled generation=1485 fresh=false modules=6 took_us=45
2026-09-25T22:43:11.006Z +41.412s DEBUG [graph] session=292bafc9 compiled generation=1486 fresh=false modules=6 took_us=57
2026-09-25T22:43:11.026Z +41.432s DEBUG [graph] session=292bafc9 compiled generation=1487 fresh=false modules=6 took_us=54
2026-09-25T22:43:11.048Z +41.454s DEBUG [graph] session=292bafc9 compiled generation=1488 fresh=false modules=6 took_us=58
2026-09-25T22:43:11.067Z +41.473s DEBUG [graph] session=292bafc9 compiled generation=1489 fresh=false modules=6 took_us=59
2026-09-25T22:43:11.089Z +41.495s DEBUG [graph] session=292bafc9 compiled generation=1490 fresh=false modules=6 took_us=60
2026-09-25T22:43:11.113Z +41.519s DEBUG [graph] session=292bafc9 compiled generation=1491 fresh=false modules=6 took_us=65
2026-09-25T22:43:11.134Z +41.540s DEBUG [graph] session=292bafc9 compiled generation=1492 fresh=false modules=6 took_us=45
2026-09-25T22:43:11.152Z +41.558s DEBUG [graph] session=292bafc9 compiled generation=1493 fresh=false modules=6 took_us=45
2026-09-25T22:43:11.172Z +41.578s DEBUG [graph] session=292bafc9 compiled generation=1494 fresh=false modules=6 took_us=44
2026-09-25T22:43:11.189Z +41.595s DEBUG [graph] session=292bafc9 compiled generation=1495 fresh=false modules=6 took_us=64
2026-09-25T22:43:11.211Z +41.617s DEBUG [graph] session=292bafc9 compiled generation=1496 fresh=false modules=6 took_us=58
2026-09-25T22:43:11.232Z +41.638s DEBUG [graph] session=292bafc9 compiled generation=1497 fresh=false modules=6 took_us=48
2026-09-25T22:43:11.249Z +41.655s DEBUG [graph] session=292bafc9 compiled generation=1498 fresh=false modules=6 took_us=46
2026-09-25T22:43:11.270Z +41.676s DEBUG [graph] session=292bafc9 compiled generation=1499 fresh=false modules=6 took_us=60
2026-09-25T22:43:11.291Z +41.697s DEBUG [graph] session=292bafc9 compiled generation=1500 fresh=false modules=6 took_us=60
2026-09-25T22:43:11.315Z +41.721s DEBUG [graph] session=292bafc9 compiled generation=1501 fresh=false modules=6 took_us=48
2026-09-25T22:43:11.332Z +41.738s DEBUG [graph] session=292bafc9 compiled generation=1502 fresh=false modules=6 took_us=46
2026-09-25T22:43:11.350Z +41.756s DEBUG [graph] session=292bafc9 compiled generation=1503 fresh=false modules=6 took_us=44
2026-09-25T22:43:11.374Z +41.780s DEBUG [graph] session=292bafc9 compiled generation=1504 fresh=false modules=6 took_us=44
2026-09-25T22:43:11.394Z +41.800s DEBUG [graph] session=292bafc9 compiled generation=1505 fresh=false modules=6 took_us=46
2026-09-25T22:43:11.418Z +41.824s DEBUG [graph] session=292bafc9 compiled generation=1506 fresh=false modules=6 took_us=45
2026-09-25T22:43:11.435Z +41.840s DEBUG [graph] session=292bafc9 compiled generation=1507 fresh=false modules=6 took_us=94
2026-09-25T22:43:11.453Z +41.859s DEBUG [graph] session=292bafc9 compiled generation=1508 fresh=false modules=6 took_us=42
2026-09-25T22:43:11.472Z +41.878s DEBUG [graph] session=292bafc9 compiled generation=1509 fresh=false modules=6 took_us=44
2026-09-25T22:43:11.490Z +41.895s DEBUG [graph] session=292bafc9 compiled generation=1510 fresh=false modules=6 took_us=45
2026-09-25T22:43:11.511Z +41.917s DEBUG [graph] session=292bafc9 compiled generation=1511 fresh=false modules=6 took_us=44
2026-09-25T22:43:11.529Z +41.935s DEBUG [graph] session=292bafc9 compiled generation=1512 fresh=false modules=6 took_us=41
2026-09-25T22:43:11.545Z +41.951s DEBUG [graph] session=292bafc9 compiled generation=1513 fresh=false modules=6 took_us=59
2026-09-25T22:43:11.566Z +41.972s DEBUG [graph] session=292bafc9 compiled generation=1514 fresh=false modules=6 took_us=65
2026-09-25T22:43:11.585Z +41.991s DEBUG [graph] session=292bafc9 compiled generation=1515 fresh=false modules=6 took_us=47
2026-09-25T22:43:11.606Z +42.012s DEBUG [graph] session=292bafc9 compiled generation=1516 fresh=false modules=6 took_us=41
2026-09-25T22:43:11.627Z +42.032s DEBUG [graph] session=292bafc9 compiled generation=1517 fresh=false modules=6 took_us=125
2026-09-25T22:43:11.646Z +42.052s DEBUG [graph] session=292bafc9 compiled generation=1518 fresh=false modules=6 took_us=44
2026-09-25T22:43:11.664Z +42.070s DEBUG [graph] session=292bafc9 compiled generation=1519 fresh=false modules=6 took_us=45
2026-09-25T22:43:11.682Z +42.088s DEBUG [graph] session=292bafc9 compiled generation=1520 fresh=false modules=6 took_us=55
2026-09-25T22:43:11.699Z +42.105s DEBUG [graph] session=292bafc9 compiled generation=1521 fresh=false modules=6 took_us=45
2026-09-25T22:43:11.721Z +42.127s DEBUG [graph] session=292bafc9 compiled generation=1522 fresh=false modules=6 took_us=44
2026-09-25T22:43:11.740Z +42.146s DEBUG [graph] session=292bafc9 compiled generation=1523 fresh=false modules=6 took_us=45
2026-09-25T22:43:11.760Z +42.165s DEBUG [graph] session=292bafc9 compiled generation=1524 fresh=false modules=6 took_us=69
2026-09-25T22:43:11.784Z +42.190s DEBUG [graph] session=292bafc9 compiled generation=1525 fresh=false modules=6 took_us=49
2026-09-25T22:43:11.803Z +42.209s DEBUG [graph] session=292bafc9 compiled generation=1526 fresh=false modules=6 took_us=56
2026-09-25T22:43:11.828Z +42.234s DEBUG [graph] session=292bafc9 compiled generation=1527 fresh=false modules=6 took_us=51
2026-09-25T22:43:11.851Z +42.257s DEBUG [graph] session=292bafc9 compiled generation=1528 fresh=false modules=6 took_us=46
2026-09-25T22:43:11.871Z +42.277s DEBUG [graph] session=292bafc9 compiled generation=1529 fresh=false modules=6 took_us=48
2026-09-25T22:43:11.897Z +42.302s DEBUG [graph] session=292bafc9 compiled generation=1530 fresh=false modules=6 took_us=65
2026-09-25T22:43:11.921Z +42.327s DEBUG [graph] session=292bafc9 compiled generation=1531 fresh=false modules=6 took_us=51
2026-09-25T22:43:11.938Z +42.344s DEBUG [graph] session=292bafc9 compiled generation=1532 fresh=false modules=6 took_us=50
2026-09-25T22:43:11.958Z +42.364s DEBUG [graph] session=292bafc9 compiled generation=1533 fresh=false modules=6 took_us=49
2026-09-25T22:43:11.978Z +42.384s DEBUG [graph] session=292bafc9 compiled generation=1534 fresh=false modules=6 took_us=53
2026-09-25T22:43:11.999Z +42.405s DEBUG [graph] session=292bafc9 compiled generation=1535 fresh=false modules=6 took_us=53
2026-09-25T22:43:12.020Z +42.425s DEBUG [graph] session=292bafc9 compiled generation=1536 fresh=false modules=6 took_us=51
2026-09-25T22:43:12.038Z +42.444s DEBUG [graph] session=292bafc9 compiled generation=1537 fresh=false modules=6 took_us=51
2026-09-25T22:43:12.060Z +42.465s DEBUG [graph] session=292bafc9 compiled generation=1538 fresh=false modules=6 took_us=79
2026-09-25T22:43:12.078Z +42.484s DEBUG [graph] session=292bafc9 compiled generation=1539 fresh=false modules=6 took_us=51
2026-09-25T22:43:12.097Z +42.503s DEBUG [graph] session=292bafc9 compiled generation=1540 fresh=false modules=6 took_us=49
2026-09-25T22:43:12.118Z +42.524s DEBUG [graph] session=292bafc9 compiled generation=1541 fresh=false modules=6 took_us=50
2026-09-25T22:43:12.137Z +42.543s DEBUG [graph] session=292bafc9 compiled generation=1542 fresh=false modules=6 took_us=51
2026-09-25T22:43:12.156Z +42.562s DEBUG [graph] session=292bafc9 compiled generation=1543 fresh=false modules=6 took_us=60
2026-09-25T22:43:12.174Z +42.580s DEBUG [graph] session=292bafc9 compiled generation=1544 fresh=false modules=6 took_us=63
2026-09-25T22:43:12.193Z +42.599s DEBUG [graph] session=292bafc9 compiled generation=1545 fresh=false modules=6 took_us=51
2026-09-25T22:43:12.215Z +42.620s DEBUG [graph] session=292bafc9 compiled generation=1546 fresh=false modules=6 took_us=45
2026-09-25T22:43:12.234Z +42.640s DEBUG [graph] session=292bafc9 compiled generation=1547 fresh=false modules=6 took_us=53
2026-09-25T22:43:12.258Z +42.664s DEBUG [graph] session=292bafc9 compiled generation=1548 fresh=false modules=6 took_us=49
2026-09-25T22:43:12.276Z +42.682s DEBUG [graph] session=292bafc9 compiled generation=1549 fresh=false modules=6 took_us=49
2026-09-25T22:43:12.294Z +42.700s DEBUG [graph] session=292bafc9 compiled generation=1550 fresh=false modules=6 took_us=51
2026-09-25T22:43:12.317Z +42.723s DEBUG [graph] session=292bafc9 compiled generation=1551 fresh=false modules=6 took_us=51
2026-09-25T22:43:12.338Z +42.743s DEBUG [graph] session=292bafc9 compiled generation=1552 fresh=false modules=6 took_us=82
2026-09-25T22:43:12.358Z +42.764s DEBUG [graph] session=292bafc9 compiled generation=1553 fresh=false modules=6 took_us=42
2026-09-25T22:43:12.384Z +42.790s DEBUG [graph] session=292bafc9 compiled generation=1554 fresh=false modules=6 took_us=51
2026-09-25T22:43:12.403Z +42.809s DEBUG [graph] session=292bafc9 compiled generation=1555 fresh=false modules=6 took_us=49
2026-09-25T22:43:12.424Z +42.829s DEBUG [graph] session=292bafc9 compiled generation=1556 fresh=false modules=6 took_us=51
2026-09-25T22:43:12.445Z +42.851s DEBUG [graph] session=292bafc9 compiled generation=1557 fresh=false modules=6 took_us=52
2026-09-25T22:43:12.466Z +42.872s DEBUG [graph] session=292bafc9 compiled generation=1558 fresh=false modules=6 took_us=51
2026-09-25T22:43:12.484Z +42.890s DEBUG [graph] session=292bafc9 compiled generation=1559 fresh=false modules=6 took_us=49
2026-09-25T22:43:12.506Z +42.912s DEBUG [graph] session=292bafc9 compiled generation=1560 fresh=false modules=6 took_us=66
2026-09-25T22:43:12.528Z +42.934s DEBUG [graph] session=292bafc9 compiled generation=1561 fresh=false modules=6 took_us=63
2026-09-25T22:43:12.550Z +42.956s DEBUG [graph] session=292bafc9 compiled generation=1562 fresh=false modules=6 took_us=65
2026-09-25T22:43:12.574Z +42.979s DEBUG [graph] session=292bafc9 compiled generation=1563 fresh=false modules=6 took_us=101
2026-09-25T22:43:12.594Z +43.000s DEBUG [graph] session=292bafc9 compiled generation=1564 fresh=false modules=6 took_us=62
2026-09-25T22:43:12.620Z +43.026s DEBUG [graph] session=292bafc9 compiled generation=1565 fresh=false modules=6 took_us=50
2026-09-25T22:43:12.638Z +43.044s DEBUG [graph] session=292bafc9 compiled generation=1566 fresh=false modules=6 took_us=47
2026-09-25T22:43:12.663Z +43.069s DEBUG [graph] session=292bafc9 compiled generation=1567 fresh=false modules=6 took_us=66
2026-09-25T22:43:12.682Z +43.088s DEBUG [graph] session=292bafc9 compiled generation=1568 fresh=false modules=6 took_us=51
2026-09-25T22:43:12.702Z +43.108s DEBUG [graph] session=292bafc9 compiled generation=1569 fresh=false modules=6 took_us=52
2026-09-25T22:43:12.721Z +43.127s DEBUG [graph] session=292bafc9 compiled generation=1570 fresh=false modules=6 took_us=47
2026-09-25T22:43:12.740Z +43.145s DEBUG [graph] session=292bafc9 compiled generation=1571 fresh=false modules=6 took_us=57
2026-09-25T22:43:12.762Z +43.168s DEBUG [graph] session=292bafc9 compiled generation=1572 fresh=false modules=6 took_us=53
2026-09-25T22:43:12.782Z +43.188s DEBUG [graph] session=292bafc9 compiled generation=1573 fresh=false modules=6 took_us=52
2026-09-25T22:43:12.802Z +43.208s DEBUG [graph] session=292bafc9 compiled generation=1574 fresh=false modules=6 took_us=53
2026-09-25T22:43:12.824Z +43.229s DEBUG [graph] session=292bafc9 compiled generation=1575 fresh=false modules=6 took_us=67
2026-09-25T22:43:12.841Z +43.247s DEBUG [graph] session=292bafc9 compiled generation=1576 fresh=false modules=6 took_us=46
2026-09-25T22:43:12.861Z +43.267s DEBUG [graph] session=292bafc9 compiled generation=1577 fresh=false modules=6 took_us=48
2026-09-25T22:43:12.878Z +43.284s DEBUG [graph] session=292bafc9 compiled generation=1578 fresh=false modules=6 took_us=53
2026-09-25T22:43:12.899Z +43.305s DEBUG [graph] session=292bafc9 compiled generation=1579 fresh=false modules=6 took_us=48
2026-09-25T22:43:12.924Z +43.330s DEBUG [graph] session=292bafc9 compiled generation=1580 fresh=false modules=6 took_us=58
2026-09-25T22:43:12.942Z +43.348s DEBUG [graph] session=292bafc9 compiled generation=1581 fresh=false modules=6 took_us=44
2026-09-25T22:43:12.962Z +43.368s DEBUG [graph] session=292bafc9 compiled generation=1582 fresh=false modules=6 took_us=45
2026-09-25T22:43:12.979Z +43.385s DEBUG [graph] session=292bafc9 compiled generation=1583 fresh=false modules=6 took_us=44
2026-09-25T22:43:12.997Z +43.402s DEBUG [graph] session=292bafc9 compiled generation=1584 fresh=false modules=6 took_us=67
2026-09-25T22:43:13.021Z +43.427s DEBUG [graph] session=292bafc9 compiled generation=1585 fresh=false modules=6 took_us=44
2026-09-25T22:43:13.039Z +43.445s DEBUG [graph] session=292bafc9 compiled generation=1586 fresh=false modules=6 took_us=44
2026-09-25T22:43:13.060Z +43.465s DEBUG [graph] session=292bafc9 compiled generation=1587 fresh=false modules=6 took_us=87
2026-09-25T22:43:13.077Z +43.483s DEBUG [graph] session=292bafc9 compiled generation=1588 fresh=false modules=6 took_us=49
2026-09-25T22:43:13.095Z +43.501s DEBUG [graph] session=292bafc9 compiled generation=1589 fresh=false modules=6 took_us=49
2026-09-25T22:43:13.120Z +43.526s DEBUG [graph] session=292bafc9 compiled generation=1590 fresh=false modules=6 took_us=50
2026-09-25T22:43:13.137Z +43.543s DEBUG [graph] session=292bafc9 compiled generation=1591 fresh=false modules=6 took_us=47
2026-09-25T22:43:13.158Z +43.564s DEBUG [graph] session=292bafc9 compiled generation=1592 fresh=false modules=6 took_us=46
2026-09-25T22:43:13.176Z +43.581s DEBUG [graph] session=292bafc9 compiled generation=1593 fresh=false modules=6 took_us=46
2026-09-25T22:43:13.193Z +43.599s DEBUG [graph] session=292bafc9 compiled generation=1594 fresh=false modules=6 took_us=45
2026-09-25T22:43:13.213Z +43.619s DEBUG [graph] session=292bafc9 compiled generation=1595 fresh=false modules=6 took_us=44
2026-09-25T22:43:13.232Z +43.637s DEBUG [graph] session=292bafc9 compiled generation=1596 fresh=false modules=6 took_us=45
2026-09-25T22:43:13.254Z +43.660s DEBUG [graph] session=292bafc9 compiled generation=1597 fresh=false modules=6 took_us=45
2026-09-25T22:43:13.275Z +43.681s DEBUG [graph] session=292bafc9 compiled generation=1598 fresh=false modules=6 took_us=43
2026-09-25T22:43:13.293Z +43.699s DEBUG [graph] session=292bafc9 compiled generation=1599 fresh=false modules=6 took_us=61
2026-09-25T22:43:13.313Z +43.719s DEBUG [graph] session=292bafc9 compiled generation=1600 fresh=false modules=6 took_us=49
2026-09-25T22:43:13.330Z +43.736s DEBUG [graph] session=292bafc9 compiled generation=1601 fresh=false modules=6 took_us=50
2026-09-25T22:43:13.348Z +43.754s DEBUG [graph] session=292bafc9 compiled generation=1602 fresh=false modules=6 took_us=49
2026-09-25T22:43:13.368Z +43.774s DEBUG [graph] session=292bafc9 compiled generation=1603 fresh=false modules=6 took_us=48
2026-09-25T22:43:13.386Z +43.791s DEBUG [graph] session=292bafc9 compiled generation=1604 fresh=false modules=6 took_us=49
2026-09-25T22:43:13.405Z +43.810s DEBUG [graph] session=292bafc9 compiled generation=1605 fresh=false modules=6 took_us=747
2026-09-25T22:43:13.424Z +43.830s DEBUG [graph] session=292bafc9 compiled generation=1606 fresh=false modules=6 took_us=42
2026-09-25T22:43:13.442Z +43.848s DEBUG [graph] session=292bafc9 compiled generation=1607 fresh=false modules=6 took_us=50
2026-09-25T22:43:13.461Z +43.867s DEBUG [graph] session=292bafc9 compiled generation=1608 fresh=false modules=6 took_us=57
2026-09-25T22:43:13.482Z +43.888s DEBUG [graph] session=292bafc9 compiled generation=1609 fresh=false modules=6 took_us=49
2026-09-25T22:43:13.510Z +43.916s DEBUG [graph] session=292bafc9 compiled generation=1610 fresh=false modules=6 took_us=53
2026-09-25T22:43:13.531Z +43.937s DEBUG [graph] session=292bafc9 compiled generation=1611 fresh=false modules=6 took_us=59
2026-09-25T22:43:13.550Z +43.956s DEBUG [graph] session=292bafc9 compiled generation=1612 fresh=false modules=6 took_us=45
2026-09-25T22:43:13.570Z +43.975s DEBUG [graph] session=292bafc9 compiled generation=1613 fresh=false modules=6 took_us=42
2026-09-25T22:43:13.585Z +43.991s DEBUG [graph] session=292bafc9 compiled generation=1614 fresh=false modules=6 took_us=42
2026-09-25T22:43:13.602Z +44.008s DEBUG [graph] session=292bafc9 compiled generation=1615 fresh=false modules=6 took_us=49
2026-09-25T22:43:13.624Z +44.030s DEBUG [graph] session=292bafc9 compiled generation=1616 fresh=false modules=6 took_us=47
2026-09-25T22:43:13.641Z +44.047s DEBUG [graph] session=292bafc9 compiled generation=1617 fresh=false modules=6 took_us=50
2026-09-25T22:43:13.663Z +44.069s DEBUG [graph] session=292bafc9 compiled generation=1618 fresh=false modules=6 took_us=63
2026-09-25T22:43:13.682Z +44.088s DEBUG [graph] session=292bafc9 compiled generation=1619 fresh=false modules=6 took_us=42
2026-09-25T22:43:13.698Z +44.104s DEBUG [graph] session=292bafc9 compiled generation=1620 fresh=false modules=6 took_us=42
2026-09-25T22:43:13.722Z +44.128s DEBUG [graph] session=292bafc9 compiled generation=1621 fresh=false modules=6 took_us=58
2026-09-25T22:43:13.740Z +44.146s DEBUG [graph] session=292bafc9 compiled generation=1622 fresh=false modules=6 took_us=64
2026-09-25T22:43:13.763Z +44.169s DEBUG [graph] session=292bafc9 compiled generation=1623 fresh=false modules=6 took_us=74
2026-09-25T22:43:13.783Z +44.189s DEBUG [graph] session=292bafc9 compiled generation=1624 fresh=false modules=6 took_us=42
2026-09-25T22:43:13.801Z +44.207s DEBUG [graph] session=292bafc9 compiled generation=1625 fresh=false modules=6 took_us=41
2026-09-25T22:43:13.821Z +44.227s DEBUG [graph] session=292bafc9 compiled generation=1626 fresh=false modules=6 took_us=43
2026-09-25T22:43:13.837Z +44.243s DEBUG [graph] session=292bafc9 compiled generation=1627 fresh=false modules=6 took_us=45
2026-09-25T22:43:13.857Z +44.263s DEBUG [graph] session=292bafc9 compiled generation=1628 fresh=false modules=6 took_us=48
2026-09-25T22:43:13.875Z +44.281s DEBUG [graph] session=292bafc9 compiled generation=1629 fresh=false modules=6 took_us=64
2026-09-25T22:43:13.893Z +44.299s DEBUG [graph] session=292bafc9 compiled generation=1630 fresh=false modules=6 took_us=63
2026-09-25T22:43:13.916Z +44.322s DEBUG [graph] session=292bafc9 compiled generation=1631 fresh=false modules=6 took_us=50
2026-09-25T22:43:13.933Z +44.339s DEBUG [graph] session=292bafc9 compiled generation=1632 fresh=false modules=6 took_us=52
2026-09-25T22:43:13.951Z +44.357s DEBUG [graph] session=292bafc9 compiled generation=1633 fresh=false modules=6 took_us=52
2026-09-25T22:43:13.972Z +44.378s DEBUG [graph] session=292bafc9 compiled generation=1634 fresh=false modules=6 took_us=51
2026-09-25T22:43:13.990Z +44.396s DEBUG [graph] session=292bafc9 compiled generation=1635 fresh=false modules=6 took_us=48
2026-09-25T22:43:14.013Z +44.419s DEBUG [graph] session=292bafc9 compiled generation=1636 fresh=false modules=6 took_us=49
2026-09-25T22:43:14.030Z +44.436s DEBUG [graph] session=292bafc9 compiled generation=1637 fresh=false modules=6 took_us=59
2026-09-25T22:43:14.047Z +44.453s DEBUG [graph] session=292bafc9 compiled generation=1638 fresh=false modules=6 took_us=41
2026-09-25T22:43:14.068Z +44.474s DEBUG [graph] session=292bafc9 compiled generation=1639 fresh=false modules=6 took_us=42
2026-09-25T22:43:14.085Z +44.491s DEBUG [graph] session=292bafc9 compiled generation=1640 fresh=false modules=6 took_us=44
2026-09-25T22:43:14.101Z +44.507s DEBUG [graph] session=292bafc9 compiled generation=1641 fresh=false modules=6 took_us=41
2026-09-25T22:43:14.122Z +44.528s DEBUG [graph] session=292bafc9 compiled generation=1642 fresh=false modules=6 took_us=50
2026-09-25T22:43:14.139Z +44.545s DEBUG [graph] session=292bafc9 compiled generation=1643 fresh=false modules=6 took_us=46
2026-09-25T22:43:14.157Z +44.563s DEBUG [graph] session=292bafc9 compiled generation=1644 fresh=false modules=6 took_us=42
2026-09-25T22:43:14.173Z +44.579s DEBUG [graph] session=292bafc9 compiled generation=1645 fresh=false modules=6 took_us=40
2026-09-25T22:43:14.190Z +44.596s DEBUG [graph] session=292bafc9 compiled generation=1646 fresh=false modules=6 took_us=45
2026-09-25T22:43:14.208Z +44.613s DEBUG [graph] session=292bafc9 compiled generation=1647 fresh=false modules=6 took_us=44
2026-09-25T22:43:14.231Z +44.637s DEBUG [graph] session=292bafc9 compiled generation=1648 fresh=false modules=6 took_us=51
2026-09-25T22:43:14.250Z +44.656s DEBUG [graph] session=292bafc9 compiled generation=1649 fresh=false modules=6 took_us=42
2026-09-25T22:43:14.266Z +44.672s DEBUG [graph] session=292bafc9 compiled generation=1650 fresh=false modules=6 took_us=41
2026-09-25T22:43:14.283Z +44.688s DEBUG [graph] session=292bafc9 compiled generation=1651 fresh=false modules=6 took_us=68
2026-09-25T22:43:14.300Z +44.706s DEBUG [graph] session=292bafc9 compiled generation=1652 fresh=false modules=6 took_us=41
2026-09-25T22:43:14.319Z +44.725s DEBUG [graph] session=292bafc9 compiled generation=1653 fresh=false modules=6 took_us=55
2026-09-25T22:43:14.338Z +44.744s DEBUG [graph] session=292bafc9 compiled generation=1654 fresh=false modules=6 took_us=43
2026-09-25T22:43:14.358Z +44.764s DEBUG [graph] session=292bafc9 compiled generation=1655 fresh=false modules=6 took_us=42
2026-09-25T22:43:14.375Z +44.781s DEBUG [graph] session=292bafc9 compiled generation=1656 fresh=false modules=6 took_us=51
2026-09-25T22:43:14.392Z +44.798s DEBUG [graph] session=292bafc9 compiled generation=1657 fresh=false modules=6 took_us=49
2026-09-25T22:43:14.413Z +44.819s DEBUG [graph] session=292bafc9 compiled generation=1658 fresh=false modules=6 took_us=49
2026-09-25T22:43:14.432Z +44.838s DEBUG [graph] session=292bafc9 compiled generation=1659 fresh=false modules=6 took_us=50
2026-09-25T22:43:14.451Z +44.857s DEBUG [graph] session=292bafc9 compiled generation=1660 fresh=false modules=6 took_us=53
2026-09-25T22:43:14.469Z +44.875s DEBUG [graph] session=292bafc9 compiled generation=1661 fresh=false modules=6 took_us=55
2026-09-25T22:43:14.490Z +44.896s DEBUG [graph] session=292bafc9 compiled generation=1662 fresh=false modules=6 took_us=58
2026-09-25T22:43:14.509Z +44.915s DEBUG [graph] session=292bafc9 compiled generation=1663 fresh=false modules=6 took_us=50
2026-09-25T22:43:14.529Z +44.935s DEBUG [graph] session=292bafc9 compiled generation=1664 fresh=false modules=6 took_us=49
2026-09-25T22:43:14.548Z +44.954s DEBUG [graph] session=292bafc9 compiled generation=1665 fresh=false modules=6 took_us=44
2026-09-25T22:43:14.571Z +44.977s DEBUG [graph] session=292bafc9 compiled generation=1666 fresh=false modules=6 took_us=52
2026-09-25T22:43:14.588Z +44.994s DEBUG [graph] session=292bafc9 compiled generation=1667 fresh=false modules=6 took_us=41
2026-09-25T22:43:14.605Z +45.010s DEBUG [graph] session=292bafc9 compiled generation=1668 fresh=false modules=6 took_us=42
2026-09-25T22:43:14.625Z +45.031s DEBUG [graph] session=292bafc9 compiled generation=1669 fresh=false modules=6 took_us=41
2026-09-25T22:43:14.643Z +45.049s DEBUG [graph] session=292bafc9 compiled generation=1670 fresh=false modules=6 took_us=102
2026-09-25T22:43:14.662Z +45.067s DEBUG [graph] session=292bafc9 compiled generation=1671 fresh=false modules=6 took_us=43
2026-09-25T22:43:14.678Z +45.084s DEBUG [graph] session=292bafc9 compiled generation=1672 fresh=false modules=6 took_us=51
2026-09-25T22:43:14.695Z +45.101s DEBUG [graph] session=292bafc9 compiled generation=1673 fresh=false modules=6 took_us=47
2026-09-25T22:43:14.717Z +45.123s DEBUG [graph] session=292bafc9 compiled generation=1674 fresh=false modules=6 took_us=52
2026-09-25T22:43:14.734Z +45.140s DEBUG [graph] session=292bafc9 compiled generation=1675 fresh=false modules=6 took_us=44
2026-09-25T22:43:14.752Z +45.157s DEBUG [graph] session=292bafc9 compiled generation=1676 fresh=false modules=6 took_us=41
2026-09-25T22:43:14.767Z +45.173s DEBUG [graph] session=292bafc9 compiled generation=1677 fresh=false modules=6 took_us=43
2026-09-25T22:43:14.788Z +45.193s DEBUG [graph] session=292bafc9 compiled generation=1678 fresh=false modules=6 took_us=54
2026-09-25T22:43:14.807Z +45.213s DEBUG [graph] session=292bafc9 compiled generation=1679 fresh=false modules=6 took_us=50
2026-09-25T22:43:14.827Z +45.233s DEBUG [graph] session=292bafc9 compiled generation=1680 fresh=false modules=6 took_us=52
2026-09-25T22:43:14.846Z +45.252s DEBUG [graph] session=292bafc9 compiled generation=1681 fresh=false modules=6 took_us=50
2026-09-25T22:43:14.868Z +45.274s DEBUG [graph] session=292bafc9 compiled generation=1682 fresh=false modules=6 took_us=42
2026-09-25T22:43:14.884Z +45.290s DEBUG [graph] session=292bafc9 compiled generation=1683 fresh=false modules=6 took_us=40
2026-09-25T22:43:14.900Z +45.305s DEBUG [graph] session=292bafc9 compiled generation=1684 fresh=false modules=6 took_us=49
2026-09-25T22:43:14.920Z +45.326s DEBUG [graph] session=292bafc9 compiled generation=1685 fresh=false modules=6 took_us=41
2026-09-25T22:43:14.936Z +45.341s DEBUG [graph] session=292bafc9 compiled generation=1686 fresh=false modules=6 took_us=55
2026-09-25T22:43:14.955Z +45.361s DEBUG [graph] session=292bafc9 compiled generation=1687 fresh=false modules=6 took_us=48
2026-09-25T22:43:14.972Z +45.378s DEBUG [graph] session=292bafc9 compiled generation=1688 fresh=false modules=6 took_us=41
2026-09-25T22:43:14.988Z +45.394s DEBUG [graph] session=292bafc9 compiled generation=1689 fresh=false modules=6 took_us=42
2026-09-25T22:43:15.005Z +45.411s DEBUG [graph] session=292bafc9 compiled generation=1690 fresh=false modules=6 took_us=41
2026-09-25T22:43:15.023Z +45.429s DEBUG [graph] session=292bafc9 compiled generation=1691 fresh=false modules=6 took_us=40
2026-09-25T22:43:15.039Z +45.445s DEBUG [graph] session=292bafc9 compiled generation=1692 fresh=false modules=6 took_us=43
2026-09-25T22:43:15.057Z +45.463s DEBUG [graph] session=292bafc9 compiled generation=1693 fresh=false modules=6 took_us=45
2026-09-25T22:43:15.076Z +45.482s DEBUG [graph] session=292bafc9 compiled generation=1694 fresh=false modules=6 took_us=43
2026-09-25T22:43:15.096Z +45.502s DEBUG [graph] session=292bafc9 compiled generation=1695 fresh=false modules=6 took_us=50
2026-09-25T22:43:15.119Z +45.525s DEBUG [graph] session=292bafc9 compiled generation=1696 fresh=false modules=6 took_us=44
2026-09-25T22:43:15.137Z +45.543s DEBUG [graph] session=292bafc9 compiled generation=1697 fresh=false modules=6 took_us=44
2026-09-25T22:43:15.156Z +45.562s DEBUG [graph] session=292bafc9 compiled generation=1698 fresh=false modules=6 took_us=54
2026-09-25T22:43:15.175Z +45.581s DEBUG [graph] session=292bafc9 compiled generation=1699 fresh=false modules=6 took_us=50
2026-09-25T22:43:15.194Z +45.600s DEBUG [graph] session=292bafc9 compiled generation=1700 fresh=false modules=6 took_us=62
2026-09-25T22:43:15.218Z +45.624s DEBUG [graph] session=292bafc9 compiled generation=1701 fresh=false modules=6 took_us=39
2026-09-25T22:43:15.234Z +45.639s DEBUG [graph] session=292bafc9 compiled generation=1702 fresh=false modules=6 took_us=82
2026-09-25T22:43:15.254Z +45.660s DEBUG [graph] session=292bafc9 compiled generation=1703 fresh=false modules=6 took_us=43
2026-09-25T22:43:15.270Z +45.676s DEBUG [graph] session=292bafc9 compiled generation=1704 fresh=false modules=6 took_us=45
2026-09-25T22:43:15.286Z +45.692s DEBUG [graph] session=292bafc9 compiled generation=1705 fresh=false modules=6 took_us=47
2026-09-25T22:43:15.303Z +45.709s DEBUG [graph] session=292bafc9 compiled generation=1706 fresh=false modules=6 took_us=45
2026-09-25T22:43:15.323Z +45.729s DEBUG [graph] session=292bafc9 compiled generation=1707 fresh=false modules=6 took_us=45
2026-09-25T22:43:15.339Z +45.745s DEBUG [graph] session=292bafc9 compiled generation=1708 fresh=false modules=6 took_us=44
2026-09-25T22:43:15.357Z +45.763s DEBUG [graph] session=292bafc9 compiled generation=1709 fresh=false modules=6 took_us=43
2026-09-25T22:43:15.373Z +45.779s DEBUG [graph] session=292bafc9 compiled generation=1710 fresh=false modules=6 took_us=52
2026-09-25T22:43:15.392Z +45.798s DEBUG [graph] session=292bafc9 compiled generation=1711 fresh=false modules=6 took_us=51
2026-09-25T22:43:15.409Z +45.815s DEBUG [graph] session=292bafc9 compiled generation=1712 fresh=false modules=6 took_us=49
2026-09-25T22:43:15.434Z +45.840s DEBUG [graph] session=292bafc9 compiled generation=1713 fresh=false modules=6 took_us=43
2026-09-25T22:43:15.449Z +45.855s DEBUG [graph] session=292bafc9 compiled generation=1714 fresh=false modules=6 took_us=52
2026-09-25T22:43:15.466Z +45.872s DEBUG [graph] session=292bafc9 compiled generation=1715 fresh=false modules=6 took_us=44
2026-09-25T22:43:15.484Z +45.890s DEBUG [graph] session=292bafc9 compiled generation=1716 fresh=false modules=6 took_us=41
2026-09-25T22:43:15.500Z +45.905s DEBUG [graph] session=292bafc9 compiled generation=1717 fresh=false modules=6 took_us=44
2026-09-25T22:43:15.520Z +45.925s DEBUG [graph] session=292bafc9 compiled generation=1718 fresh=false modules=6 took_us=42
2026-09-25T22:43:15.536Z +45.941s DEBUG [graph] session=292bafc9 compiled generation=1719 fresh=false modules=6 took_us=62
2026-09-25T22:43:15.552Z +45.958s DEBUG [graph] session=292bafc9 compiled generation=1720 fresh=false modules=6 took_us=43
2026-09-25T22:43:15.570Z +45.976s DEBUG [graph] session=292bafc9 compiled generation=1721 fresh=false modules=6 took_us=43
2026-09-25T22:43:15.590Z +45.996s DEBUG [graph] session=292bafc9 compiled generation=1722 fresh=false modules=6 took_us=64
2026-09-25T22:43:15.619Z +46.025s DEBUG [graph] session=292bafc9 compiled generation=1723 fresh=false modules=6 took_us=62
2026-09-25T22:43:15.638Z +46.044s DEBUG [graph] session=292bafc9 compiled generation=1724 fresh=false modules=6 took_us=51
2026-09-25T22:43:15.661Z +46.067s DEBUG [graph] session=292bafc9 compiled generation=1725 fresh=false modules=6 took_us=50
2026-09-25T22:43:15.678Z +46.084s DEBUG [graph] session=292bafc9 compiled generation=1726 fresh=false modules=6 took_us=49
2026-09-25T22:43:15.696Z +46.102s DEBUG [graph] session=292bafc9 compiled generation=1727 fresh=false modules=6 took_us=51
2026-09-25T22:43:15.718Z +46.124s DEBUG [graph] session=292bafc9 compiled generation=1728 fresh=false modules=6 took_us=49
2026-09-25T22:43:15.738Z +46.143s DEBUG [graph] session=292bafc9 compiled generation=1729 fresh=false modules=6 took_us=42
2026-09-25T22:43:15.757Z +46.163s DEBUG [graph] session=292bafc9 compiled generation=1730 fresh=false modules=6 took_us=41
2026-09-25T22:43:15.774Z +46.180s DEBUG [graph] session=292bafc9 compiled generation=1731 fresh=false modules=6 took_us=41
2026-09-25T22:43:15.791Z +46.197s DEBUG [graph] session=292bafc9 compiled generation=1732 fresh=false modules=6 took_us=43
2026-09-25T22:43:15.808Z +46.214s DEBUG [graph] session=292bafc9 compiled generation=1733 fresh=false modules=6 took_us=49
2026-09-25T22:43:15.829Z +46.235s DEBUG [graph] session=292bafc9 compiled generation=1734 fresh=false modules=6 took_us=44
2026-09-25T22:43:15.845Z +46.251s DEBUG [graph] session=292bafc9 compiled generation=1735 fresh=false modules=6 took_us=51
2026-09-25T22:43:15.863Z +46.269s DEBUG [graph] session=292bafc9 compiled generation=1736 fresh=false modules=6 took_us=44
2026-09-25T22:43:15.880Z +46.286s DEBUG [graph] session=292bafc9 compiled generation=1737 fresh=false modules=6 took_us=43
2026-09-25T22:43:15.900Z +46.305s DEBUG [graph] session=292bafc9 compiled generation=1738 fresh=false modules=6 took_us=48
2026-09-25T22:43:15.921Z +46.327s DEBUG [graph] session=292bafc9 compiled generation=1739 fresh=false modules=6 took_us=48
2026-09-25T22:43:15.938Z +46.344s DEBUG [graph] session=292bafc9 compiled generation=1740 fresh=false modules=6 took_us=49
2026-09-25T22:43:15.955Z +46.361s DEBUG [graph] session=292bafc9 compiled generation=1741 fresh=false modules=6 took_us=49
2026-09-25T22:43:15.974Z +46.380s DEBUG [graph] session=292bafc9 compiled generation=1742 fresh=false modules=6 took_us=50
2026-09-25T22:43:15.992Z +46.398s DEBUG [graph] session=292bafc9 compiled generation=1743 fresh=false modules=6 took_us=43
2026-09-25T22:43:16.012Z +46.418s DEBUG [graph] session=292bafc9 compiled generation=1744 fresh=false modules=6 took_us=40
2026-09-25T22:43:16.030Z +46.436s DEBUG [graph] session=292bafc9 compiled generation=1745 fresh=false modules=6 took_us=50
2026-09-25T22:43:16.049Z +46.454s DEBUG [graph] session=292bafc9 compiled generation=1746 fresh=false modules=6 took_us=50
2026-09-25T22:43:16.070Z +46.476s DEBUG [graph] session=292bafc9 compiled generation=1747 fresh=false modules=6 took_us=59
2026-09-25T22:43:16.088Z +46.494s DEBUG [graph] session=292bafc9 compiled generation=1748 fresh=false modules=6 took_us=49
2026-09-25T22:43:16.110Z +46.516s DEBUG [graph] session=292bafc9 compiled generation=1749 fresh=false modules=6 took_us=42
2026-09-25T22:43:16.130Z +46.536s DEBUG [graph] session=292bafc9 compiled generation=1750 fresh=false modules=6 took_us=42
2026-09-25T22:43:16.148Z +46.554s DEBUG [graph] session=292bafc9 compiled generation=1751 fresh=false modules=6 took_us=52
2026-09-25T22:43:16.168Z +46.573s DEBUG [graph] session=292bafc9 compiled generation=1752 fresh=false modules=6 took_us=53
2026-09-25T22:43:16.184Z +46.590s DEBUG [graph] session=292bafc9 compiled generation=1753 fresh=false modules=6 took_us=58
2026-09-25T22:43:16.202Z +46.607s DEBUG [graph] session=292bafc9 compiled generation=1754 fresh=false modules=6 took_us=50
2026-09-25T22:43:16.222Z +46.628s DEBUG [graph] session=292bafc9 compiled generation=1755 fresh=false modules=6 took_us=53
2026-09-25T22:43:16.238Z +46.644s DEBUG [graph] session=292bafc9 compiled generation=1756 fresh=false modules=6 took_us=49
2026-09-25T22:43:16.257Z +46.663s DEBUG [graph] session=292bafc9 compiled generation=1757 fresh=false modules=6 took_us=40
2026-09-25T22:43:16.273Z +46.679s DEBUG [graph] session=292bafc9 compiled generation=1758 fresh=false modules=6 took_us=40
2026-09-25T22:43:16.288Z +46.694s DEBUG [graph] session=292bafc9 compiled generation=1759 fresh=false modules=6 took_us=44
2026-09-25T22:43:16.308Z +46.714s DEBUG [graph] session=292bafc9 compiled generation=1760 fresh=false modules=6 took_us=41
2026-09-25T22:43:16.324Z +46.730s DEBUG [graph] session=292bafc9 compiled generation=1761 fresh=false modules=6 took_us=50
2026-09-25T22:43:16.340Z +46.746s DEBUG [graph] session=292bafc9 compiled generation=1762 fresh=false modules=6 took_us=40
2026-09-25T22:43:16.362Z +46.767s DEBUG [graph] session=292bafc9 compiled generation=1763 fresh=false modules=6 took_us=92
2026-09-25T22:43:16.378Z +46.784s DEBUG [graph] session=292bafc9 compiled generation=1764 fresh=false modules=6 took_us=41
2026-09-25T22:43:16.396Z +46.802s DEBUG [graph] session=292bafc9 compiled generation=1765 fresh=false modules=6 took_us=48
2026-09-25T22:43:16.420Z +46.826s DEBUG [graph] session=292bafc9 compiled generation=1766 fresh=false modules=6 took_us=47
2026-09-25T22:43:16.438Z +46.844s DEBUG [graph] session=292bafc9 compiled generation=1767 fresh=false modules=6 took_us=49
2026-09-25T22:43:16.459Z +46.865s DEBUG [graph] session=292bafc9 compiled generation=1768 fresh=false modules=6 took_us=49
2026-09-25T22:43:16.479Z +46.884s DEBUG [graph] session=292bafc9 compiled generation=1769 fresh=false modules=6 took_us=41
2026-09-25T22:43:16.494Z +46.900s DEBUG [graph] session=292bafc9 compiled generation=1770 fresh=false modules=6 took_us=40
2026-09-25T22:43:16.518Z +46.924s DEBUG [graph] session=292bafc9 compiled generation=1771 fresh=false modules=6 took_us=49
2026-09-25T22:43:16.535Z +46.941s DEBUG [graph] session=292bafc9 compiled generation=1772 fresh=false modules=6 took_us=51
2026-09-25T22:43:16.556Z +46.962s DEBUG [graph] session=292bafc9 compiled generation=1773 fresh=false modules=6 took_us=48
2026-09-25T22:43:16.573Z +46.979s DEBUG [graph] session=292bafc9 compiled generation=1774 fresh=false modules=6 took_us=50
2026-09-25T22:43:16.593Z +46.999s DEBUG [graph] session=292bafc9 compiled generation=1775 fresh=false modules=6 took_us=62
2026-09-25T22:43:16.610Z +47.016s DEBUG [graph] session=292bafc9 compiled generation=1776 fresh=false modules=6 took_us=50
2026-09-25T22:43:16.631Z +47.036s DEBUG [graph] session=292bafc9 compiled generation=1777 fresh=false modules=6 took_us=51
2026-09-25T22:43:16.650Z +47.056s DEBUG [graph] session=292bafc9 compiled generation=1778 fresh=false modules=6 took_us=57
2026-09-25T22:43:16.674Z +47.080s DEBUG [graph] session=292bafc9 compiled generation=1779 fresh=false modules=6 took_us=51
2026-09-25T22:43:16.694Z +47.100s DEBUG [graph] session=292bafc9 compiled generation=1780 fresh=false modules=6 took_us=51
2026-09-25T22:43:16.718Z +47.124s DEBUG [graph] session=292bafc9 compiled generation=1781 fresh=false modules=6 took_us=53
2026-09-25T22:43:16.737Z +47.143s DEBUG [graph] session=292bafc9 compiled generation=1782 fresh=false modules=6 took_us=49
2026-09-25T22:43:16.756Z +47.162s DEBUG [graph] session=292bafc9 compiled generation=1783 fresh=false modules=6 took_us=52
2026-09-25T22:43:16.774Z +47.180s DEBUG [graph] session=292bafc9 compiled generation=1784 fresh=false modules=6 took_us=48
2026-09-25T22:43:16.794Z +47.200s DEBUG [graph] session=292bafc9 compiled generation=1785 fresh=false modules=6 took_us=50
2026-09-25T22:43:16.818Z +47.224s DEBUG [graph] session=292bafc9 compiled generation=1786 fresh=false modules=6 took_us=51
2026-09-25T22:43:16.835Z +47.240s DEBUG [graph] session=292bafc9 compiled generation=1787 fresh=false modules=6 took_us=48
2026-09-25T22:43:16.854Z +47.260s DEBUG [graph] session=292bafc9 compiled generation=1788 fresh=false modules=6 took_us=47
2026-09-25T22:43:16.874Z +47.280s DEBUG [graph] session=292bafc9 compiled generation=1789 fresh=false modules=6 took_us=48
2026-09-25T22:43:16.895Z +47.300s DEBUG [graph] session=292bafc9 compiled generation=1790 fresh=false modules=6 took_us=80
2026-09-25T22:43:16.914Z +47.320s DEBUG [graph] session=292bafc9 compiled generation=1791 fresh=false modules=6 took_us=48
2026-09-25T22:43:16.931Z +47.337s DEBUG [graph] session=292bafc9 compiled generation=1792 fresh=false modules=6 took_us=42
2026-09-25T22:43:16.949Z +47.355s DEBUG [graph] session=292bafc9 compiled generation=1793 fresh=false modules=6 took_us=44
2026-09-25T22:43:16.967Z +47.373s DEBUG [graph] session=292bafc9 compiled generation=1794 fresh=false modules=6 took_us=47
2026-09-25T22:43:16.985Z +47.391s DEBUG [graph] session=292bafc9 compiled generation=1795 fresh=false modules=6 took_us=49
2026-09-25T22:43:17.002Z +47.408s DEBUG [graph] session=292bafc9 compiled generation=1796 fresh=false modules=6 took_us=50
2026-09-25T22:43:17.021Z +47.427s DEBUG [graph] session=292bafc9 compiled generation=1797 fresh=false modules=6 took_us=48
2026-09-25T22:43:17.040Z +47.446s DEBUG [graph] session=292bafc9 compiled generation=1798 fresh=false modules=6 took_us=54
2026-09-25T22:43:17.060Z +47.466s DEBUG [graph] session=292bafc9 compiled generation=1799 fresh=false modules=6 took_us=43
2026-09-25T22:43:17.078Z +47.483s DEBUG [graph] session=292bafc9 compiled generation=1800 fresh=false modules=6 took_us=47
2026-09-25T22:43:17.095Z +47.501s DEBUG [graph] session=292bafc9 compiled generation=1801 fresh=false modules=6 took_us=43
2026-09-25T22:43:17.114Z +47.520s DEBUG [graph] session=292bafc9 compiled generation=1802 fresh=false modules=6 took_us=50
2026-09-25T22:43:17.135Z +47.541s DEBUG [graph] session=292bafc9 compiled generation=1803 fresh=false modules=6 took_us=63
2026-09-25T22:43:17.161Z +47.567s DEBUG [graph] session=292bafc9 compiled generation=1804 fresh=false modules=6 took_us=96
2026-09-25T22:43:17.183Z +47.589s DEBUG [graph] session=292bafc9 compiled generation=1805 fresh=false modules=6 took_us=72
2026-09-25T22:43:17.206Z +47.612s DEBUG [graph] session=292bafc9 compiled generation=1806 fresh=false modules=6 took_us=59
2026-09-25T22:43:17.230Z +47.636s DEBUG [graph] session=292bafc9 compiled generation=1807 fresh=false modules=6 took_us=42
2026-09-25T22:43:17.250Z +47.656s DEBUG [graph] session=292bafc9 compiled generation=1808 fresh=false modules=6 took_us=44
2026-09-25T22:43:17.270Z +47.676s DEBUG [graph] session=292bafc9 compiled generation=1809 fresh=false modules=6 took_us=42
2026-09-25T22:43:17.288Z +47.694s DEBUG [graph] session=292bafc9 compiled generation=1810 fresh=false modules=6 took_us=44
2026-09-25T22:43:17.308Z +47.714s DEBUG [graph] session=292bafc9 compiled generation=1811 fresh=false modules=6 took_us=44
2026-09-25T22:43:17.327Z +47.733s DEBUG [graph] session=292bafc9 compiled generation=1812 fresh=false modules=6 took_us=56
2026-09-25T22:43:17.345Z +47.751s DEBUG [graph] session=292bafc9 compiled generation=1813 fresh=false modules=6 took_us=53
2026-09-25T22:43:17.363Z +47.768s DEBUG [graph] session=292bafc9 compiled generation=1814 fresh=false modules=6 took_us=53
2026-09-25T22:43:17.378Z +47.784s DEBUG [graph] session=292bafc9 compiled generation=1815 fresh=false modules=6 took_us=50
2026-09-25T22:43:17.395Z +47.801s DEBUG [graph] session=292bafc9 compiled generation=1816 fresh=false modules=6 took_us=41
2026-09-25T22:43:17.416Z +47.822s DEBUG [graph] session=292bafc9 compiled generation=1817 fresh=false modules=6 took_us=50
2026-09-25T22:43:17.434Z +47.840s DEBUG [graph] session=292bafc9 compiled generation=1818 fresh=false modules=6 took_us=44
2026-09-25T22:43:17.454Z +47.859s DEBUG [graph] session=292bafc9 compiled generation=1819 fresh=false modules=6 took_us=51
2026-09-25T22:43:17.473Z +47.879s DEBUG [graph] session=292bafc9 compiled generation=1820 fresh=false modules=6 took_us=51
2026-09-25T22:43:17.492Z +47.898s DEBUG [graph] session=292bafc9 compiled generation=1821 fresh=false modules=6 took_us=51
2026-09-25T22:43:17.513Z +47.919s DEBUG [graph] session=292bafc9 compiled generation=1822 fresh=false modules=6 took_us=39
2026-09-25T22:43:17.529Z +47.935s DEBUG [graph] session=292bafc9 compiled generation=1823 fresh=false modules=6 took_us=42
2026-09-25T22:43:17.545Z +47.951s DEBUG [graph] session=292bafc9 compiled generation=1824 fresh=false modules=6 took_us=50
2026-09-25T22:43:17.565Z +47.971s DEBUG [graph] session=292bafc9 compiled generation=1825 fresh=false modules=6 took_us=66
2026-09-25T22:43:17.583Z +47.989s DEBUG [graph] session=292bafc9 compiled generation=1826 fresh=false modules=6 took_us=48
2026-09-25T22:43:17.605Z +48.011s DEBUG [graph] session=292bafc9 compiled generation=1827 fresh=false modules=6 took_us=49
2026-09-25T22:43:17.625Z +48.031s DEBUG [graph] session=292bafc9 compiled generation=1828 fresh=false modules=6 took_us=48
2026-09-25T22:43:17.650Z +48.056s DEBUG [graph] session=292bafc9 compiled generation=1829 fresh=false modules=6 took_us=49
2026-09-25T22:43:17.669Z +48.075s DEBUG [graph] session=292bafc9 compiled generation=1830 fresh=false modules=6 took_us=62
2026-09-25T22:43:17.690Z +48.096s DEBUG [graph] session=292bafc9 compiled generation=1831 fresh=false modules=6 took_us=51
2026-09-25T22:43:17.716Z +48.122s DEBUG [graph] session=292bafc9 compiled generation=1832 fresh=false modules=6 took_us=51
2026-09-25T22:43:17.734Z +48.140s DEBUG [graph] session=292bafc9 compiled generation=1833 fresh=false modules=6 took_us=50
2026-09-25T22:43:17.754Z +48.160s DEBUG [graph] session=292bafc9 compiled generation=1834 fresh=false modules=6 took_us=47
2026-09-25T22:43:17.777Z +48.183s DEBUG [graph] session=292bafc9 compiled generation=1835 fresh=false modules=6 took_us=104
2026-09-25T22:43:17.796Z +48.202s DEBUG [graph] session=292bafc9 compiled generation=1836 fresh=false modules=6 took_us=52
2026-09-25T22:43:17.816Z +48.222s DEBUG [graph] session=292bafc9 compiled generation=1837 fresh=false modules=6 took_us=60
2026-09-25T22:43:17.840Z +48.246s DEBUG [graph] session=292bafc9 compiled generation=1838 fresh=false modules=6 took_us=46
2026-09-25T22:43:17.861Z +48.267s DEBUG [graph] session=292bafc9 compiled generation=1839 fresh=false modules=6 took_us=51
2026-09-25T22:43:17.878Z +48.284s DEBUG [graph] session=292bafc9 compiled generation=1840 fresh=false modules=6 took_us=50
2026-09-25T22:43:17.899Z +48.305s DEBUG [graph] session=292bafc9 compiled generation=1841 fresh=false modules=6 took_us=45
2026-09-25T22:43:17.921Z +48.327s DEBUG [graph] session=292bafc9 compiled generation=1842 fresh=false modules=6 took_us=44
2026-09-25T22:43:17.941Z +48.346s DEBUG [graph] session=292bafc9 compiled generation=1843 fresh=false modules=6 took_us=78
2026-09-25T22:43:17.962Z +48.368s DEBUG [graph] session=292bafc9 compiled generation=1844 fresh=false modules=6 took_us=49
2026-09-25T22:43:17.983Z +48.389s DEBUG [graph] session=292bafc9 compiled generation=1845 fresh=false modules=6 took_us=56
2026-09-25T22:43:18.001Z +48.407s DEBUG [graph] session=292bafc9 compiled generation=1846 fresh=false modules=6 took_us=48
2026-09-25T22:43:18.023Z +48.429s DEBUG [graph] session=292bafc9 compiled generation=1847 fresh=false modules=6 took_us=53
2026-09-25T22:43:18.046Z +48.452s DEBUG [graph] session=292bafc9 compiled generation=1848 fresh=false modules=6 took_us=43
2026-09-25T22:43:18.071Z +48.477s DEBUG [graph] session=292bafc9 compiled generation=1849 fresh=false modules=6 took_us=51
2026-09-25T22:43:18.089Z +48.495s DEBUG [graph] session=292bafc9 compiled generation=1850 fresh=false modules=6 took_us=44
2026-09-25T22:43:18.112Z +48.518s DEBUG [graph] session=292bafc9 compiled generation=1851 fresh=false modules=6 took_us=52
2026-09-25T22:43:18.138Z +48.544s DEBUG [graph] session=292bafc9 compiled generation=1852 fresh=false modules=6 took_us=53
2026-09-25T22:43:18.157Z +48.562s DEBUG [graph] session=292bafc9 compiled generation=1853 fresh=false modules=6 took_us=44
2026-09-25T22:43:18.173Z +48.579s DEBUG [graph] session=292bafc9 compiled generation=1854 fresh=false modules=6 took_us=49
2026-09-25T22:43:18.191Z +48.597s DEBUG [graph] session=292bafc9 compiled generation=1855 fresh=false modules=6 took_us=51
2026-09-25T22:43:18.213Z +48.619s DEBUG [graph] session=292bafc9 compiled generation=1856 fresh=false modules=6 took_us=49
2026-09-25T22:43:18.231Z +48.637s DEBUG [graph] session=292bafc9 compiled generation=1857 fresh=false modules=6 took_us=52
2026-09-25T22:43:18.249Z +48.655s DEBUG [graph] session=292bafc9 compiled generation=1858 fresh=false modules=6 took_us=51
2026-09-25T22:43:18.268Z +48.674s DEBUG [graph] session=292bafc9 compiled generation=1859 fresh=false modules=6 took_us=41
2026-09-25T22:43:18.283Z +48.689s DEBUG [graph] session=292bafc9 compiled generation=1860 fresh=false modules=6 took_us=39
2026-09-25T22:43:18.301Z +48.707s DEBUG [graph] session=292bafc9 compiled generation=1861 fresh=false modules=6 took_us=50
2026-09-25T22:43:18.326Z +48.731s DEBUG [graph] session=292bafc9 compiled generation=1862 fresh=false modules=6 took_us=73
2026-09-25T22:43:18.345Z +48.751s DEBUG [graph] session=292bafc9 compiled generation=1863 fresh=false modules=6 took_us=44
2026-09-25T22:43:18.364Z +48.769s DEBUG [graph] session=292bafc9 compiled generation=1864 fresh=false modules=6 took_us=47
2026-09-25T22:43:18.382Z +48.788s DEBUG [graph] session=292bafc9 compiled generation=1865 fresh=false modules=6 took_us=44
2026-09-25T22:43:18.400Z +48.805s DEBUG [graph] session=292bafc9 compiled generation=1866 fresh=false modules=6 took_us=44
2026-09-25T22:43:18.421Z +48.827s DEBUG [graph] session=292bafc9 compiled generation=1867 fresh=false modules=6 took_us=140
2026-09-25T22:43:18.439Z +48.845s DEBUG [graph] session=292bafc9 compiled generation=1868 fresh=false modules=6 took_us=59
2026-09-25T22:43:18.461Z +48.867s DEBUG [graph] session=292bafc9 compiled generation=1869 fresh=false modules=6 took_us=51
2026-09-25T22:43:18.478Z +48.884s DEBUG [graph] session=292bafc9 compiled generation=1870 fresh=false modules=6 took_us=46
2026-09-25T22:43:18.495Z +48.901s DEBUG [graph] session=292bafc9 compiled generation=1871 fresh=false modules=6 took_us=49
2026-09-25T22:43:18.515Z +48.921s DEBUG [graph] session=292bafc9 compiled generation=1872 fresh=false modules=6 took_us=50
2026-09-25T22:43:18.535Z +48.941s DEBUG [graph] session=292bafc9 compiled generation=1873 fresh=false modules=6 took_us=49
2026-09-25T22:43:18.556Z +48.962s DEBUG [graph] session=292bafc9 compiled generation=1874 fresh=false modules=6 took_us=49
2026-09-25T22:43:18.575Z +48.981s DEBUG [graph] session=292bafc9 compiled generation=1875 fresh=false modules=6 took_us=53
2026-09-25T22:43:18.591Z +48.997s DEBUG [graph] session=292bafc9 compiled generation=1876 fresh=false modules=6 took_us=43
2026-09-25T22:43:18.610Z +49.016s DEBUG [graph] session=292bafc9 compiled generation=1877 fresh=false modules=6 took_us=61
2026-09-25T22:43:18.627Z +49.033s DEBUG [graph] session=292bafc9 compiled generation=1878 fresh=false modules=6 took_us=47
2026-09-25T22:43:18.648Z +49.054s DEBUG [graph] session=292bafc9 compiled generation=1879 fresh=false modules=6 took_us=46
2026-09-25T22:43:18.669Z +49.075s DEBUG [graph] session=292bafc9 compiled generation=1880 fresh=false modules=6 took_us=48
2026-09-25T22:43:18.686Z +49.092s DEBUG [graph] session=292bafc9 compiled generation=1881 fresh=false modules=6 took_us=49
2026-09-25T22:43:18.707Z +49.113s DEBUG [graph] session=292bafc9 compiled generation=1882 fresh=false modules=6 took_us=49
2026-09-25T22:43:18.725Z +49.130s DEBUG [graph] session=292bafc9 compiled generation=1883 fresh=false modules=6 took_us=67
2026-09-25T22:43:18.741Z +49.147s DEBUG [graph] session=292bafc9 compiled generation=1884 fresh=false modules=6 took_us=41
2026-09-25T22:43:18.758Z +49.163s DEBUG [graph] session=292bafc9 compiled generation=1885 fresh=false modules=6 took_us=40
2026-09-25T22:43:18.774Z +49.180s DEBUG [graph] session=292bafc9 compiled generation=1886 fresh=false modules=6 took_us=48
2026-09-25T22:43:18.793Z +49.199s DEBUG [graph] session=292bafc9 compiled generation=1887 fresh=false modules=6 took_us=43
2026-09-25T22:43:18.816Z +49.222s DEBUG [graph] session=292bafc9 compiled generation=1888 fresh=false modules=6 took_us=48
2026-09-25T22:43:18.833Z +49.239s DEBUG [graph] session=292bafc9 compiled generation=1889 fresh=false modules=6 took_us=44
2026-09-25T22:43:18.850Z +49.256s DEBUG [graph] session=292bafc9 compiled generation=1890 fresh=false modules=6 took_us=50
2026-09-25T22:43:18.867Z +49.273s DEBUG [graph] session=292bafc9 compiled generation=1891 fresh=false modules=6 took_us=100
2026-09-25T22:43:18.884Z +49.290s DEBUG [graph] session=292bafc9 compiled generation=1892 fresh=false modules=6 took_us=60
2026-09-25T22:43:18.902Z +49.307s DEBUG [graph] session=292bafc9 compiled generation=1893 fresh=false modules=6 took_us=49
2026-09-25T22:43:18.922Z +49.328s DEBUG [graph] session=292bafc9 compiled generation=1894 fresh=false modules=6 took_us=48
2026-09-25T22:43:18.938Z +49.344s DEBUG [graph] session=292bafc9 compiled generation=1895 fresh=false modules=6 took_us=44
2026-09-25T22:43:18.958Z +49.363s DEBUG [graph] session=292bafc9 compiled generation=1896 fresh=false modules=6 took_us=43
2026-09-25T22:43:18.974Z +49.380s DEBUG [graph] session=292bafc9 compiled generation=1897 fresh=false modules=6 took_us=48
2026-09-25T22:43:18.992Z +49.398s DEBUG [graph] session=292bafc9 compiled generation=1898 fresh=false modules=6 took_us=43
2026-09-25T22:43:19.016Z +49.422s DEBUG [graph] session=292bafc9 compiled generation=1899 fresh=false modules=6 took_us=44
2026-09-25T22:43:19.032Z +49.437s DEBUG [graph] session=292bafc9 compiled generation=1900 fresh=false modules=6 took_us=41
2026-09-25T22:43:19.049Z +49.455s DEBUG [graph] session=292bafc9 compiled generation=1901 fresh=false modules=6 took_us=49
2026-09-25T22:43:19.070Z +49.476s DEBUG [graph] session=292bafc9 compiled generation=1902 fresh=false modules=6 took_us=49
2026-09-25T22:43:19.090Z +49.496s DEBUG [graph] session=292bafc9 compiled generation=1903 fresh=false modules=6 took_us=45
2026-09-25T22:43:19.111Z +49.517s DEBUG [graph] session=292bafc9 compiled generation=1904 fresh=false modules=6 took_us=43
2026-09-25T22:43:19.127Z +49.533s DEBUG [graph] session=292bafc9 compiled generation=1905 fresh=false modules=6 took_us=43
2026-09-25T22:43:19.144Z +49.550s DEBUG [graph] session=292bafc9 compiled generation=1906 fresh=false modules=6 took_us=43
2026-09-25T22:43:19.163Z +49.569s DEBUG [graph] session=292bafc9 compiled generation=1907 fresh=false modules=6 took_us=87
2026-09-25T22:43:19.181Z +49.587s DEBUG [graph] session=292bafc9 compiled generation=1908 fresh=false modules=6 took_us=49
2026-09-25T22:43:19.199Z +49.605s DEBUG [graph] session=292bafc9 compiled generation=1909 fresh=false modules=6 took_us=52
2026-09-25T22:43:19.220Z +49.626s DEBUG [graph] session=292bafc9 compiled generation=1910 fresh=false modules=6 took_us=44
2026-09-25T22:43:19.236Z +49.642s DEBUG [graph] session=292bafc9 compiled generation=1911 fresh=false modules=6 took_us=46
2026-09-25T22:43:19.256Z +49.662s DEBUG [graph] session=292bafc9 compiled generation=1912 fresh=false modules=6 took_us=55
2026-09-25T22:43:19.273Z +49.679s DEBUG [graph] session=292bafc9 compiled generation=1913 fresh=false modules=6 took_us=43
2026-09-25T22:43:19.290Z +49.696s DEBUG [graph] session=292bafc9 compiled generation=1914 fresh=false modules=6 took_us=56
2026-09-25T22:43:19.312Z +49.718s DEBUG [graph] session=292bafc9 compiled generation=1915 fresh=false modules=6 took_us=44
2026-09-25T22:43:19.329Z +49.734s DEBUG [graph] session=292bafc9 compiled generation=1916 fresh=false modules=6 took_us=43
2026-09-25T22:43:19.345Z +49.751s DEBUG [graph] session=292bafc9 compiled generation=1917 fresh=false modules=6 took_us=46
2026-09-25T22:43:19.364Z +49.770s DEBUG [graph] session=292bafc9 compiled generation=1918 fresh=false modules=6 took_us=54
2026-09-25T22:43:19.379Z +49.785s DEBUG [graph] session=292bafc9 compiled generation=1919 fresh=false modules=6 took_us=45
2026-09-25T22:43:19.397Z +49.803s DEBUG [graph] session=292bafc9 compiled generation=1920 fresh=false modules=6 took_us=49
2026-09-25T22:43:19.418Z +49.824s DEBUG [graph] session=292bafc9 compiled generation=1921 fresh=false modules=6 took_us=61
2026-09-25T22:43:19.435Z +49.841s DEBUG [graph] session=292bafc9 compiled generation=1922 fresh=false modules=6 took_us=44
2026-09-25T22:43:19.458Z +49.863s DEBUG [graph] session=292bafc9 compiled generation=1923 fresh=false modules=6 took_us=50
2026-09-25T22:43:19.475Z +49.881s DEBUG [graph] session=292bafc9 compiled generation=1924 fresh=false modules=6 took_us=50
2026-09-25T22:43:19.493Z +49.899s DEBUG [graph] session=292bafc9 compiled generation=1925 fresh=false modules=6 took_us=45
2026-09-25T22:43:19.513Z +49.919s DEBUG [graph] session=292bafc9 compiled generation=1926 fresh=false modules=6 took_us=47
2026-09-25T22:43:19.535Z +49.941s DEBUG [graph] session=292bafc9 compiled generation=1927 fresh=false modules=6 took_us=61
2026-09-25T22:43:19.555Z +49.961s DEBUG [graph] session=292bafc9 compiled generation=1928 fresh=false modules=6 took_us=103
2026-09-25T22:43:19.578Z +49.984s DEBUG [graph] session=292bafc9 compiled generation=1929 fresh=false modules=6 took_us=66
2026-09-25T22:43:19.597Z +50.003s DEBUG [graph] session=292bafc9 compiled generation=1930 fresh=false modules=6 took_us=43
2026-09-25T22:43:19.618Z +50.024s DEBUG [graph] session=292bafc9 compiled generation=1931 fresh=false modules=6 took_us=44
2026-09-25T22:43:19.635Z +50.041s DEBUG [graph] session=292bafc9 compiled generation=1932 fresh=false modules=6 took_us=49
2026-09-25T22:43:19.661Z +50.067s DEBUG [graph] session=292bafc9 compiled generation=1933 fresh=false modules=6 took_us=44
2026-09-25T22:43:19.677Z +50.083s DEBUG [graph] session=292bafc9 compiled generation=1934 fresh=false modules=6 took_us=42
2026-09-25T22:43:19.695Z +50.101s DEBUG [graph] session=292bafc9 compiled generation=1935 fresh=false modules=6 took_us=43
2026-09-25T22:43:19.721Z +50.127s DEBUG [graph] session=292bafc9 compiled generation=1936 fresh=false modules=6 took_us=55
2026-09-25T22:43:19.741Z +50.147s DEBUG [graph] session=292bafc9 compiled generation=1937 fresh=false modules=6 took_us=43
2026-09-25T22:43:19.761Z +50.167s INFO  [audio.health] session=292bafc9 last 10.0s: xruns=0 late_executions=4 late_arrivals=154 callbacks=1877 worst_run_us=5568
2026-09-25T22:43:19.761Z +50.167s DEBUG [graph] session=292bafc9 compiled generation=1938 fresh=false modules=6 took_us=43
2026-09-25T22:43:19.784Z +50.190s DEBUG [graph] session=292bafc9 compiled generation=1939 fresh=false modules=6 took_us=57
2026-09-25T22:43:19.804Z +50.210s DEBUG [graph] session=292bafc9 compiled generation=1940 fresh=false modules=6 took_us=56
2026-09-25T22:43:19.825Z +50.231s DEBUG [graph] session=292bafc9 compiled generation=1941 fresh=false modules=6 took_us=43
2026-09-25T22:43:19.841Z +50.247s DEBUG [graph] session=292bafc9 compiled generation=1942 fresh=false modules=6 took_us=44
2026-09-25T22:43:19.858Z +50.264s DEBUG [graph] session=292bafc9 compiled generation=1943 fresh=false modules=6 took_us=42
2026-09-25T22:43:19.874Z +50.279s DEBUG [graph] session=292bafc9 compiled generation=1944 fresh=false modules=6 took_us=42
2026-09-25T22:43:19.889Z +50.295s DEBUG [graph] session=292bafc9 compiled generation=1945 fresh=false modules=6 took_us=41
2026-09-25T22:43:19.905Z +50.311s DEBUG [graph] session=292bafc9 compiled generation=1946 fresh=false modules=6 took_us=41
2026-09-25T22:43:19.925Z +50.331s DEBUG [graph] session=292bafc9 compiled generation=1947 fresh=false modules=6 took_us=41
2026-09-25T22:43:19.940Z +50.346s DEBUG [graph] session=292bafc9 compiled generation=1948 fresh=false modules=6 took_us=41
2026-09-25T22:43:19.960Z +50.366s DEBUG [graph] session=292bafc9 compiled generation=1949 fresh=false modules=6 took_us=44
2026-09-25T22:43:19.977Z +50.383s DEBUG [graph] session=292bafc9 compiled generation=1950 fresh=false modules=6 took_us=44
2026-09-25T22:43:19.993Z +50.399s DEBUG [graph] session=292bafc9 compiled generation=1951 fresh=false modules=6 took_us=46
2026-09-25T22:43:20.016Z +50.422s DEBUG [graph] session=292bafc9 compiled generation=1952 fresh=false modules=6 took_us=59
2026-09-25T22:43:20.034Z +50.439s DEBUG [graph] session=292bafc9 compiled generation=1953 fresh=false modules=6 took_us=79
2026-09-25T22:43:20.054Z +50.460s DEBUG [graph] session=292bafc9 compiled generation=1954 fresh=false modules=6 took_us=48
2026-09-25T22:43:20.072Z +50.478s DEBUG [graph] session=292bafc9 compiled generation=1955 fresh=false modules=6 took_us=50
2026-09-25T22:43:20.090Z +50.496s DEBUG [graph] session=292bafc9 compiled generation=1956 fresh=false modules=6 took_us=48
2026-09-25T22:43:20.110Z +50.516s DEBUG [graph] session=292bafc9 compiled generation=1957 fresh=false modules=6 took_us=50
2026-09-25T22:43:20.135Z +50.541s DEBUG [graph] session=292bafc9 compiled generation=1958 fresh=false modules=6 took_us=49
2026-09-25T22:43:20.157Z +50.563s DEBUG [graph] session=292bafc9 compiled generation=1959 fresh=false modules=6 took_us=51
2026-09-25T22:43:20.177Z +50.583s DEBUG [graph] session=292bafc9 compiled generation=1960 fresh=false modules=6 took_us=45
2026-09-25T22:43:20.195Z +50.600s DEBUG [graph] session=292bafc9 compiled generation=1961 fresh=false modules=6 took_us=83
2026-09-25T22:43:20.218Z +50.624s DEBUG [graph] session=292bafc9 compiled generation=1962 fresh=false modules=6 took_us=64
2026-09-25T22:43:20.234Z +50.640s DEBUG [graph] session=292bafc9 compiled generation=1963 fresh=false modules=6 took_us=49
2026-09-25T22:43:20.252Z +50.658s DEBUG [graph] session=292bafc9 compiled generation=1964 fresh=false modules=6 took_us=52
2026-09-25T22:43:20.272Z +50.678s DEBUG [graph] session=292bafc9 compiled generation=1965 fresh=false modules=6 took_us=52
2026-09-25T22:43:20.291Z +50.697s DEBUG [graph] session=292bafc9 compiled generation=1966 fresh=false modules=6 took_us=50
2026-09-25T22:43:20.314Z +50.720s DEBUG [graph] session=292bafc9 compiled generation=1967 fresh=false modules=6 took_us=43
2026-09-25T22:43:20.332Z +50.738s DEBUG [graph] session=292bafc9 compiled generation=1968 fresh=false modules=6 took_us=45
2026-09-25T22:43:20.355Z +50.761s DEBUG [graph] session=292bafc9 compiled generation=1969 fresh=false modules=6 took_us=50
2026-09-25T22:43:20.375Z +50.781s DEBUG [graph] session=292bafc9 compiled generation=1970 fresh=false modules=6 took_us=48
2026-09-25T22:43:20.396Z +50.802s DEBUG [graph] session=292bafc9 compiled generation=1971 fresh=false modules=6 took_us=50
2026-09-25T22:43:20.424Z +50.830s DEBUG [graph] session=292bafc9 compiled generation=1972 fresh=false modules=6 took_us=50
2026-09-25T22:43:20.446Z +50.852s DEBUG [graph] session=292bafc9 compiled generation=1973 fresh=false modules=6 took_us=59
2026-09-25T22:43:20.466Z +50.872s DEBUG [graph] session=292bafc9 compiled generation=1974 fresh=false modules=6 took_us=49
2026-09-25T22:43:20.484Z +50.890s DEBUG [graph] session=292bafc9 compiled generation=1975 fresh=false modules=6 took_us=51
2026-09-25T22:43:20.503Z +50.908s DEBUG [graph] session=292bafc9 compiled generation=1976 fresh=false modules=6 took_us=41
2026-09-25T22:43:20.526Z +50.932s DEBUG [graph] session=292bafc9 compiled generation=1977 fresh=false modules=6 took_us=50
2026-09-25T22:43:20.544Z +50.949s DEBUG [graph] session=292bafc9 compiled generation=1978 fresh=false modules=6 took_us=49
2026-09-25T22:43:20.564Z +50.969s DEBUG [graph] session=292bafc9 compiled generation=1979 fresh=false modules=6 took_us=73
2026-09-25T22:43:20.581Z +50.987s DEBUG [graph] session=292bafc9 compiled generation=1980 fresh=false modules=6 took_us=43
2026-09-25T22:43:20.599Z +51.004s DEBUG [graph] session=292bafc9 compiled generation=1981 fresh=false modules=6 took_us=50
2026-09-25T22:43:20.618Z +51.024s DEBUG [graph] session=292bafc9 compiled generation=1982 fresh=false modules=6 took_us=49
2026-09-25T22:43:20.636Z +51.042s DEBUG [graph] session=292bafc9 compiled generation=1983 fresh=false modules=6 took_us=41
2026-09-25T22:43:20.655Z +51.061s DEBUG [graph] session=292bafc9 compiled generation=1984 fresh=false modules=6 took_us=48
2026-09-25T22:43:20.673Z +51.079s DEBUG [graph] session=292bafc9 compiled generation=1985 fresh=false modules=6 took_us=48
2026-09-25T22:43:20.691Z +51.097s DEBUG [graph] session=292bafc9 compiled generation=1986 fresh=false modules=6 took_us=58
2026-09-25T22:43:20.713Z +51.119s DEBUG [graph] session=292bafc9 compiled generation=1987 fresh=false modules=6 took_us=42
2026-09-25T22:43:20.729Z +51.135s DEBUG [graph] session=292bafc9 compiled generation=1988 fresh=false modules=6 took_us=61
2026-09-25T22:43:20.749Z +51.155s DEBUG [graph] session=292bafc9 compiled generation=1989 fresh=false modules=6 took_us=49
2026-09-25T22:43:20.773Z +51.179s DEBUG [graph] session=292bafc9 compiled generation=1990 fresh=false modules=6 took_us=49
2026-09-25T22:43:20.795Z +51.201s DEBUG [graph] session=292bafc9 compiled generation=1991 fresh=false modules=6 took_us=51
2026-09-25T22:43:20.818Z +51.224s DEBUG [graph] session=292bafc9 compiled generation=1992 fresh=false modules=6 took_us=43
2026-09-25T22:43:20.834Z +51.240s DEBUG [graph] session=292bafc9 compiled generation=1993 fresh=false modules=6 took_us=44
2026-09-25T22:43:20.853Z +51.259s DEBUG [graph] session=292bafc9 compiled generation=1994 fresh=false modules=6 took_us=42
2026-09-25T22:43:20.874Z +51.280s DEBUG [graph] session=292bafc9 compiled generation=1995 fresh=false modules=6 took_us=42
2026-09-25T22:43:20.893Z +51.299s DEBUG [graph] session=292bafc9 compiled generation=1996 fresh=false modules=6 took_us=44
2026-09-25T22:43:20.910Z +51.315s DEBUG [graph] session=292bafc9 compiled generation=1997 fresh=false modules=6 took_us=70
2026-09-25T22:43:20.928Z +51.334s DEBUG [graph] session=292bafc9 compiled generation=1998 fresh=false modules=6 took_us=43
2026-09-25T22:43:20.945Z +51.351s DEBUG [graph] session=292bafc9 compiled generation=1999 fresh=false modules=6 took_us=45
2026-09-25T22:43:20.963Z +51.369s DEBUG [graph] session=292bafc9 compiled generation=2000 fresh=false modules=6 took_us=44
2026-09-25T22:43:20.980Z +51.385s DEBUG [graph] session=292bafc9 compiled generation=2001 fresh=false modules=6 took_us=61
2026-09-25T22:43:20.996Z +51.402s DEBUG [graph] session=292bafc9 compiled generation=2002 fresh=false modules=6 took_us=44
2026-09-25T22:43:21.016Z +51.422s DEBUG [graph] session=292bafc9 compiled generation=2003 fresh=false modules=6 took_us=50
2026-09-25T22:43:21.033Z +51.439s DEBUG [graph] session=292bafc9 compiled generation=2004 fresh=false modules=6 took_us=43
2026-09-25T22:43:21.050Z +51.456s DEBUG [graph] session=292bafc9 compiled generation=2005 fresh=false modules=6 took_us=40
2026-09-25T22:43:21.070Z +51.476s DEBUG [graph] session=292bafc9 compiled generation=2006 fresh=false modules=6 took_us=51
2026-09-25T22:43:21.089Z +51.494s DEBUG [graph] session=292bafc9 compiled generation=2007 fresh=false modules=6 took_us=43
2026-09-25T22:43:21.109Z +51.515s DEBUG [graph] session=292bafc9 compiled generation=2008 fresh=false modules=6 took_us=48
2026-09-25T22:43:21.129Z +51.535s DEBUG [graph] session=292bafc9 compiled generation=2009 fresh=false modules=6 took_us=49
2026-09-25T22:43:21.146Z +51.552s DEBUG [graph] session=292bafc9 compiled generation=2010 fresh=false modules=6 took_us=49
2026-09-25T22:43:21.167Z +51.572s DEBUG [graph] session=292bafc9 compiled generation=2011 fresh=false modules=6 took_us=54
2026-09-25T22:43:21.185Z +51.591s DEBUG [graph] session=292bafc9 compiled generation=2012 fresh=false modules=6 took_us=89
2026-09-25T22:43:21.211Z +51.617s DEBUG [graph] session=292bafc9 compiled generation=2013 fresh=false modules=6 took_us=50
2026-09-25T22:43:21.232Z +51.638s DEBUG [graph] session=292bafc9 compiled generation=2014 fresh=false modules=6 took_us=54
2026-09-25T22:43:21.254Z +51.660s DEBUG [graph] session=292bafc9 compiled generation=2015 fresh=false modules=6 took_us=49
2026-09-25T22:43:21.274Z +51.680s DEBUG [graph] session=292bafc9 compiled generation=2016 fresh=false modules=6 took_us=44
2026-09-25T22:43:21.291Z +51.697s DEBUG [graph] session=292bafc9 compiled generation=2017 fresh=false modules=6 took_us=44
2026-09-25T22:43:21.309Z +51.715s DEBUG [graph] session=292bafc9 compiled generation=2018 fresh=false modules=6 took_us=45
2026-09-25T22:43:21.328Z +51.734s DEBUG [graph] session=292bafc9 compiled generation=2019 fresh=false modules=6 took_us=41
2026-09-25T22:43:21.345Z +51.750s DEBUG [graph] session=292bafc9 compiled generation=2020 fresh=false modules=6 took_us=68
2026-09-25T22:43:21.365Z +51.770s DEBUG [graph] session=292bafc9 compiled generation=2021 fresh=false modules=6 took_us=46
2026-09-25T22:43:21.385Z +51.791s DEBUG [graph] session=292bafc9 compiled generation=2022 fresh=false modules=6 took_us=54
2026-09-25T22:43:21.405Z +51.810s DEBUG [graph] session=292bafc9 compiled generation=2023 fresh=false modules=6 took_us=44
2026-09-25T22:43:21.426Z +51.832s DEBUG [graph] session=292bafc9 compiled generation=2024 fresh=false modules=6 took_us=48
2026-09-25T22:43:21.444Z +51.850s DEBUG [graph] session=292bafc9 compiled generation=2025 fresh=false modules=6 took_us=51
2026-09-25T22:43:21.466Z +51.872s DEBUG [graph] session=292bafc9 compiled generation=2026 fresh=false modules=6 took_us=50
2026-09-25T22:43:21.485Z +51.891s DEBUG [graph] session=292bafc9 compiled generation=2027 fresh=false modules=6 took_us=55
2026-09-25T22:43:21.506Z +51.912s DEBUG [graph] session=292bafc9 compiled generation=2028 fresh=false modules=6 took_us=49
2026-09-25T22:43:21.527Z +51.933s DEBUG [graph] session=292bafc9 compiled generation=2029 fresh=false modules=6 took_us=51
2026-09-25T22:43:21.548Z +51.954s DEBUG [graph] session=292bafc9 compiled generation=2030 fresh=false modules=6 took_us=49
2026-09-25T22:43:21.569Z +51.975s DEBUG [graph] session=292bafc9 compiled generation=2031 fresh=false modules=6 took_us=50
2026-09-25T22:43:21.587Z +51.993s DEBUG [graph] session=292bafc9 compiled generation=2032 fresh=false modules=6 took_us=104
2026-09-25T22:43:21.606Z +52.012s DEBUG [graph] session=292bafc9 compiled generation=2033 fresh=false modules=6 took_us=41
2026-09-25T22:43:21.628Z +52.034s DEBUG [graph] session=292bafc9 compiled generation=2034 fresh=false modules=6 took_us=39
2026-09-25T22:43:21.645Z +52.051s DEBUG [graph] session=292bafc9 compiled generation=2035 fresh=false modules=6 took_us=49
2026-09-25T22:43:21.666Z +52.072s DEBUG [graph] session=292bafc9 compiled generation=2036 fresh=false modules=6 took_us=51
2026-09-25T22:43:21.690Z +52.096s DEBUG [graph] session=292bafc9 compiled generation=2037 fresh=false modules=6 took_us=50
2026-09-25T22:43:21.714Z +52.120s DEBUG [graph] session=292bafc9 compiled generation=2038 fresh=false modules=6 took_us=64
2026-09-25T22:43:21.736Z +52.142s DEBUG [graph] session=292bafc9 compiled generation=2039 fresh=false modules=6 took_us=49
2026-09-25T22:43:21.760Z +52.166s DEBUG [graph] session=292bafc9 compiled generation=2040 fresh=false modules=6 took_us=57
2026-09-25T22:43:21.778Z +52.184s DEBUG [graph] session=292bafc9 compiled generation=2041 fresh=false modules=6 took_us=52
2026-09-25T22:43:21.797Z +52.203s DEBUG [graph] session=292bafc9 compiled generation=2042 fresh=false modules=6 took_us=67
2026-09-25T22:43:21.821Z +52.227s DEBUG [graph] session=292bafc9 compiled generation=2043 fresh=false modules=6 took_us=48
2026-09-25T22:43:21.839Z +52.245s DEBUG [graph] session=292bafc9 compiled generation=2044 fresh=false modules=6 took_us=43
2026-09-25T22:43:21.862Z +52.268s DEBUG [graph] session=292bafc9 compiled generation=2045 fresh=false modules=6 took_us=43
2026-09-25T22:43:21.879Z +52.285s DEBUG [graph] session=292bafc9 compiled generation=2046 fresh=false modules=6 took_us=40
2026-09-25T22:43:21.901Z +52.307s DEBUG [graph] session=292bafc9 compiled generation=2047 fresh=false modules=6 took_us=54
2026-09-25T22:43:21.923Z +52.329s DEBUG [graph] session=292bafc9 compiled generation=2048 fresh=false modules=6 took_us=43
2026-09-25T22:43:21.939Z +52.345s DEBUG [graph] session=292bafc9 compiled generation=2049 fresh=false modules=6 took_us=46
2026-09-25T22:43:21.960Z +52.365s DEBUG [graph] session=292bafc9 compiled generation=2050 fresh=false modules=6 took_us=46
2026-09-25T22:43:21.976Z +52.382s DEBUG [graph] session=292bafc9 compiled generation=2051 fresh=false modules=6 took_us=46
2026-09-25T22:43:21.993Z +52.399s DEBUG [graph] session=292bafc9 compiled generation=2052 fresh=false modules=6 took_us=47
2026-09-25T22:43:22.016Z +52.421s DEBUG [graph] session=292bafc9 compiled generation=2053 fresh=false modules=6 took_us=49
2026-09-25T22:43:22.033Z +52.439s DEBUG [graph] session=292bafc9 compiled generation=2054 fresh=false modules=6 took_us=46
2026-09-25T22:43:22.051Z +52.457s DEBUG [graph] session=292bafc9 compiled generation=2055 fresh=false modules=6 took_us=45
2026-09-25T22:43:22.068Z +52.473s DEBUG [graph] session=292bafc9 compiled generation=2056 fresh=false modules=6 took_us=45
2026-09-25T22:43:22.085Z +52.491s DEBUG [graph] session=292bafc9 compiled generation=2057 fresh=false modules=6 took_us=45
2026-09-25T22:43:22.102Z +52.508s DEBUG [graph] session=292bafc9 compiled generation=2058 fresh=false modules=6 took_us=47
2026-09-25T22:43:22.125Z +52.531s DEBUG [graph] session=292bafc9 compiled generation=2059 fresh=false modules=6 took_us=50
2026-09-25T22:43:22.142Z +52.548s DEBUG [graph] session=292bafc9 compiled generation=2060 fresh=false modules=6 took_us=50
2026-09-25T22:43:22.163Z +52.569s DEBUG [graph] session=292bafc9 compiled generation=2061 fresh=false modules=6 took_us=50
2026-09-25T22:43:22.180Z +52.586s DEBUG [graph] session=292bafc9 compiled generation=2062 fresh=false modules=6 took_us=50
2026-09-25T22:43:22.198Z +52.604s DEBUG [graph] session=292bafc9 compiled generation=2063 fresh=false modules=6 took_us=51
2026-09-25T22:43:22.221Z +52.627s DEBUG [graph] session=292bafc9 compiled generation=2064 fresh=false modules=6 took_us=48
2026-09-25T22:43:22.238Z +52.644s DEBUG [graph] session=292bafc9 compiled generation=2065 fresh=false modules=6 took_us=49
2026-09-25T22:43:22.259Z +52.665s DEBUG [graph] session=292bafc9 compiled generation=2066 fresh=false modules=6 took_us=45
2026-09-25T22:43:22.275Z +52.681s DEBUG [graph] session=292bafc9 compiled generation=2067 fresh=false modules=6 took_us=45
2026-09-25T22:43:22.291Z +52.696s DEBUG [graph] session=292bafc9 compiled generation=2068 fresh=false modules=6 took_us=45
2026-09-25T22:43:22.312Z +52.718s DEBUG [graph] session=292bafc9 compiled generation=2069 fresh=false modules=6 took_us=48
2026-09-25T22:43:22.330Z +52.735s DEBUG [graph] session=292bafc9 compiled generation=2070 fresh=false modules=6 took_us=47
2026-09-25T22:43:22.346Z +52.752s DEBUG [graph] session=292bafc9 compiled generation=2071 fresh=false modules=6 took_us=49
2026-09-25T22:43:22.367Z +52.773s DEBUG [graph] session=292bafc9 compiled generation=2072 fresh=false modules=6 took_us=48
2026-09-25T22:43:22.386Z +52.792s DEBUG [graph] session=292bafc9 compiled generation=2073 fresh=false modules=6 took_us=46
2026-09-25T22:43:22.406Z +52.812s DEBUG [graph] session=292bafc9 compiled generation=2074 fresh=false modules=6 took_us=50
2026-09-25T22:43:22.428Z +52.834s DEBUG [graph] session=292bafc9 compiled generation=2075 fresh=false modules=6 took_us=52
2026-09-25T22:43:22.451Z +52.857s DEBUG [graph] session=292bafc9 compiled generation=2076 fresh=false modules=6 took_us=48
2026-09-25T22:43:22.477Z +52.883s DEBUG [graph] session=292bafc9 compiled generation=2077 fresh=false modules=6 took_us=65
2026-09-25T22:43:22.501Z +52.907s DEBUG [graph] session=292bafc9 compiled generation=2078 fresh=false modules=6 took_us=46
2026-09-25T22:43:22.526Z +52.932s DEBUG [graph] session=292bafc9 compiled generation=2079 fresh=false modules=6 took_us=64
2026-09-25T22:43:22.549Z +52.955s DEBUG [graph] session=292bafc9 compiled generation=2080 fresh=false modules=6 took_us=107
2026-09-25T22:43:22.567Z +52.973s DEBUG [graph] session=292bafc9 compiled generation=2081 fresh=false modules=6 took_us=46
2026-09-25T22:43:22.585Z +52.991s DEBUG [graph] session=292bafc9 compiled generation=2082 fresh=false modules=6 took_us=52
2026-09-25T22:43:22.601Z +53.007s DEBUG [graph] session=292bafc9 compiled generation=2083 fresh=false modules=6 took_us=44
2026-09-25T22:43:22.621Z +53.027s DEBUG [graph] session=292bafc9 compiled generation=2084 fresh=false modules=6 took_us=44
2026-09-25T22:43:22.638Z +53.044s DEBUG [graph] session=292bafc9 compiled generation=2085 fresh=false modules=6 took_us=43
2026-09-25T22:43:22.658Z +53.063s DEBUG [graph] session=292bafc9 compiled generation=2086 fresh=false modules=6 took_us=73
2026-09-25T22:43:22.678Z +53.084s DEBUG [graph] session=292bafc9 compiled generation=2087 fresh=false modules=6 took_us=45
2026-09-25T22:43:22.697Z +53.103s DEBUG [graph] session=292bafc9 compiled generation=2088 fresh=false modules=6 took_us=49
2026-09-25T22:43:22.720Z +53.126s DEBUG [graph] session=292bafc9 compiled generation=2089 fresh=false modules=6 took_us=52
2026-09-25T22:43:22.737Z +53.143s DEBUG [graph] session=292bafc9 compiled generation=2090 fresh=false modules=6 took_us=51
2026-09-25T22:43:22.758Z +53.164s DEBUG [graph] session=292bafc9 compiled generation=2091 fresh=false modules=6 took_us=43
2026-09-25T22:43:22.775Z +53.181s DEBUG [graph] session=292bafc9 compiled generation=2092 fresh=false modules=6 took_us=49
2026-09-25T22:43:22.796Z +53.202s DEBUG [graph] session=292bafc9 compiled generation=2093 fresh=false modules=6 took_us=59
2026-09-25T22:43:22.822Z +53.228s DEBUG [graph] session=292bafc9 compiled generation=2094 fresh=false modules=6 took_us=46
2026-09-25T22:43:22.840Z +53.246s DEBUG [graph] session=292bafc9 compiled generation=2095 fresh=false modules=6 took_us=45
2026-09-25T22:43:22.862Z +53.267s DEBUG [graph] session=292bafc9 compiled generation=2096 fresh=false modules=6 took_us=45
2026-09-25T22:43:22.879Z +53.285s DEBUG [graph] session=292bafc9 compiled generation=2097 fresh=false modules=6 took_us=59
2026-09-25T22:43:22.897Z +53.303s DEBUG [graph] session=292bafc9 compiled generation=2098 fresh=false modules=6 took_us=49
2026-09-25T22:43:22.918Z +53.324s DEBUG [graph] session=292bafc9 compiled generation=2099 fresh=false modules=6 took_us=69
2026-09-25T22:43:22.935Z +53.341s DEBUG [graph] session=292bafc9 compiled generation=2100 fresh=false modules=6 took_us=42
2026-09-25T22:43:22.952Z +53.358s DEBUG [graph] session=292bafc9 compiled generation=2101 fresh=false modules=6 took_us=45
2026-09-25T22:43:22.970Z +53.376s DEBUG [graph] session=292bafc9 compiled generation=2102 fresh=false modules=6 took_us=40
2026-09-25T22:43:22.988Z +53.394s DEBUG [graph] session=292bafc9 compiled generation=2103 fresh=false modules=6 took_us=48
2026-09-25T22:43:23.008Z +53.414s DEBUG [graph] session=292bafc9 compiled generation=2104 fresh=false modules=6 took_us=45
2026-09-25T22:43:23.028Z +53.434s DEBUG [graph] session=292bafc9 compiled generation=2105 fresh=false modules=6 took_us=46
2026-09-25T22:43:23.046Z +53.452s DEBUG [graph] session=292bafc9 compiled generation=2106 fresh=false modules=6 took_us=46
2026-09-25T22:43:23.069Z +53.475s DEBUG [graph] session=292bafc9 compiled generation=2107 fresh=false modules=6 took_us=44
2026-09-25T22:43:23.087Z +53.493s DEBUG [graph] session=292bafc9 compiled generation=2108 fresh=false modules=6 took_us=44
2026-09-25T22:43:23.113Z +53.519s DEBUG [graph] session=292bafc9 compiled generation=2109 fresh=false modules=6 took_us=66
2026-09-25T22:43:23.135Z +53.541s DEBUG [graph] session=292bafc9 compiled generation=2110 fresh=false modules=6 took_us=47
2026-09-25T22:43:23.152Z +53.558s DEBUG [graph] session=292bafc9 compiled generation=2111 fresh=false modules=6 took_us=54
2026-09-25T22:43:23.170Z +53.576s DEBUG [graph] session=292bafc9 compiled generation=2112 fresh=false modules=6 took_us=44
2026-09-25T22:43:23.187Z +53.593s DEBUG [graph] session=292bafc9 compiled generation=2113 fresh=false modules=6 took_us=42
2026-09-25T22:43:23.203Z +53.609s DEBUG [graph] session=292bafc9 compiled generation=2114 fresh=false modules=6 took_us=40
2026-09-25T22:43:23.219Z +53.625s DEBUG [graph] session=292bafc9 compiled generation=2115 fresh=false modules=6 took_us=94
2026-09-25T22:43:23.236Z +53.642s DEBUG [graph] session=292bafc9 compiled generation=2116 fresh=false modules=6 took_us=50
2026-09-25T22:43:23.258Z +53.664s DEBUG [graph] session=292bafc9 compiled generation=2117 fresh=false modules=6 took_us=70
2026-09-25T22:43:23.277Z +53.683s DEBUG [graph] session=292bafc9 compiled generation=2118 fresh=false modules=6 took_us=51
2026-09-25T22:43:23.294Z +53.700s DEBUG [graph] session=292bafc9 compiled generation=2119 fresh=false modules=6 took_us=45
2026-09-25T22:43:23.316Z +53.722s DEBUG [graph] session=292bafc9 compiled generation=2120 fresh=false modules=6 took_us=51
2026-09-25T22:43:23.334Z +53.739s DEBUG [graph] session=292bafc9 compiled generation=2121 fresh=false modules=6 took_us=48
2026-09-25T22:43:23.353Z +53.759s DEBUG [graph] session=292bafc9 compiled generation=2122 fresh=false modules=6 took_us=42
2026-09-25T22:43:23.371Z +53.777s DEBUG [graph] session=292bafc9 compiled generation=2123 fresh=false modules=6 took_us=42
2026-09-25T22:43:23.387Z +53.793s DEBUG [graph] session=292bafc9 compiled generation=2124 fresh=false modules=6 took_us=44
2026-09-25T22:43:23.405Z +53.810s DEBUG [graph] session=292bafc9 compiled generation=2125 fresh=false modules=6 took_us=67
2026-09-25T22:43:23.427Z +53.832s DEBUG [graph] session=292bafc9 compiled generation=2126 fresh=false modules=6 took_us=99
2026-09-25T22:43:23.445Z +53.851s DEBUG [graph] session=292bafc9 compiled generation=2127 fresh=false modules=6 took_us=54
2026-09-25T22:43:23.466Z +53.872s DEBUG [graph] session=292bafc9 compiled generation=2128 fresh=false modules=6 took_us=59
2026-09-25T22:43:23.486Z +53.891s DEBUG [graph] session=292bafc9 compiled generation=2129 fresh=false modules=6 took_us=44
2026-09-25T22:43:23.507Z +53.913s DEBUG [graph] session=292bafc9 compiled generation=2130 fresh=false modules=6 took_us=43
2026-09-25T22:43:23.527Z +53.933s DEBUG [graph] session=292bafc9 compiled generation=2131 fresh=false modules=6 took_us=63
2026-09-25T22:43:23.544Z +53.950s DEBUG [graph] session=292bafc9 compiled generation=2132 fresh=false modules=6 took_us=50
2026-09-25T22:43:23.564Z +53.970s DEBUG [graph] session=292bafc9 compiled generation=2133 fresh=false modules=6 took_us=49
2026-09-25T22:43:23.582Z +53.988s DEBUG [graph] session=292bafc9 compiled generation=2134 fresh=false modules=6 took_us=49
2026-09-25T22:43:23.600Z +54.006s DEBUG [graph] session=292bafc9 compiled generation=2135 fresh=false modules=6 took_us=50
2026-09-25T22:43:23.619Z +54.025s DEBUG [graph] session=292bafc9 compiled generation=2136 fresh=false modules=6 took_us=49
2026-09-25T22:43:23.636Z +54.042s DEBUG [graph] session=292bafc9 compiled generation=2137 fresh=false modules=6 took_us=48
2026-09-25T22:43:23.658Z +54.063s DEBUG [graph] session=292bafc9 compiled generation=2138 fresh=false modules=6 took_us=49
2026-09-25T22:43:23.676Z +54.082s DEBUG [graph] session=292bafc9 compiled generation=2139 fresh=false modules=6 took_us=52
2026-09-25T22:43:23.693Z +54.099s DEBUG [graph] session=292bafc9 compiled generation=2140 fresh=false modules=6 took_us=59
2026-09-25T22:43:23.715Z +54.121s DEBUG [graph] session=292bafc9 compiled generation=2141 fresh=false modules=6 took_us=48
2026-09-25T22:43:23.734Z +54.140s DEBUG [graph] session=292bafc9 compiled generation=2142 fresh=false modules=6 took_us=48
2026-09-25T22:43:23.754Z +54.159s DEBUG [graph] session=292bafc9 compiled generation=2143 fresh=false modules=6 took_us=82
2026-09-25T22:43:23.772Z +54.178s DEBUG [graph] session=292bafc9 compiled generation=2144 fresh=false modules=6 took_us=62
2026-09-25T22:43:23.791Z +54.196s DEBUG [graph] session=292bafc9 compiled generation=2145 fresh=false modules=6 took_us=48
2026-09-25T22:43:23.810Z +54.216s DEBUG [graph] session=292bafc9 compiled generation=2146 fresh=false modules=6 took_us=48
2026-09-25T22:43:23.831Z +54.237s DEBUG [graph] session=292bafc9 compiled generation=2147 fresh=false modules=6 took_us=49
2026-09-25T22:43:23.850Z +54.256s DEBUG [graph] session=292bafc9 compiled generation=2148 fresh=false modules=6 took_us=44
2026-09-25T22:43:23.866Z +54.272s DEBUG [graph] session=292bafc9 compiled generation=2149 fresh=false modules=6 took_us=48
2026-09-25T22:43:23.884Z +54.290s DEBUG [graph] session=292bafc9 compiled generation=2150 fresh=false modules=6 took_us=46
2026-09-25T22:43:23.901Z +54.307s DEBUG [graph] session=292bafc9 compiled generation=2151 fresh=false modules=6 took_us=47
2026-09-25T22:43:23.925Z +54.331s DEBUG [graph] session=292bafc9 compiled generation=2152 fresh=false modules=6 took_us=46
2026-09-25T22:43:23.942Z +54.348s DEBUG [graph] session=292bafc9 compiled generation=2153 fresh=false modules=6 took_us=47
2026-09-25T22:43:23.965Z +54.371s DEBUG [graph] session=292bafc9 compiled generation=2154 fresh=false modules=6 took_us=49
2026-09-25T22:43:23.983Z +54.389s DEBUG [graph] session=292bafc9 compiled generation=2155 fresh=false modules=6 took_us=50
2026-09-25T22:43:24.004Z +54.410s DEBUG [graph] session=292bafc9 compiled generation=2156 fresh=false modules=6 took_us=46
2026-09-25T22:43:24.020Z +54.426s DEBUG [graph] session=292bafc9 compiled generation=2157 fresh=false modules=6 took_us=45
2026-09-25T22:43:24.037Z +54.442s DEBUG [graph] session=292bafc9 compiled generation=2158 fresh=false modules=6 took_us=68
2026-09-25T22:43:24.058Z +54.464s DEBUG [graph] session=292bafc9 compiled generation=2159 fresh=false modules=6 took_us=54
2026-09-25T22:43:24.076Z +54.482s DEBUG [graph] session=292bafc9 compiled generation=2160 fresh=false modules=6 took_us=46
2026-09-25T22:43:24.093Z +54.499s DEBUG [graph] session=292bafc9 compiled generation=2161 fresh=false modules=6 took_us=48
2026-09-25T22:43:24.114Z +54.520s DEBUG [graph] session=292bafc9 compiled generation=2162 fresh=false modules=6 took_us=45
2026-09-25T22:43:24.131Z +54.536s DEBUG [graph] session=292bafc9 compiled generation=2163 fresh=false modules=6 took_us=68
2026-09-25T22:43:24.148Z +54.554s DEBUG [graph] session=292bafc9 compiled generation=2164 fresh=false modules=6 took_us=42
2026-09-25T22:43:24.167Z +54.573s DEBUG [graph] session=292bafc9 compiled generation=2165 fresh=false modules=6 took_us=58
2026-09-25T22:43:24.187Z +54.593s DEBUG [graph] session=292bafc9 compiled generation=2166 fresh=false modules=6 took_us=163
2026-09-25T22:43:24.209Z +54.615s DEBUG [graph] session=292bafc9 compiled generation=2167 fresh=false modules=6 took_us=47
2026-09-25T22:43:24.231Z +54.637s DEBUG [graph] session=292bafc9 compiled generation=2168 fresh=false modules=6 took_us=45
2026-09-25T22:43:24.249Z +54.655s DEBUG [graph] session=292bafc9 compiled generation=2169 fresh=false modules=6 took_us=44
2026-09-25T22:43:24.272Z +54.678s DEBUG [graph] session=292bafc9 compiled generation=2170 fresh=false modules=6 took_us=46
2026-09-25T22:43:24.289Z +54.695s DEBUG [graph] session=292bafc9 compiled generation=2171 fresh=false modules=6 took_us=44
2026-09-25T22:43:24.312Z +54.717s DEBUG [graph] session=292bafc9 compiled generation=2172 fresh=false modules=6 took_us=64
2026-09-25T22:43:24.327Z +54.733s DEBUG [graph] session=292bafc9 compiled generation=2173 fresh=false modules=6 took_us=45
2026-09-25T22:43:24.344Z +54.750s DEBUG [graph] session=292bafc9 compiled generation=2174 fresh=false modules=6 took_us=45
2026-09-25T22:43:24.361Z +54.767s DEBUG [graph] session=292bafc9 compiled generation=2175 fresh=false modules=6 took_us=46
2026-09-25T22:43:24.377Z +54.783s DEBUG [graph] session=292bafc9 compiled generation=2176 fresh=false modules=6 took_us=44
2026-09-25T22:43:24.393Z +54.799s DEBUG [graph] session=292bafc9 compiled generation=2177 fresh=false modules=6 took_us=49
2026-09-25T22:43:24.411Z +54.817s DEBUG [graph] session=292bafc9 compiled generation=2178 fresh=false modules=6 took_us=48
2026-09-25T22:43:24.430Z +54.836s DEBUG [graph] session=292bafc9 compiled generation=2179 fresh=false modules=6 took_us=46
2026-09-25T22:43:24.451Z +54.857s DEBUG [graph] session=292bafc9 compiled generation=2180 fresh=false modules=6 took_us=778
2026-09-25T22:43:24.470Z +54.876s DEBUG [graph] session=292bafc9 compiled generation=2181 fresh=false modules=6 took_us=48
2026-09-25T22:43:24.488Z +54.894s DEBUG [graph] session=292bafc9 compiled generation=2182 fresh=false modules=6 took_us=47
2026-09-25T22:43:24.513Z +54.919s DEBUG [graph] session=292bafc9 compiled generation=2183 fresh=false modules=6 took_us=47
2026-09-25T22:43:24.530Z +54.936s DEBUG [graph] session=292bafc9 compiled generation=2184 fresh=false modules=6 took_us=46
2026-09-25T22:43:24.550Z +54.955s DEBUG [graph] session=292bafc9 compiled generation=2185 fresh=false modules=6 took_us=51
2026-09-25T22:43:24.569Z +54.975s DEBUG [graph] session=292bafc9 compiled generation=2186 fresh=false modules=6 took_us=48
2026-09-25T22:43:24.587Z +54.993s DEBUG [graph] session=292bafc9 compiled generation=2187 fresh=false modules=6 took_us=50
2026-09-25T22:43:24.604Z +55.010s DEBUG [graph] session=292bafc9 compiled generation=2188 fresh=false modules=6 took_us=47
2026-09-25T22:43:24.627Z +55.033s DEBUG [graph] session=292bafc9 compiled generation=2189 fresh=false modules=6 took_us=47
2026-09-25T22:43:24.644Z +55.050s DEBUG [graph] session=292bafc9 compiled generation=2190 fresh=false modules=6 took_us=48
2026-09-25T22:43:24.666Z +55.071s DEBUG [graph] session=292bafc9 compiled generation=2191 fresh=false modules=6 took_us=48
2026-09-25T22:43:24.685Z +55.091s DEBUG [graph] session=292bafc9 compiled generation=2192 fresh=false modules=6 took_us=46
2026-09-25T22:43:24.704Z +55.110s DEBUG [graph] session=292bafc9 compiled generation=2193 fresh=false modules=6 took_us=44
2026-09-25T22:43:24.724Z +55.130s DEBUG [graph] session=292bafc9 compiled generation=2194 fresh=false modules=6 took_us=48
2026-09-25T22:43:24.745Z +55.150s DEBUG [graph] session=292bafc9 compiled generation=2195 fresh=false modules=6 took_us=47
2026-09-25T22:43:24.765Z +55.171s DEBUG [graph] session=292bafc9 compiled generation=2196 fresh=false modules=6 took_us=49
2026-09-25T22:43:24.784Z +55.190s DEBUG [graph] session=292bafc9 compiled generation=2197 fresh=false modules=6 took_us=52
2026-09-25T22:43:24.802Z +55.208s DEBUG [graph] session=292bafc9 compiled generation=2198 fresh=false modules=6 took_us=49
2026-09-25T22:43:24.822Z +55.227s DEBUG [graph] session=292bafc9 compiled generation=2199 fresh=false modules=6 took_us=74
2026-09-25T22:43:24.838Z +55.244s DEBUG [graph] session=292bafc9 compiled generation=2200 fresh=false modules=6 took_us=44
2026-09-25T22:43:24.857Z +55.263s DEBUG [graph] session=292bafc9 compiled generation=2201 fresh=false modules=6 took_us=63
2026-09-25T22:43:24.876Z +55.281s DEBUG [graph] session=292bafc9 compiled generation=2202 fresh=false modules=6 took_us=56
2026-09-25T22:43:24.893Z +55.298s DEBUG [graph] session=292bafc9 compiled generation=2203 fresh=false modules=6 took_us=46
2026-09-25T22:43:24.910Z +55.316s DEBUG [graph] session=292bafc9 compiled generation=2204 fresh=false modules=6 took_us=43
2026-09-25T22:43:24.931Z +55.337s DEBUG [graph] session=292bafc9 compiled generation=2205 fresh=false modules=6 took_us=50
2026-09-25T22:43:24.950Z +55.356s DEBUG [graph] session=292bafc9 compiled generation=2206 fresh=false modules=6 took_us=51
2026-09-25T22:43:24.972Z +55.378s DEBUG [graph] session=292bafc9 compiled generation=2207 fresh=false modules=6 took_us=51
2026-09-25T22:43:24.992Z +55.398s DEBUG [graph] session=292bafc9 compiled generation=2208 fresh=false modules=6 took_us=48
2026-09-25T22:43:25.010Z +55.416s DEBUG [graph] session=292bafc9 compiled generation=2209 fresh=false modules=6 took_us=51
2026-09-25T22:43:25.033Z +55.439s DEBUG [graph] session=292bafc9 compiled generation=2210 fresh=false modules=6 took_us=53
2026-09-25T22:43:25.049Z +55.455s DEBUG [graph] session=292bafc9 compiled generation=2211 fresh=false modules=6 took_us=41
2026-09-25T22:43:25.066Z +55.472s DEBUG [graph] session=292bafc9 compiled generation=2212 fresh=false modules=6 took_us=50
2026-09-25T22:43:25.087Z +55.493s DEBUG [graph] session=292bafc9 compiled generation=2213 fresh=false modules=6 took_us=50
2026-09-25T22:43:25.106Z +55.512s DEBUG [graph] session=292bafc9 compiled generation=2214 fresh=false modules=6 took_us=51
2026-09-25T22:43:25.127Z +55.532s DEBUG [graph] session=292bafc9 compiled generation=2215 fresh=false modules=6 took_us=82
2026-09-25T22:43:25.143Z +55.549s DEBUG [graph] session=292bafc9 compiled generation=2216 fresh=false modules=6 took_us=49
2026-09-25T22:43:25.165Z +55.570s DEBUG [graph] session=292bafc9 compiled generation=2217 fresh=false modules=6 took_us=69
2026-09-25T22:43:25.182Z +55.587s DEBUG [graph] session=292bafc9 compiled generation=2218 fresh=false modules=6 took_us=74
2026-09-25T22:43:25.199Z +55.604s DEBUG [graph] session=292bafc9 compiled generation=2219 fresh=false modules=6 took_us=49
2026-09-25T22:43:25.220Z +55.626s DEBUG [graph] session=292bafc9 compiled generation=2220 fresh=false modules=6 took_us=59
2026-09-25T22:43:25.242Z +55.648s DEBUG [graph] session=292bafc9 compiled generation=2221 fresh=false modules=6 took_us=49
2026-09-25T22:43:25.268Z +55.674s DEBUG [graph] session=292bafc9 compiled generation=2222 fresh=false modules=6 took_us=45
2026-09-25T22:43:25.284Z +55.690s DEBUG [graph] session=292bafc9 compiled generation=2223 fresh=false modules=6 took_us=42
2026-09-25T22:43:25.300Z +55.706s DEBUG [graph] session=292bafc9 compiled generation=2224 fresh=false modules=6 took_us=41
2026-09-25T22:43:25.319Z +55.725s DEBUG [graph] session=292bafc9 compiled generation=2225 fresh=false modules=6 took_us=39
2026-09-25T22:43:25.337Z +55.743s DEBUG [graph] session=292bafc9 compiled generation=2226 fresh=false modules=6 took_us=41
2026-09-25T22:43:25.356Z +55.761s DEBUG [graph] session=292bafc9 compiled generation=2227 fresh=false modules=6 took_us=53
2026-09-25T22:43:25.372Z +55.778s DEBUG [graph] session=292bafc9 compiled generation=2228 fresh=false modules=6 took_us=44
2026-09-25T22:43:25.389Z +55.795s DEBUG [graph] session=292bafc9 compiled generation=2229 fresh=false modules=6 took_us=44
2026-09-25T22:43:25.413Z +55.819s DEBUG [graph] session=292bafc9 compiled generation=2230 fresh=false modules=6 took_us=57
2026-09-25T22:43:25.434Z +55.840s DEBUG [graph] session=292bafc9 compiled generation=2231 fresh=false modules=6 took_us=48
2026-09-25T22:43:25.454Z +55.860s DEBUG [graph] session=292bafc9 compiled generation=2232 fresh=false modules=6 took_us=48
2026-09-25T22:43:25.473Z +55.879s DEBUG [graph] session=292bafc9 compiled generation=2233 fresh=false modules=6 took_us=49
2026-09-25T22:43:25.491Z +55.896s DEBUG [graph] session=292bafc9 compiled generation=2234 fresh=false modules=6 took_us=83
2026-09-25T22:43:25.511Z +55.916s DEBUG [graph] session=292bafc9 compiled generation=2235 fresh=false modules=6 took_us=112
2026-09-25T22:43:25.531Z +55.937s DEBUG [graph] session=292bafc9 compiled generation=2236 fresh=false modules=6 took_us=50
2026-09-25T22:43:25.550Z +55.956s DEBUG [graph] session=292bafc9 compiled generation=2237 fresh=false modules=6 took_us=51
2026-09-25T22:43:25.567Z +55.973s DEBUG [graph] session=292bafc9 compiled generation=2238 fresh=false modules=6 took_us=50
2026-09-25T22:43:25.586Z +55.992s DEBUG [graph] session=292bafc9 compiled generation=2239 fresh=false modules=6 took_us=51
2026-09-25T22:43:25.606Z +56.012s DEBUG [graph] session=292bafc9 compiled generation=2240 fresh=false modules=6 took_us=51
2026-09-25T22:43:25.627Z +56.033s DEBUG [graph] session=292bafc9 compiled generation=2241 fresh=false modules=6 took_us=88
2026-09-25T22:43:25.645Z +56.051s DEBUG [graph] session=292bafc9 compiled generation=2242 fresh=false modules=6 took_us=51
2026-09-25T22:43:25.663Z +56.069s DEBUG [graph] session=292bafc9 compiled generation=2243 fresh=false modules=6 took_us=75
2026-09-25T22:43:25.682Z +56.088s DEBUG [graph] session=292bafc9 compiled generation=2244 fresh=false modules=6 took_us=41
2026-09-25T22:43:25.701Z +56.106s DEBUG [graph] session=292bafc9 compiled generation=2245 fresh=false modules=6 took_us=82
2026-09-25T22:43:25.724Z +56.129s DEBUG [graph] session=292bafc9 compiled generation=2246 fresh=false modules=6 took_us=52
2026-09-25T22:43:25.741Z +56.147s DEBUG [graph] session=292bafc9 compiled generation=2247 fresh=false modules=6 took_us=59
2026-09-25T22:43:25.761Z +56.167s DEBUG [graph] session=292bafc9 compiled generation=2248 fresh=false modules=6 took_us=41
2026-09-25T22:43:25.780Z +56.186s DEBUG [graph] session=292bafc9 compiled generation=2249 fresh=false modules=6 took_us=48
2026-09-25T22:43:25.799Z +56.204s DEBUG [graph] session=292bafc9 compiled generation=2250 fresh=false modules=6 took_us=65
2026-09-25T22:43:25.821Z +56.227s DEBUG [graph] session=292bafc9 compiled generation=2251 fresh=false modules=6 took_us=87
2026-09-25T22:43:25.841Z +56.247s DEBUG [graph] session=292bafc9 compiled generation=2252 fresh=false modules=6 took_us=51
2026-09-25T22:43:25.860Z +56.266s DEBUG [graph] session=292bafc9 compiled generation=2253 fresh=false modules=6 took_us=41
2026-09-25T22:43:25.877Z +56.283s DEBUG [graph] session=292bafc9 compiled generation=2254 fresh=false modules=6 took_us=54
2026-09-25T22:43:25.895Z +56.300s DEBUG [graph] session=292bafc9 compiled generation=2255 fresh=false modules=6 took_us=52
2026-09-25T22:43:25.916Z +56.322s DEBUG [graph] session=292bafc9 compiled generation=2256 fresh=false modules=6 took_us=59
2026-09-25T22:43:25.934Z +56.340s DEBUG [graph] session=292bafc9 compiled generation=2257 fresh=false modules=6 took_us=60
2026-09-25T22:43:25.952Z +56.358s DEBUG [graph] session=292bafc9 compiled generation=2258 fresh=false modules=6 took_us=41
2026-09-25T22:43:25.971Z +56.377s DEBUG [graph] session=292bafc9 compiled generation=2259 fresh=false modules=6 took_us=53
2026-09-25T22:43:25.987Z +56.393s DEBUG [graph] session=292bafc9 compiled generation=2260 fresh=false modules=6 took_us=40
2026-09-25T22:43:26.006Z +56.412s DEBUG [graph] session=292bafc9 compiled generation=2261 fresh=false modules=6 took_us=45
2026-09-25T22:43:26.027Z +56.433s DEBUG [graph] session=292bafc9 compiled generation=2262 fresh=false modules=6 took_us=47
2026-09-25T22:43:26.043Z +56.449s DEBUG [graph] session=292bafc9 compiled generation=2263 fresh=false modules=6 took_us=45
2026-09-25T22:43:26.063Z +56.469s DEBUG [graph] session=292bafc9 compiled generation=2264 fresh=false modules=6 took_us=51
2026-09-25T22:43:26.083Z +56.489s DEBUG [graph] session=292bafc9 compiled generation=2265 fresh=false modules=6 took_us=51
2026-09-25T22:43:26.102Z +56.508s DEBUG [graph] session=292bafc9 compiled generation=2266 fresh=false modules=6 took_us=51
2026-09-25T22:43:26.123Z +56.529s DEBUG [graph] session=292bafc9 compiled generation=2267 fresh=false modules=6 took_us=44
2026-09-25T22:43:26.142Z +56.548s DEBUG [graph] session=292bafc9 compiled generation=2268 fresh=false modules=6 took_us=43
2026-09-25T22:43:26.160Z +56.566s DEBUG [graph] session=292bafc9 compiled generation=2269 fresh=false modules=6 took_us=43
2026-09-25T22:43:26.176Z +56.582s DEBUG [graph] session=292bafc9 compiled generation=2270 fresh=false modules=6 took_us=41
2026-09-25T22:43:26.192Z +56.598s DEBUG [graph] session=292bafc9 compiled generation=2271 fresh=false modules=6 took_us=43
2026-09-25T22:43:26.209Z +56.615s DEBUG [graph] session=292bafc9 compiled generation=2272 fresh=false modules=6 took_us=44
2026-09-25T22:43:26.229Z +56.635s DEBUG [graph] session=292bafc9 compiled generation=2273 fresh=false modules=6 took_us=48
2026-09-25T22:43:26.248Z +56.654s DEBUG [graph] session=292bafc9 compiled generation=2274 fresh=false modules=6 took_us=46
2026-09-25T22:43:26.268Z +56.674s DEBUG [graph] session=292bafc9 compiled generation=2275 fresh=false modules=6 took_us=48
2026-09-25T22:43:26.289Z +56.695s DEBUG [graph] session=292bafc9 compiled generation=2276 fresh=false modules=6 took_us=49
2026-09-25T22:43:26.310Z +56.716s DEBUG [graph] session=292bafc9 compiled generation=2277 fresh=false modules=6 took_us=46
2026-09-25T22:43:26.329Z +56.735s DEBUG [graph] session=292bafc9 compiled generation=2278 fresh=false modules=6 took_us=45
2026-09-25T22:43:26.346Z +56.752s DEBUG [graph] session=292bafc9 compiled generation=2279 fresh=false modules=6 took_us=49
2026-09-25T22:43:26.370Z +56.776s DEBUG [graph] session=292bafc9 compiled generation=2280 fresh=false modules=6 took_us=52
2026-09-25T22:43:26.389Z +56.794s DEBUG [graph] session=292bafc9 compiled generation=2281 fresh=false modules=6 took_us=52
2026-09-25T22:43:26.412Z +56.818s DEBUG [graph] session=292bafc9 compiled generation=2282 fresh=false modules=6 took_us=53
2026-09-25T22:43:26.432Z +56.838s DEBUG [graph] session=292bafc9 compiled generation=2283 fresh=false modules=6 took_us=50
2026-09-25T22:43:26.451Z +56.857s DEBUG [graph] session=292bafc9 compiled generation=2284 fresh=false modules=6 took_us=50
2026-09-25T22:43:26.471Z +56.877s DEBUG [graph] session=292bafc9 compiled generation=2285 fresh=false modules=6 took_us=49
2026-09-25T22:43:26.492Z +56.898s DEBUG [graph] session=292bafc9 compiled generation=2286 fresh=false modules=6 took_us=50
2026-09-25T22:43:26.513Z +56.919s DEBUG [graph] session=292bafc9 compiled generation=2287 fresh=false modules=6 took_us=51
2026-09-25T22:43:26.533Z +56.939s DEBUG [graph] session=292bafc9 compiled generation=2288 fresh=false modules=6 took_us=56
2026-09-25T22:43:26.554Z +56.960s DEBUG [graph] session=292bafc9 compiled generation=2289 fresh=false modules=6 took_us=50
2026-09-25T22:43:26.575Z +56.981s DEBUG [graph] session=292bafc9 compiled generation=2290 fresh=false modules=6 took_us=49
2026-09-25T22:43:26.595Z +57.001s DEBUG [graph] session=292bafc9 compiled generation=2291 fresh=false modules=6 took_us=50
2026-09-25T22:43:26.621Z +57.027s DEBUG [graph] session=292bafc9 compiled generation=2292 fresh=false modules=6 took_us=45
2026-09-25T22:43:26.638Z +57.044s DEBUG [graph] session=292bafc9 compiled generation=2293 fresh=false modules=6 took_us=47
2026-09-25T22:43:26.659Z +57.065s DEBUG [graph] session=292bafc9 compiled generation=2294 fresh=false modules=6 took_us=49
2026-09-25T22:43:26.678Z +57.084s DEBUG [graph] session=292bafc9 compiled generation=2295 fresh=false modules=6 took_us=53
2026-09-25T22:43:26.697Z +57.103s DEBUG [graph] session=292bafc9 compiled generation=2296 fresh=false modules=6 took_us=46
2026-09-25T22:43:26.721Z +57.127s DEBUG [graph] session=292bafc9 compiled generation=2297 fresh=false modules=6 took_us=46
2026-09-25T22:43:26.742Z +57.148s DEBUG [graph] session=292bafc9 compiled generation=2298 fresh=false modules=6 took_us=46
2026-09-25T22:43:26.766Z +57.172s DEBUG [graph] session=292bafc9 compiled generation=2299 fresh=false modules=6 took_us=50
2026-09-25T22:43:26.787Z +57.192s DEBUG [graph] session=292bafc9 compiled generation=2300 fresh=false modules=6 took_us=86
2026-09-25T22:43:26.806Z +57.212s DEBUG [graph] session=292bafc9 compiled generation=2301 fresh=false modules=6 took_us=49
2026-09-25T22:43:26.828Z +57.234s DEBUG [graph] session=292bafc9 compiled generation=2302 fresh=false modules=6 took_us=45
2026-09-25T22:43:26.846Z +57.251s DEBUG [graph] session=292bafc9 compiled generation=2303 fresh=false modules=6 took_us=78
2026-09-25T22:43:26.867Z +57.273s DEBUG [graph] session=292bafc9 compiled generation=2304 fresh=false modules=6 took_us=108
2026-09-25T22:43:26.885Z +57.291s DEBUG [graph] session=292bafc9 compiled generation=2305 fresh=false modules=6 took_us=52
2026-09-25T22:43:26.907Z +57.313s DEBUG [graph] session=292bafc9 compiled generation=2306 fresh=false modules=6 took_us=55
2026-09-25T22:43:26.930Z +57.336s DEBUG [graph] session=292bafc9 compiled generation=2307 fresh=false modules=6 took_us=45
2026-09-25T22:43:26.946Z +57.352s DEBUG [graph] session=292bafc9 compiled generation=2308 fresh=false modules=6 took_us=46
2026-09-25T22:43:26.965Z +57.371s DEBUG [graph] session=292bafc9 compiled generation=2309 fresh=false modules=6 took_us=49
2026-09-25T22:43:26.986Z +57.391s DEBUG [graph] session=292bafc9 compiled generation=2310 fresh=false modules=6 took_us=47
2026-09-25T22:43:27.006Z +57.412s DEBUG [graph] session=292bafc9 compiled generation=2311 fresh=false modules=6 took_us=48
2026-09-25T22:43:27.025Z +57.431s DEBUG [graph] session=292bafc9 compiled generation=2312 fresh=false modules=6 took_us=49
2026-09-25T22:43:27.043Z +57.448s DEBUG [graph] session=292bafc9 compiled generation=2313 fresh=false modules=6 took_us=44
2026-09-25T22:43:27.062Z +57.467s DEBUG [graph] session=292bafc9 compiled generation=2314 fresh=false modules=6 took_us=64
2026-09-25T22:43:27.109Z +57.515s DEBUG [graph] session=292bafc9 compiled generation=2315 fresh=false modules=6 took_us=48
2026-09-25T22:43:27.138Z +57.543s DEBUG [graph] session=292bafc9 compiled generation=2316 fresh=false modules=6 took_us=45
2026-09-25T22:43:27.159Z +57.564s DEBUG [graph] session=292bafc9 compiled generation=2317 fresh=false modules=6 took_us=95
2026-09-25T22:43:27.178Z +57.583s DEBUG [graph] session=292bafc9 compiled generation=2318 fresh=false modules=6 took_us=69
2026-09-25T22:43:27.197Z +57.603s DEBUG [graph] session=292bafc9 compiled generation=2319 fresh=false modules=6 took_us=51
2026-09-25T22:43:27.221Z +57.627s DEBUG [graph] session=292bafc9 compiled generation=2320 fresh=false modules=6 took_us=46
2026-09-25T22:43:27.241Z +57.647s DEBUG [graph] session=292bafc9 compiled generation=2321 fresh=false modules=6 took_us=46
2026-09-25T22:43:27.262Z +57.668s DEBUG [graph] session=292bafc9 compiled generation=2322 fresh=false modules=6 took_us=45
2026-09-25T22:43:27.278Z +57.684s DEBUG [graph] session=292bafc9 compiled generation=2323 fresh=false modules=6 took_us=45
2026-09-25T22:43:27.295Z +57.701s DEBUG [graph] session=292bafc9 compiled generation=2324 fresh=false modules=6 took_us=52
2026-09-25T22:43:27.313Z +57.719s DEBUG [graph] session=292bafc9 compiled generation=2325 fresh=false modules=6 took_us=45
2026-09-25T22:43:27.332Z +57.738s DEBUG [graph] session=292bafc9 compiled generation=2326 fresh=false modules=6 took_us=45
2026-09-25T22:43:27.351Z +57.757s DEBUG [graph] session=292bafc9 compiled generation=2327 fresh=false modules=6 took_us=47
2026-09-25T22:43:27.373Z +57.778s DEBUG [graph] session=292bafc9 compiled generation=2328 fresh=false modules=6 took_us=47
2026-09-25T22:43:27.390Z +57.796s DEBUG [graph] session=292bafc9 compiled generation=2329 fresh=false modules=6 took_us=48
2026-09-25T22:43:27.416Z +57.822s DEBUG [graph] session=292bafc9 compiled generation=2330 fresh=false modules=6 took_us=51
2026-09-25T22:43:27.436Z +57.842s DEBUG [graph] session=292bafc9 compiled generation=2331 fresh=false modules=6 took_us=63
2026-09-25T22:43:27.462Z +57.868s DEBUG [graph] session=292bafc9 compiled generation=2332 fresh=false modules=6 took_us=61
2026-09-25T22:43:27.483Z +57.889s DEBUG [graph] session=292bafc9 compiled generation=2333 fresh=false modules=6 took_us=51
2026-09-25T22:43:27.504Z +57.910s DEBUG [graph] session=292bafc9 compiled generation=2334 fresh=false modules=6 took_us=61
2026-09-25T22:43:27.528Z +57.934s DEBUG [graph] session=292bafc9 compiled generation=2335 fresh=false modules=6 took_us=55
2026-09-25T22:43:27.548Z +57.954s DEBUG [graph] session=292bafc9 compiled generation=2336 fresh=false modules=6 took_us=49
2026-09-25T22:43:27.570Z +57.975s DEBUG [graph] session=292bafc9 compiled generation=2337 fresh=false modules=6 took_us=47
2026-09-25T22:43:27.586Z +57.992s DEBUG [graph] session=292bafc9 compiled generation=2338 fresh=false modules=6 took_us=48
2026-09-25T22:43:27.605Z +58.011s DEBUG [graph] session=292bafc9 compiled generation=2339 fresh=false modules=6 took_us=60
2026-09-25T22:43:27.625Z +58.031s DEBUG [graph] session=292bafc9 compiled generation=2340 fresh=false modules=6 took_us=45
2026-09-25T22:43:27.642Z +58.048s DEBUG [graph] session=292bafc9 compiled generation=2341 fresh=false modules=6 took_us=63
2026-09-25T22:43:27.666Z +58.072s DEBUG [graph] session=292bafc9 compiled generation=2342 fresh=false modules=6 took_us=42
2026-09-25T22:43:27.684Z +58.090s DEBUG [graph] session=292bafc9 compiled generation=2343 fresh=false modules=6 took_us=45
2026-09-25T22:43:27.703Z +58.109s DEBUG [graph] session=292bafc9 compiled generation=2344 fresh=false modules=6 took_us=47
2026-09-25T22:43:27.721Z +58.127s DEBUG [graph] session=292bafc9 compiled generation=2345 fresh=false modules=6 took_us=47
2026-09-25T22:43:27.738Z +58.144s DEBUG [graph] session=292bafc9 compiled generation=2346 fresh=false modules=6 took_us=48
2026-09-25T22:43:27.759Z +58.165s DEBUG [graph] session=292bafc9 compiled generation=2347 fresh=false modules=6 took_us=43
2026-09-25T22:43:27.774Z +58.180s DEBUG [graph] session=292bafc9 compiled generation=2348 fresh=false modules=6 took_us=42
2026-09-25T22:43:27.792Z +58.198s DEBUG [graph] session=292bafc9 compiled generation=2349 fresh=false modules=6 took_us=60
2026-09-25T22:43:27.813Z +58.219s DEBUG [graph] session=292bafc9 compiled generation=2350 fresh=false modules=6 took_us=63
2026-09-25T22:43:27.836Z +58.242s DEBUG [graph] session=292bafc9 compiled generation=2351 fresh=false modules=6 took_us=49
2026-09-25T22:43:27.855Z +58.261s DEBUG [graph] session=292bafc9 compiled generation=2352 fresh=false modules=6 took_us=63
2026-09-25T22:43:27.874Z +58.280s DEBUG [graph] session=292bafc9 compiled generation=2353 fresh=false modules=6 took_us=52
2026-09-25T22:43:27.898Z +58.304s DEBUG [graph] session=292bafc9 compiled generation=2354 fresh=false modules=6 took_us=66
2026-09-25T22:43:27.924Z +58.330s DEBUG [graph] session=292bafc9 compiled generation=2355 fresh=false modules=6 took_us=44
2026-09-25T22:43:27.950Z +58.355s DEBUG [graph] session=292bafc9 compiled generation=2356 fresh=false modules=6 took_us=45
2026-09-25T22:43:27.970Z +58.376s DEBUG [graph] session=292bafc9 compiled generation=2357 fresh=false modules=6 took_us=42
2026-09-25T22:43:27.989Z +58.395s DEBUG [graph] session=292bafc9 compiled generation=2358 fresh=false modules=6 took_us=50
2026-09-25T22:43:28.006Z +58.412s DEBUG [graph] session=292bafc9 compiled generation=2359 fresh=false modules=6 took_us=56
2026-09-25T22:43:28.028Z +58.433s DEBUG [graph] session=292bafc9 compiled generation=2360 fresh=false modules=6 took_us=79
2026-09-25T22:43:28.044Z +58.450s DEBUG [graph] session=292bafc9 compiled generation=2361 fresh=false modules=6 took_us=45
2026-09-25T22:43:28.065Z +58.471s DEBUG [graph] session=292bafc9 compiled generation=2362 fresh=false modules=6 took_us=46
2026-09-25T22:43:28.084Z +58.489s DEBUG [graph] session=292bafc9 compiled generation=2363 fresh=false modules=6 took_us=78
2026-09-25T22:43:28.103Z +58.509s DEBUG [graph] session=292bafc9 compiled generation=2364 fresh=false modules=6 took_us=48
2026-09-25T22:43:28.127Z +58.532s DEBUG [graph] session=292bafc9 compiled generation=2365 fresh=false modules=6 took_us=109
2026-09-25T22:43:28.146Z +58.552s DEBUG [graph] session=292bafc9 compiled generation=2366 fresh=false modules=6 took_us=51
2026-09-25T22:43:28.168Z +58.574s DEBUG [graph] session=292bafc9 compiled generation=2367 fresh=false modules=6 took_us=49
2026-09-25T22:43:28.186Z +58.592s DEBUG [graph] session=292bafc9 compiled generation=2368 fresh=false modules=6 took_us=44
2026-09-25T22:43:28.203Z +58.609s DEBUG [graph] session=292bafc9 compiled generation=2369 fresh=false modules=6 took_us=44
2026-09-25T22:43:28.226Z +58.632s DEBUG [graph] session=292bafc9 compiled generation=2370 fresh=false modules=6 took_us=66
2026-09-25T22:43:28.246Z +58.652s DEBUG [graph] session=292bafc9 compiled generation=2371 fresh=false modules=6 took_us=47
2026-09-25T22:43:28.266Z +58.672s DEBUG [graph] session=292bafc9 compiled generation=2372 fresh=false modules=6 took_us=48
2026-09-25T22:43:28.284Z +58.690s DEBUG [graph] session=292bafc9 compiled generation=2373 fresh=false modules=6 took_us=48
2026-09-25T22:43:28.302Z +58.708s DEBUG [graph] session=292bafc9 compiled generation=2374 fresh=false modules=6 took_us=44
2026-09-25T22:43:28.319Z +58.725s DEBUG [graph] session=292bafc9 compiled generation=2375 fresh=false modules=6 took_us=43
2026-09-25T22:43:28.337Z +58.743s DEBUG [graph] session=292bafc9 compiled generation=2376 fresh=false modules=6 took_us=43
2026-09-25T22:43:28.354Z +58.760s DEBUG [graph] session=292bafc9 compiled generation=2377 fresh=false modules=6 took_us=58
2026-09-25T22:43:28.374Z +58.780s DEBUG [graph] session=292bafc9 compiled generation=2378 fresh=false modules=6 took_us=43
2026-09-25T22:43:28.392Z +58.798s DEBUG [graph] session=292bafc9 compiled generation=2379 fresh=false modules=6 took_us=44
2026-09-25T22:43:28.409Z +58.815s DEBUG [graph] session=292bafc9 compiled generation=2380 fresh=false modules=6 took_us=41
2026-09-25T22:43:28.428Z +58.834s DEBUG [graph] session=292bafc9 compiled generation=2381 fresh=false modules=6 took_us=49
2026-09-25T22:43:28.446Z +58.851s DEBUG [graph] session=292bafc9 compiled generation=2382 fresh=false modules=6 took_us=44
2026-09-25T22:43:28.468Z +58.874s DEBUG [graph] session=292bafc9 compiled generation=2383 fresh=false modules=6 took_us=53
2026-09-25T22:43:28.486Z +58.892s DEBUG [graph] session=292bafc9 compiled generation=2384 fresh=false modules=6 took_us=45
2026-09-25T22:43:28.504Z +58.910s DEBUG [graph] session=292bafc9 compiled generation=2385 fresh=false modules=6 took_us=74
2026-09-25T22:43:28.521Z +58.927s DEBUG [graph] session=292bafc9 compiled generation=2386 fresh=false modules=6 took_us=41
2026-09-25T22:43:28.537Z +58.943s DEBUG [graph] session=292bafc9 compiled generation=2387 fresh=false modules=6 took_us=48
2026-09-25T22:43:28.556Z +58.962s DEBUG [graph] session=292bafc9 compiled generation=2388 fresh=false modules=6 took_us=40
2026-09-25T22:43:28.572Z +58.978s DEBUG [graph] session=292bafc9 compiled generation=2389 fresh=false modules=6 took_us=41
2026-09-25T22:43:28.588Z +58.994s DEBUG [graph] session=292bafc9 compiled generation=2390 fresh=false modules=6 took_us=43
2026-09-25T22:43:28.604Z +59.010s DEBUG [graph] session=292bafc9 compiled generation=2391 fresh=false modules=6 took_us=43
2026-09-25T22:43:28.625Z +59.031s DEBUG [graph] session=292bafc9 compiled generation=2392 fresh=false modules=6 took_us=50
2026-09-25T22:43:28.644Z +59.050s DEBUG [graph] session=292bafc9 compiled generation=2393 fresh=false modules=6 took_us=51
2026-09-25T22:43:28.664Z +59.070s DEBUG [graph] session=292bafc9 compiled generation=2394 fresh=false modules=6 took_us=51
2026-09-25T22:43:28.682Z +59.088s DEBUG [graph] session=292bafc9 compiled generation=2395 fresh=false modules=6 took_us=42
2026-09-25T22:43:28.704Z +59.110s DEBUG [graph] session=292bafc9 compiled generation=2396 fresh=false modules=6 took_us=52
2026-09-25T22:43:28.726Z +59.132s DEBUG [graph] session=292bafc9 compiled generation=2397 fresh=false modules=6 took_us=51
2026-09-25T22:43:28.743Z +59.149s DEBUG [graph] session=292bafc9 compiled generation=2398 fresh=false modules=6 took_us=49
2026-09-25T22:43:28.765Z +59.171s DEBUG [graph] session=292bafc9 compiled generation=2399 fresh=false modules=6 took_us=41
2026-09-25T22:43:28.783Z +59.189s DEBUG [graph] session=292bafc9 compiled generation=2400 fresh=false modules=6 took_us=43
2026-09-25T22:43:28.799Z +59.205s DEBUG [graph] session=292bafc9 compiled generation=2401 fresh=false modules=6 took_us=39
2026-09-25T22:43:28.821Z +59.226s DEBUG [graph] session=292bafc9 compiled generation=2402 fresh=false modules=6 took_us=51
2026-09-25T22:43:28.841Z +59.247s DEBUG [graph] session=292bafc9 compiled generation=2403 fresh=false modules=6 took_us=50
2026-09-25T22:43:28.867Z +59.272s DEBUG [graph] session=292bafc9 compiled generation=2404 fresh=false modules=6 took_us=46
2026-09-25T22:43:28.887Z +59.293s DEBUG [graph] session=292bafc9 compiled generation=2405 fresh=false modules=6 took_us=53
2026-09-25T22:43:28.910Z +59.315s DEBUG [graph] session=292bafc9 compiled generation=2406 fresh=false modules=6 took_us=46
2026-09-25T22:43:28.926Z +59.332s DEBUG [graph] session=292bafc9 compiled generation=2407 fresh=false modules=6 took_us=44
2026-09-25T22:43:28.945Z +59.350s DEBUG [graph] session=292bafc9 compiled generation=2408 fresh=false modules=6 took_us=72
2026-09-25T22:43:28.965Z +59.371s DEBUG [graph] session=292bafc9 compiled generation=2409 fresh=false modules=6 took_us=49
2026-09-25T22:43:28.985Z +59.391s DEBUG [graph] session=292bafc9 compiled generation=2410 fresh=false modules=6 took_us=54
2026-09-25T22:43:29.009Z +59.415s DEBUG [graph] session=292bafc9 compiled generation=2411 fresh=false modules=6 took_us=57
2026-09-25T22:43:29.030Z +59.436s DEBUG [graph] session=292bafc9 compiled generation=2412 fresh=false modules=6 took_us=73
2026-09-25T22:43:29.053Z +59.459s DEBUG [graph] session=292bafc9 compiled generation=2413 fresh=false modules=6 took_us=67
2026-09-25T22:43:29.076Z +59.482s DEBUG [graph] session=292bafc9 compiled generation=2414 fresh=false modules=6 took_us=50
2026-09-25T22:43:29.095Z +59.501s DEBUG [graph] session=292bafc9 compiled generation=2415 fresh=false modules=6 took_us=50
2026-09-25T22:43:29.118Z +59.524s DEBUG [graph] session=292bafc9 compiled generation=2416 fresh=false modules=6 took_us=46
2026-09-25T22:43:29.135Z +59.541s DEBUG [graph] session=292bafc9 compiled generation=2417 fresh=false modules=6 took_us=58
2026-09-25T22:43:29.153Z +59.559s DEBUG [graph] session=292bafc9 compiled generation=2418 fresh=false modules=6 took_us=42
2026-09-25T22:43:29.174Z +59.580s DEBUG [graph] session=292bafc9 compiled generation=2419 fresh=false modules=6 took_us=54
2026-09-25T22:43:29.191Z +59.597s DEBUG [graph] session=292bafc9 compiled generation=2420 fresh=false modules=6 took_us=42
2026-09-25T22:43:29.213Z +59.619s DEBUG [graph] session=292bafc9 compiled generation=2421 fresh=false modules=6 took_us=43
2026-09-25T22:43:29.230Z +59.636s DEBUG [graph] session=292bafc9 compiled generation=2422 fresh=false modules=6 took_us=46
2026-09-25T22:43:29.253Z +59.658s DEBUG [graph] session=292bafc9 compiled generation=2423 fresh=false modules=6 took_us=49
2026-09-25T22:43:29.271Z +59.677s DEBUG [graph] session=292bafc9 compiled generation=2424 fresh=false modules=6 took_us=52
2026-09-25T22:43:29.290Z +59.696s DEBUG [graph] session=292bafc9 compiled generation=2425 fresh=false modules=6 took_us=51
2026-09-25T22:43:29.308Z +59.714s DEBUG [graph] session=292bafc9 compiled generation=2426 fresh=false modules=6 took_us=53
2026-09-25T22:43:29.329Z +59.735s DEBUG [graph] session=292bafc9 compiled generation=2427 fresh=false modules=6 took_us=59
2026-09-25T22:43:29.346Z +59.752s DEBUG [graph] session=292bafc9 compiled generation=2428 fresh=false modules=6 took_us=51
2026-09-25T22:43:29.367Z +59.772s DEBUG [graph] session=292bafc9 compiled generation=2429 fresh=false modules=6 took_us=50
2026-09-25T22:43:29.386Z +59.791s DEBUG [graph] session=292bafc9 compiled generation=2430 fresh=false modules=6 took_us=78
2026-09-25T22:43:29.406Z +59.812s DEBUG [graph] session=292bafc9 compiled generation=2431 fresh=false modules=6 took_us=52
2026-09-25T22:43:29.426Z +59.832s DEBUG [graph] session=292bafc9 compiled generation=2432 fresh=false modules=6 took_us=47
2026-09-25T22:43:29.443Z +59.849s DEBUG [graph] session=292bafc9 compiled generation=2433 fresh=false modules=6 took_us=48
2026-09-25T22:43:29.464Z +59.870s DEBUG [graph] session=292bafc9 compiled generation=2434 fresh=false modules=6 took_us=47
2026-09-25T22:43:29.484Z +59.890s DEBUG [graph] session=292bafc9 compiled generation=2435 fresh=false modules=6 took_us=46
2026-09-25T22:43:29.502Z +59.908s DEBUG [graph] session=292bafc9 compiled generation=2436 fresh=false modules=6 took_us=44
2026-09-25T22:43:29.525Z +59.931s DEBUG [graph] session=292bafc9 compiled generation=2437 fresh=false modules=6 took_us=50
2026-09-25T22:43:29.546Z +59.951s DEBUG [graph] session=292bafc9 compiled generation=2438 fresh=false modules=6 took_us=62
2026-09-25T22:43:29.571Z +59.977s DEBUG [graph] session=292bafc9 compiled generation=2439 fresh=false modules=6 took_us=47
2026-09-25T22:43:29.591Z +59.997s DEBUG [graph] session=292bafc9 compiled generation=2440 fresh=false modules=6 took_us=55
2026-09-25T22:43:29.615Z +60.021s DEBUG [graph] session=292bafc9 compiled generation=2441 fresh=false modules=6 took_us=61
2026-09-25T22:43:29.639Z +60.045s DEBUG [graph] session=292bafc9 compiled generation=2442 fresh=false modules=6 took_us=65
2026-09-25T22:43:29.665Z +60.071s DEBUG [graph] session=292bafc9 compiled generation=2443 fresh=false modules=6 took_us=72
2026-09-25T22:43:29.687Z +60.093s DEBUG [graph] session=292bafc9 compiled generation=2444 fresh=false modules=6 took_us=54
2026-09-25T22:43:29.712Z +60.118s DEBUG [audio.health] session=292bafc9 11263 callbacks × 256 frames at 48000 Hz · run: worst 5568 of 5333 µs (at 23.0 s, wall 1790376172694), 47 over half, 10 late · arrival: worst 38537 µs, 953 late · 2 xruns · RT priority refused (AudioThreadPriorityError: org.freedesktop.DBus.Error.FileNotFound:Failed to connect to socket /run/dbus/system_bus_socket: No such file or directory) (first second: worst 225 µs)
2026-09-25T22:43:29.712Z +60.118s DEBUG [graph] session=292bafc9 compiled generation=2445 fresh=false modules=6 took_us=51
2026-09-25T22:43:29.730Z +60.136s DEBUG [graph] session=292bafc9 compiled generation=2446 fresh=false modules=6 took_us=58
2026-09-25T22:43:29.749Z +60.155s DEBUG [graph] session=292bafc9 compiled generation=2447 fresh=false modules=6 took_us=60
2026-09-25T22:43:29.769Z +60.174s INFO  [audio.health] session=292bafc9 last 10.0s: xruns=0 late_executions=0 late_arrivals=187 callbacks=1876 worst_run_us=5568
2026-09-25T22:43:29.769Z +60.175s DEBUG [graph] session=292bafc9 compiled generation=2448 fresh=false modules=6 took_us=47
2026-09-25T22:43:29.788Z +60.194s DEBUG [graph] session=292bafc9 compiled generation=2449 fresh=false modules=6 took_us=50
2026-09-25T22:43:29.806Z +60.212s DEBUG [graph] session=292bafc9 compiled generation=2450 fresh=false modules=6 took_us=62
2026-09-25T22:43:29.830Z +60.236s DEBUG [graph] session=292bafc9 compiled generation=2451 fresh=false modules=6 took_us=51
2026-09-25T22:43:29.850Z +60.256s DEBUG [graph] session=292bafc9 compiled generation=2452 fresh=false modules=6 took_us=52
2026-09-25T22:43:29.869Z +60.275s DEBUG [graph] session=292bafc9 compiled generation=2453 fresh=false modules=6 took_us=52
2026-09-25T22:43:29.908Z +60.314s DEBUG [graph] session=292bafc9 compiled generation=2454 fresh=false modules=6 took_us=51
2026-09-25T22:43:29.929Z +60.335s DEBUG [graph] session=292bafc9 compiled generation=2455 fresh=false modules=6 took_us=53
2026-09-25T22:43:29.952Z +60.358s DEBUG [graph] session=292bafc9 compiled generation=2456 fresh=false modules=6 took_us=48
2026-09-25T22:43:29.970Z +60.376s DEBUG [graph] session=292bafc9 compiled generation=2457 fresh=false modules=6 took_us=47
2026-09-25T22:43:29.992Z +60.398s DEBUG [graph] session=292bafc9 compiled generation=2458 fresh=false modules=6 took_us=44
2026-09-25T22:43:30.009Z +60.415s DEBUG [graph] session=292bafc9 compiled generation=2459 fresh=false modules=6 took_us=46
2026-09-25T22:43:30.028Z +60.434s DEBUG [graph] session=292bafc9 compiled generation=2460 fresh=false modules=6 took_us=56
2026-09-25T22:43:30.049Z +60.455s DEBUG [graph] session=292bafc9 compiled generation=2461 fresh=false modules=6 took_us=47
2026-09-25T22:43:30.070Z +60.476s DEBUG [graph] session=292bafc9 compiled generation=2462 fresh=false modules=6 took_us=47
2026-09-25T22:43:30.091Z +60.496s DEBUG [graph] session=292bafc9 compiled generation=2463 fresh=false modules=6 took_us=140
2026-09-25T22:43:30.109Z +60.515s DEBUG [graph] session=292bafc9 compiled generation=2464 fresh=false modules=6 took_us=50
2026-09-25T22:43:30.129Z +60.535s DEBUG [graph] session=292bafc9 compiled generation=2465 fresh=false modules=6 took_us=62
2026-09-25T22:43:30.148Z +60.554s DEBUG [graph] session=292bafc9 compiled generation=2466 fresh=false modules=6 took_us=47
2026-09-25T22:43:30.165Z +60.571s DEBUG [graph] session=292bafc9 compiled generation=2467 fresh=false modules=6 took_us=51
2026-09-25T22:43:30.186Z +60.592s DEBUG [graph] session=292bafc9 compiled generation=2468 fresh=false modules=6 took_us=49
2026-09-25T22:43:30.204Z +60.610s DEBUG [graph] session=292bafc9 compiled generation=2469 fresh=false modules=6 took_us=48
2026-09-25T22:43:30.223Z +60.629s DEBUG [graph] session=292bafc9 compiled generation=2470 fresh=false modules=6 took_us=46
2026-09-25T22:43:30.249Z +60.654s DEBUG [graph] session=292bafc9 compiled generation=2471 fresh=false modules=6 took_us=46
2026-09-25T22:43:30.266Z +60.672s DEBUG [graph] session=292bafc9 compiled generation=2472 fresh=false modules=6 took_us=47
2026-09-25T22:43:30.284Z +60.690s DEBUG [graph] session=292bafc9 compiled generation=2473 fresh=false modules=6 took_us=46
2026-09-25T22:43:30.300Z +60.706s DEBUG [graph] session=292bafc9 compiled generation=2474 fresh=false modules=6 took_us=54
2026-09-25T22:43:30.321Z +60.727s DEBUG [graph] session=292bafc9 compiled generation=2475 fresh=false modules=6 took_us=60
2026-09-25T22:43:30.344Z +60.750s DEBUG [graph] session=292bafc9 compiled generation=2476 fresh=false modules=6 took_us=51
2026-09-25T22:43:30.364Z +60.770s DEBUG [graph] session=292bafc9 compiled generation=2477 fresh=false modules=6 took_us=44
2026-09-25T22:43:30.382Z +60.788s DEBUG [graph] session=292bafc9 compiled generation=2478 fresh=false modules=6 took_us=44
2026-09-25T22:43:30.400Z +60.806s DEBUG [graph] session=292bafc9 compiled generation=2479 fresh=false modules=6 took_us=44
2026-09-25T22:43:30.418Z +60.824s DEBUG [graph] session=292bafc9 compiled generation=2480 fresh=false modules=6 took_us=44
2026-09-25T22:43:30.437Z +60.843s DEBUG [graph] session=292bafc9 compiled generation=2481 fresh=false modules=6 took_us=48
2026-09-25T22:43:30.454Z +60.860s DEBUG [graph] session=292bafc9 compiled generation=2482 fresh=false modules=6 took_us=42
2026-09-25T22:43:30.473Z +60.879s DEBUG [graph] session=292bafc9 compiled generation=2483 fresh=false modules=6 took_us=49
2026-09-25T22:43:30.492Z +60.898s DEBUG [graph] session=292bafc9 compiled generation=2484 fresh=false modules=6 took_us=63
2026-09-25T22:43:30.510Z +60.915s DEBUG [graph] session=292bafc9 compiled generation=2485 fresh=false modules=6 took_us=51
2026-09-25T22:43:30.529Z +60.935s DEBUG [graph] session=292bafc9 compiled generation=2486 fresh=false modules=6 took_us=45
2026-09-25T22:43:30.548Z +60.954s DEBUG [graph] session=292bafc9 compiled generation=2487 fresh=false modules=6 took_us=48
2026-09-25T22:43:30.565Z +60.971s DEBUG [graph] session=292bafc9 compiled generation=2488 fresh=false modules=6 took_us=153
2026-09-25T22:43:30.586Z +60.992s DEBUG [graph] session=292bafc9 compiled generation=2489 fresh=false modules=6 took_us=52
2026-09-25T22:43:30.605Z +61.011s DEBUG [graph] session=292bafc9 compiled generation=2490 fresh=false modules=6 took_us=49
2026-09-25T22:43:30.625Z +61.031s DEBUG [graph] session=292bafc9 compiled generation=2491 fresh=false modules=6 took_us=59
2026-09-25T22:43:30.642Z +61.048s DEBUG [graph] session=292bafc9 compiled generation=2492 fresh=false modules=6 took_us=49
2026-09-25T22:43:30.660Z +61.066s DEBUG [graph] session=292bafc9 compiled generation=2493 fresh=false modules=6 took_us=48
2026-09-25T22:43:30.682Z +61.088s DEBUG [graph] session=292bafc9 compiled generation=2494 fresh=false modules=6 took_us=48
2026-09-25T22:43:30.699Z +61.105s DEBUG [graph] session=292bafc9 compiled generation=2495 fresh=false modules=6 took_us=52
2026-09-25T22:43:30.717Z +61.123s DEBUG [graph] session=292bafc9 compiled generation=2496 fresh=false modules=6 took_us=50
2026-09-25T22:43:30.737Z +61.143s DEBUG [graph] session=292bafc9 compiled generation=2497 fresh=false modules=6 took_us=51
2026-09-25T22:43:30.755Z +61.161s DEBUG [graph] session=292bafc9 compiled generation=2498 fresh=false modules=6 took_us=49
2026-09-25T22:43:30.777Z +61.183s DEBUG [graph] session=292bafc9 compiled generation=2499 fresh=false modules=6 took_us=45
2026-09-25T22:43:30.798Z +61.204s DEBUG [graph] session=292bafc9 compiled generation=2500 fresh=false modules=6 took_us=52
2026-09-25T22:43:30.819Z +61.225s DEBUG [graph] session=292bafc9 compiled generation=2501 fresh=false modules=6 took_us=80
2026-09-25T22:43:30.843Z +61.249s DEBUG [graph] session=292bafc9 compiled generation=2502 fresh=false modules=6 took_us=61
2026-09-25T22:43:30.863Z +61.269s DEBUG [graph] session=292bafc9 compiled generation=2503 fresh=false modules=6 took_us=45
2026-09-25T22:43:30.888Z +61.294s DEBUG [graph] session=292bafc9 compiled generation=2504 fresh=false modules=6 took_us=43
2026-09-25T22:43:30.904Z +61.309s DEBUG [graph] session=292bafc9 compiled generation=2505 fresh=false modules=6 took_us=60
2026-09-25T22:43:30.922Z +61.327s DEBUG [graph] session=292bafc9 compiled generation=2506 fresh=false modules=6 took_us=41
2026-09-25T22:43:30.941Z +61.347s DEBUG [graph] session=292bafc9 compiled generation=2507 fresh=false modules=6 took_us=40
2026-09-25T22:43:30.960Z +61.366s DEBUG [graph] session=292bafc9 compiled generation=2508 fresh=false modules=6 took_us=42
2026-09-25T22:43:30.982Z +61.387s DEBUG [graph] session=292bafc9 compiled generation=2509 fresh=false modules=6 took_us=48
2026-09-25T22:43:31.004Z +61.409s DEBUG [graph] session=292bafc9 compiled generation=2510 fresh=false modules=6 took_us=52
2026-09-25T22:43:31.026Z +61.432s DEBUG [graph] session=292bafc9 compiled generation=2511 fresh=false modules=6 took_us=45
2026-09-25T22:43:31.043Z +61.449s DEBUG [graph] session=292bafc9 compiled generation=2512 fresh=false modules=6 took_us=53
2026-09-25T22:43:31.060Z +61.466s DEBUG [graph] session=292bafc9 compiled generation=2513 fresh=false modules=6 took_us=42
2026-09-25T22:43:31.077Z +61.483s DEBUG [graph] session=292bafc9 compiled generation=2514 fresh=false modules=6 took_us=98
2026-09-25T22:43:31.095Z +61.501s DEBUG [graph] session=292bafc9 compiled generation=2515 fresh=false modules=6 took_us=62
2026-09-25T22:43:31.116Z +61.522s DEBUG [graph] session=292bafc9 compiled generation=2516 fresh=false modules=6 took_us=45
2026-09-25T22:43:31.137Z +61.543s DEBUG [graph] session=292bafc9 compiled generation=2517 fresh=false modules=6 took_us=51
2026-09-25T22:43:31.158Z +61.563s DEBUG [graph] session=292bafc9 compiled generation=2518 fresh=false modules=6 took_us=59
2026-09-25T22:43:31.179Z +61.585s DEBUG [graph] session=292bafc9 compiled generation=2519 fresh=false modules=6 took_us=73
2026-09-25T22:43:31.206Z +61.612s DEBUG [graph] session=292bafc9 compiled generation=2520 fresh=false modules=6 took_us=53
2026-09-25T22:43:31.228Z +61.634s DEBUG [graph] session=292bafc9 compiled generation=2521 fresh=false modules=6 took_us=90
2026-09-25T22:43:31.248Z +61.654s DEBUG [graph] session=292bafc9 compiled generation=2522 fresh=false modules=6 took_us=49
2026-09-25T22:43:31.266Z +61.672s DEBUG [graph] session=292bafc9 compiled generation=2523 fresh=false modules=6 took_us=55
2026-09-25T22:43:31.293Z +61.699s DEBUG [graph] session=292bafc9 compiled generation=2524 fresh=false modules=6 took_us=53
2026-09-25T22:43:31.313Z +61.719s DEBUG [graph] session=292bafc9 compiled generation=2525 fresh=false modules=6 took_us=58
2026-09-25T22:43:31.335Z +61.740s DEBUG [graph] session=292bafc9 compiled generation=2526 fresh=false modules=6 took_us=54
2026-09-25T22:43:31.352Z +61.758s DEBUG [graph] session=292bafc9 compiled generation=2527 fresh=false modules=6 took_us=44
2026-09-25T22:43:31.368Z +61.774s DEBUG [graph] session=292bafc9 compiled generation=2528 fresh=false modules=6 took_us=44
2026-09-25T22:43:31.389Z +61.795s DEBUG [graph] session=292bafc9 compiled generation=2529 fresh=false modules=6 took_us=44
2026-09-25T22:43:31.406Z +61.811s DEBUG [graph] session=292bafc9 compiled generation=2530 fresh=false modules=6 took_us=47
2026-09-25T22:43:31.422Z +61.828s DEBUG [graph] session=292bafc9 compiled generation=2531 fresh=false modules=6 took_us=46
2026-09-25T22:43:31.441Z +61.847s DEBUG [graph] session=292bafc9 compiled generation=2532 fresh=false modules=6 took_us=46
2026-09-25T22:43:31.460Z +61.866s DEBUG [graph] session=292bafc9 compiled generation=2533 fresh=false modules=6 took_us=74
2026-09-25T22:43:31.481Z +61.887s DEBUG [graph] session=292bafc9 compiled generation=2534 fresh=false modules=6 took_us=42
2026-09-25T22:43:31.500Z +61.906s DEBUG [graph] session=292bafc9 compiled generation=2535 fresh=false modules=6 took_us=44
2026-09-25T22:43:31.518Z +61.924s DEBUG [graph] session=292bafc9 compiled generation=2536 fresh=false modules=6 took_us=60
2026-09-25T22:43:31.537Z +61.943s DEBUG [graph] session=292bafc9 compiled generation=2537 fresh=false modules=6 took_us=47
2026-09-25T22:43:31.556Z +61.962s DEBUG [graph] session=292bafc9 compiled generation=2538 fresh=false modules=6 took_us=51
2026-09-25T22:43:31.577Z +61.983s DEBUG [graph] session=292bafc9 compiled generation=2539 fresh=false modules=6 took_us=51
2026-09-25T22:43:31.599Z +62.005s DEBUG [graph] session=292bafc9 compiled generation=2540 fresh=false modules=6 took_us=49
2026-09-25T22:43:31.618Z +62.024s DEBUG [graph] session=292bafc9 compiled generation=2541 fresh=false modules=6 took_us=50
2026-09-25T22:43:31.638Z +62.044s DEBUG [graph] session=292bafc9 compiled generation=2542 fresh=false modules=6 took_us=52
2026-09-25T22:43:31.656Z +62.062s DEBUG [graph] session=292bafc9 compiled generation=2543 fresh=false modules=6 took_us=49
2026-09-25T22:43:31.675Z +62.081s DEBUG [graph] session=292bafc9 compiled generation=2544 fresh=false modules=6 took_us=52
2026-09-25T22:43:31.695Z +62.101s DEBUG [graph] session=292bafc9 compiled generation=2545 fresh=false modules=6 took_us=51
2026-09-25T22:43:31.713Z +62.118s DEBUG [graph] session=292bafc9 compiled generation=2546 fresh=false modules=6 took_us=48
2026-09-25T22:43:31.737Z +62.143s DEBUG [graph] session=292bafc9 compiled generation=2547 fresh=false modules=6 took_us=47
2026-09-25T22:43:31.755Z +62.161s DEBUG [graph] session=292bafc9 compiled generation=2548 fresh=false modules=6 took_us=45
2026-09-25T22:43:31.777Z +62.183s DEBUG [graph] session=292bafc9 compiled generation=2549 fresh=false modules=6 took_us=45
2026-09-25T22:43:31.795Z +62.201s DEBUG [graph] session=292bafc9 compiled generation=2550 fresh=false modules=6 took_us=45
2026-09-25T22:43:31.813Z +62.219s DEBUG [graph] session=292bafc9 compiled generation=2551 fresh=false modules=6 took_us=42
2026-09-25T22:43:31.832Z +62.238s DEBUG [graph] session=292bafc9 compiled generation=2552 fresh=false modules=6 took_us=44
2026-09-25T22:43:31.850Z +62.256s DEBUG [graph] session=292bafc9 compiled generation=2553 fresh=false modules=6 took_us=51
2026-09-25T22:43:31.868Z +62.274s DEBUG [graph] session=292bafc9 compiled generation=2554 fresh=false modules=6 took_us=65
2026-09-25T22:43:31.892Z +62.298s DEBUG [graph] session=292bafc9 compiled generation=2555 fresh=false modules=6 took_us=57
2026-09-25T22:43:31.911Z +62.317s DEBUG [graph] session=292bafc9 compiled generation=2556 fresh=false modules=6 took_us=52
2026-09-25T22:43:31.932Z +62.338s DEBUG [graph] session=292bafc9 compiled generation=2557 fresh=false modules=6 took_us=53
2026-09-25T22:43:31.950Z +62.356s DEBUG [graph] session=292bafc9 compiled generation=2558 fresh=false modules=6 took_us=51
2026-09-25T22:43:31.967Z +62.373s DEBUG [graph] session=292bafc9 compiled generation=2559 fresh=false modules=6 took_us=51
2026-09-25T22:43:31.988Z +62.393s DEBUG [graph] session=292bafc9 compiled generation=2560 fresh=false modules=6 took_us=66
2026-09-25T22:43:32.005Z +62.411s DEBUG [graph] session=292bafc9 compiled generation=2561 fresh=false modules=6 took_us=45
2026-09-25T22:43:32.022Z +62.428s DEBUG [graph] session=292bafc9 compiled generation=2562 fresh=false modules=6 took_us=44
2026-09-25T22:43:32.041Z +62.447s DEBUG [graph] session=292bafc9 compiled generation=2563 fresh=false modules=6 took_us=44
2026-09-25T22:43:32.060Z +62.466s DEBUG [graph] session=292bafc9 compiled generation=2564 fresh=false modules=6 took_us=52
2026-09-25T22:43:32.081Z +62.487s DEBUG [graph] session=292bafc9 compiled generation=2565 fresh=false modules=6 took_us=51
2026-09-25T22:43:32.099Z +62.505s DEBUG [graph] session=292bafc9 compiled generation=2566 fresh=false modules=6 took_us=44
2026-09-25T22:43:32.118Z +62.524s DEBUG [graph] session=292bafc9 compiled generation=2567 fresh=false modules=6 took_us=46
2026-09-25T22:43:32.139Z +62.545s DEBUG [graph] session=292bafc9 compiled generation=2568 fresh=false modules=6 took_us=44
2026-09-25T22:43:32.156Z +62.562s DEBUG [graph] session=292bafc9 compiled generation=2569 fresh=false modules=6 took_us=42
2026-09-25T22:43:32.174Z +62.579s DEBUG [graph] session=292bafc9 compiled generation=2570 fresh=false modules=6 took_us=70
2026-09-25T22:43:32.193Z +62.599s DEBUG [graph] session=292bafc9 compiled generation=2571 fresh=false modules=6 took_us=50
2026-09-25T22:43:32.211Z +62.617s DEBUG [graph] session=292bafc9 compiled generation=2572 fresh=false modules=6 took_us=49
2026-09-25T22:43:32.231Z +62.636s DEBUG [graph] session=292bafc9 compiled generation=2573 fresh=false modules=6 took_us=51
2026-09-25T22:43:32.250Z +62.656s DEBUG [graph] session=292bafc9 compiled generation=2574 fresh=false modules=6 took_us=62
2026-09-25T22:43:32.272Z +62.678s DEBUG [graph] session=292bafc9 compiled generation=2575 fresh=false modules=6 took_us=46
2026-09-25T22:43:32.298Z +62.704s DEBUG [graph] session=292bafc9 compiled generation=2576 fresh=false modules=6 took_us=57
2026-09-25T22:43:32.316Z +62.722s DEBUG [graph] session=292bafc9 compiled generation=2577 fresh=false modules=6 took_us=52
2026-09-25T22:43:32.337Z +62.742s DEBUG [graph] session=292bafc9 compiled generation=2578 fresh=false modules=6 took_us=52
2026-09-25T22:43:32.355Z +62.760s DEBUG [graph] session=292bafc9 compiled generation=2579 fresh=false modules=6 took_us=42
2026-09-25T22:43:32.372Z +62.778s DEBUG [graph] session=292bafc9 compiled generation=2580 fresh=false modules=6 took_us=44
2026-09-25T22:43:32.394Z +62.799s DEBUG [graph] session=292bafc9 compiled generation=2581 fresh=false modules=6 took_us=86
2026-09-25T22:43:32.415Z +62.821s DEBUG [graph] session=292bafc9 compiled generation=2582 fresh=false modules=6 took_us=49
2026-09-25T22:43:32.442Z +62.848s DEBUG [graph] session=292bafc9 compiled generation=2583 fresh=false modules=6 took_us=48
2026-09-25T22:43:32.461Z +62.867s DEBUG [graph] session=292bafc9 compiled generation=2584 fresh=false modules=6 took_us=49
2026-09-25T22:43:32.483Z +62.889s DEBUG [graph] session=292bafc9 compiled generation=2585 fresh=false modules=6 took_us=54
2026-09-25T22:43:32.500Z +62.906s DEBUG [graph] session=292bafc9 compiled generation=2586 fresh=false modules=6 took_us=51
2026-09-25T22:43:32.517Z +62.923s DEBUG [graph] session=292bafc9 compiled generation=2587 fresh=false modules=6 took_us=50
2026-09-25T22:43:32.537Z +62.943s DEBUG [graph] session=292bafc9 compiled generation=2588 fresh=false modules=6 took_us=43
2026-09-25T22:43:32.555Z +62.961s DEBUG [graph] session=292bafc9 compiled generation=2589 fresh=false modules=6 took_us=45
2026-09-25T22:43:32.571Z +62.977s DEBUG [graph] session=292bafc9 compiled generation=2590 fresh=false modules=6 took_us=43
2026-09-25T22:43:32.590Z +62.996s DEBUG [graph] session=292bafc9 compiled generation=2591 fresh=false modules=6 took_us=54
2026-09-25T22:43:32.608Z +63.013s DEBUG [graph] session=292bafc9 compiled generation=2592 fresh=false modules=6 took_us=50
2026-09-25T22:43:32.624Z +63.030s DEBUG [graph] session=292bafc9 compiled generation=2593 fresh=false modules=6 took_us=53
2026-09-25T22:43:32.640Z +63.046s DEBUG [graph] session=292bafc9 compiled generation=2594 fresh=false modules=6 took_us=42
2026-09-25T22:43:32.656Z +63.062s DEBUG [graph] session=292bafc9 compiled generation=2595 fresh=false modules=6 took_us=55
2026-09-25T22:43:32.673Z +63.079s DEBUG [graph] session=292bafc9 compiled generation=2596 fresh=false modules=6 took_us=42
2026-09-25T22:43:32.695Z +63.100s DEBUG [graph] session=292bafc9 compiled generation=2597 fresh=false modules=6 took_us=51
2026-09-25T22:43:32.715Z +63.121s DEBUG [graph] session=292bafc9 compiled generation=2598 fresh=false modules=6 took_us=44
2026-09-25T22:43:32.733Z +63.139s DEBUG [graph] session=292bafc9 compiled generation=2599 fresh=false modules=6 took_us=52
2026-09-25T22:43:32.750Z +63.156s DEBUG [graph] session=292bafc9 compiled generation=2600 fresh=false modules=6 took_us=50
2026-09-25T22:43:32.767Z +63.173s DEBUG [graph] session=292bafc9 compiled generation=2601 fresh=false modules=6 took_us=50
2026-09-25T22:43:32.789Z +63.195s DEBUG [graph] session=292bafc9 compiled generation=2602 fresh=false modules=6 took_us=55
2026-09-25T22:43:32.806Z +63.212s DEBUG [graph] session=292bafc9 compiled generation=2603 fresh=false modules=6 took_us=67
2026-09-25T22:43:32.829Z +63.234s DEBUG [graph] session=292bafc9 compiled generation=2604 fresh=false modules=6 took_us=44
2026-09-25T22:43:32.851Z +63.257s DEBUG [graph] session=292bafc9 compiled generation=2605 fresh=false modules=6 took_us=62
2026-09-25T22:43:32.872Z +63.278s DEBUG [graph] session=292bafc9 compiled generation=2606 fresh=false modules=6 took_us=50
2026-09-25T22:43:32.897Z +63.303s DEBUG [graph] session=292bafc9 compiled generation=2607 fresh=false modules=6 took_us=50
2026-09-25T22:43:32.920Z +63.326s DEBUG [graph] session=292bafc9 compiled generation=2608 fresh=false modules=6 took_us=64
2026-09-25T22:43:32.947Z +63.353s DEBUG [graph] session=292bafc9 compiled generation=2609 fresh=false modules=6 took_us=52
2026-09-25T22:43:32.968Z +63.374s DEBUG [graph] session=292bafc9 compiled generation=2610 fresh=false modules=6 took_us=44
2026-09-25T22:43:32.993Z +63.399s DEBUG [graph] session=292bafc9 compiled generation=2611 fresh=false modules=6 took_us=53
2026-09-25T22:43:33.012Z +63.418s DEBUG [graph] session=292bafc9 compiled generation=2612 fresh=false modules=6 took_us=52
2026-09-25T22:43:33.029Z +63.435s DEBUG [graph] session=292bafc9 compiled generation=2613 fresh=false modules=6 took_us=51
2026-09-25T22:43:33.053Z +63.459s DEBUG [graph] session=292bafc9 compiled generation=2614 fresh=false modules=6 took_us=48
2026-09-25T22:43:33.072Z +63.478s DEBUG [graph] session=292bafc9 compiled generation=2615 fresh=false modules=6 took_us=45
2026-09-25T22:43:33.090Z +63.496s DEBUG [graph] session=292bafc9 compiled generation=2616 fresh=false modules=6 took_us=44
2026-09-25T22:43:33.109Z +63.515s DEBUG [graph] session=292bafc9 compiled generation=2617 fresh=false modules=6 took_us=50
2026-09-25T22:43:33.130Z +63.536s DEBUG [graph] session=292bafc9 compiled generation=2618 fresh=false modules=6 took_us=64
2026-09-25T22:43:33.150Z +63.555s DEBUG [graph] session=292bafc9 compiled generation=2619 fresh=false modules=6 took_us=50
2026-09-25T22:43:33.169Z +63.575s DEBUG [graph] session=292bafc9 compiled generation=2620 fresh=false modules=6 took_us=50
2026-09-25T22:43:33.189Z +63.595s DEBUG [graph] session=292bafc9 compiled generation=2621 fresh=false modules=6 took_us=53
2026-09-25T22:43:33.212Z +63.618s DEBUG [graph] session=292bafc9 compiled generation=2622 fresh=false modules=6 took_us=50
2026-09-25T22:43:33.234Z +63.640s DEBUG [graph] session=292bafc9 compiled generation=2623 fresh=false modules=6 took_us=49
2026-09-25T22:43:33.252Z +63.658s DEBUG [graph] session=292bafc9 compiled generation=2624 fresh=false modules=6 took_us=63
2026-09-25T22:43:33.273Z +63.679s DEBUG [graph] session=292bafc9 compiled generation=2625 fresh=false modules=6 took_us=59
2026-09-25T22:43:33.293Z +63.699s DEBUG [graph] session=292bafc9 compiled generation=2626 fresh=false modules=6 took_us=70
2026-09-25T22:43:33.315Z +63.721s DEBUG [graph] session=292bafc9 compiled generation=2627 fresh=false modules=6 took_us=59
2026-09-25T22:43:33.340Z +63.746s DEBUG [graph] session=292bafc9 compiled generation=2628 fresh=false modules=6 took_us=75
2026-09-25T22:43:33.360Z +63.765s DEBUG [graph] session=292bafc9 compiled generation=2629 fresh=false modules=6 took_us=58
2026-09-25T22:43:33.385Z +63.791s DEBUG [graph] session=292bafc9 compiled generation=2630 fresh=false modules=6 took_us=60
2026-09-25T22:43:33.404Z +63.810s DEBUG [graph] session=292bafc9 compiled generation=2631 fresh=false modules=6 took_us=73
2026-09-25T22:43:33.425Z +63.831s DEBUG [graph] session=292bafc9 compiled generation=2632 fresh=false modules=6 took_us=45
2026-09-25T22:43:33.443Z +63.849s DEBUG [graph] session=292bafc9 compiled generation=2633 fresh=false modules=6 took_us=42
2026-09-25T22:43:33.459Z +63.865s DEBUG [graph] session=292bafc9 compiled generation=2634 fresh=false modules=6 took_us=44
2026-09-25T22:43:33.480Z +63.885s DEBUG [graph] session=292bafc9 compiled generation=2635 fresh=false modules=6 took_us=49
2026-09-25T22:43:33.498Z +63.904s DEBUG [graph] session=292bafc9 compiled generation=2636 fresh=false modules=6 took_us=43
2026-09-25T22:43:33.515Z +63.921s DEBUG [graph] session=292bafc9 compiled generation=2637 fresh=false modules=6 took_us=45
2026-09-25T22:43:33.538Z +63.944s DEBUG [graph] session=292bafc9 compiled generation=2638 fresh=false modules=6 took_us=45
2026-09-25T22:43:33.555Z +63.961s DEBUG [graph] session=292bafc9 compiled generation=2639 fresh=false modules=6 took_us=46
2026-09-25T22:43:33.574Z +63.980s DEBUG [graph] session=292bafc9 compiled generation=2640 fresh=false modules=6 took_us=53
2026-09-25T22:43:33.596Z +64.002s DEBUG [graph] session=292bafc9 compiled generation=2641 fresh=false modules=6 took_us=51
2026-09-25T22:43:33.615Z +64.021s DEBUG [graph] session=292bafc9 compiled generation=2642 fresh=false modules=6 took_us=55
2026-09-25T22:43:33.637Z +64.043s DEBUG [graph] session=292bafc9 compiled generation=2643 fresh=false modules=6 took_us=49
2026-09-25T22:43:33.656Z +64.062s DEBUG [graph] session=292bafc9 compiled generation=2644 fresh=false modules=6 took_us=43
2026-09-25T22:43:33.674Z +64.079s DEBUG [graph] session=292bafc9 compiled generation=2645 fresh=false modules=6 took_us=48
2026-09-25T22:43:33.692Z +64.098s DEBUG [graph] session=292bafc9 compiled generation=2646 fresh=false modules=6 took_us=42
2026-09-25T22:43:33.709Z +64.115s DEBUG [graph] session=292bafc9 compiled generation=2647 fresh=false modules=6 took_us=49
2026-09-25T22:43:33.728Z +64.134s DEBUG [graph] session=292bafc9 compiled generation=2648 fresh=false modules=6 took_us=52
2026-09-25T22:43:33.749Z +64.155s DEBUG [graph] session=292bafc9 compiled generation=2649 fresh=false modules=6 took_us=45
2026-09-25T22:43:33.768Z +64.174s DEBUG [graph] session=292bafc9 compiled generation=2650 fresh=false modules=6 took_us=44
2026-09-25T22:43:33.786Z +64.192s DEBUG [graph] session=292bafc9 compiled generation=2651 fresh=false modules=6 took_us=45
2026-09-25T22:43:33.802Z +64.208s DEBUG [graph] session=292bafc9 compiled generation=2652 fresh=false modules=6 took_us=44
2026-09-25T22:43:33.819Z +64.225s DEBUG [graph] session=292bafc9 compiled generation=2653 fresh=false modules=6 took_us=44
2026-09-25T22:43:33.842Z +64.247s DEBUG [graph] session=292bafc9 compiled generation=2654 fresh=false modules=6 took_us=70
2026-09-25T22:43:33.861Z +64.267s DEBUG [graph] session=292bafc9 compiled generation=2655 fresh=false modules=6 took_us=44
2026-09-25T22:43:33.881Z +64.287s DEBUG [graph] session=292bafc9 compiled generation=2656 fresh=false modules=6 took_us=48
2026-09-25T22:43:33.899Z +64.305s DEBUG [graph] session=292bafc9 compiled generation=2657 fresh=false modules=6 took_us=50
2026-09-25T22:43:33.917Z +64.322s DEBUG [graph] session=292bafc9 compiled generation=2658 fresh=false modules=6 took_us=48
2026-09-25T22:43:33.940Z +64.346s DEBUG [graph] session=292bafc9 compiled generation=2659 fresh=false modules=6 took_us=44
2026-09-25T22:43:33.956Z +64.362s DEBUG [graph] session=292bafc9 compiled generation=2660 fresh=false modules=6 took_us=44
2026-09-25T22:43:33.973Z +64.379s DEBUG [graph] session=292bafc9 compiled generation=2661 fresh=false modules=6 took_us=44
2026-09-25T22:43:33.994Z +64.400s DEBUG [graph] session=292bafc9 compiled generation=2662 fresh=false modules=6 took_us=53
2026-09-25T22:43:34.012Z +64.418s DEBUG [graph] session=292bafc9 compiled generation=2663 fresh=false modules=6 took_us=45
2026-09-25T22:43:34.029Z +64.435s DEBUG [graph] session=292bafc9 compiled generation=2664 fresh=false modules=6 took_us=45
2026-09-25T22:43:34.048Z +64.454s DEBUG [graph] session=292bafc9 compiled generation=2665 fresh=false modules=6 took_us=50
2026-09-25T22:43:34.066Z +64.471s DEBUG [graph] session=292bafc9 compiled generation=2666 fresh=false modules=6 took_us=78
2026-09-25T22:43:34.087Z +64.493s DEBUG [graph] session=292bafc9 compiled generation=2667 fresh=false modules=6 took_us=48
2026-09-25T22:43:34.104Z +64.510s DEBUG [graph] session=292bafc9 compiled generation=2668 fresh=false modules=6 took_us=44
2026-09-25T22:43:34.120Z +64.526s DEBUG [graph] session=292bafc9 compiled generation=2669 fresh=false modules=6 took_us=46
2026-09-25T22:43:34.146Z +64.551s DEBUG [graph] session=292bafc9 compiled generation=2670 fresh=false modules=6 took_us=78
2026-09-25T22:43:34.164Z +64.569s DEBUG [graph] session=292bafc9 compiled generation=2671 fresh=false modules=6 took_us=68
2026-09-25T22:43:34.183Z +64.588s DEBUG [graph] session=292bafc9 compiled generation=2672 fresh=false modules=6 took_us=44
2026-09-25T22:43:34.199Z +64.605s DEBUG [graph] session=292bafc9 compiled generation=2673 fresh=false modules=6 took_us=48
2026-09-25T22:43:34.220Z +64.626s DEBUG [graph] session=292bafc9 compiled generation=2674 fresh=false modules=6 took_us=50
2026-09-25T22:43:34.243Z +64.649s DEBUG [graph] session=292bafc9 compiled generation=2675 fresh=false modules=6 took_us=59
2026-09-25T22:43:34.260Z +64.666s DEBUG [graph] session=292bafc9 compiled generation=2676 fresh=false modules=6 took_us=47
2026-09-25T22:43:34.277Z +64.683s DEBUG [graph] session=292bafc9 compiled generation=2677 fresh=false modules=6 took_us=47
2026-09-25T22:43:34.293Z +64.699s DEBUG [graph] session=292bafc9 compiled generation=2678 fresh=false modules=6 took_us=52
2026-09-25T22:43:34.310Z +64.716s DEBUG [graph] session=292bafc9 compiled generation=2679 fresh=false modules=6 took_us=45
2026-09-25T22:43:34.332Z +64.738s DEBUG [graph] session=292bafc9 compiled generation=2680 fresh=false modules=6 took_us=43
2026-09-25T22:43:34.348Z +64.754s DEBUG [graph] session=292bafc9 compiled generation=2681 fresh=false modules=6 took_us=44
2026-09-25T22:43:34.364Z +64.770s DEBUG [graph] session=292bafc9 compiled generation=2682 fresh=false modules=6 took_us=43
2026-09-25T22:43:34.382Z +64.788s DEBUG [graph] session=292bafc9 compiled generation=2683 fresh=false modules=6 took_us=44
2026-09-25T22:43:34.402Z +64.808s DEBUG [graph] session=292bafc9 compiled generation=2684 fresh=false modules=6 took_us=46
2026-09-25T22:43:34.424Z +64.830s DEBUG [graph] session=292bafc9 compiled generation=2685 fresh=false modules=6 took_us=44
2026-09-25T22:43:34.442Z +64.847s DEBUG [graph] session=292bafc9 compiled generation=2686 fresh=false modules=6 took_us=72
2026-09-25T22:43:34.461Z +64.867s DEBUG [graph] session=292bafc9 compiled generation=2687 fresh=false modules=6 took_us=52
2026-09-25T22:43:34.482Z +64.888s DEBUG [graph] session=292bafc9 compiled generation=2688 fresh=false modules=6 took_us=46
2026-09-25T22:43:34.499Z +64.905s DEBUG [graph] session=292bafc9 compiled generation=2689 fresh=false modules=6 took_us=49
2026-09-25T22:43:34.517Z +64.923s DEBUG [graph] session=292bafc9 compiled generation=2690 fresh=false modules=6 took_us=192
2026-09-25T22:43:34.540Z +64.946s DEBUG [graph] session=292bafc9 compiled generation=2691 fresh=false modules=6 took_us=55
2026-09-25T22:43:34.557Z +64.963s DEBUG [graph] session=292bafc9 compiled generation=2692 fresh=false modules=6 took_us=42
2026-09-25T22:43:34.578Z +64.983s DEBUG [graph] session=292bafc9 compiled generation=2693 fresh=false modules=6 took_us=71
2026-09-25T22:43:34.597Z +65.003s DEBUG [graph] session=292bafc9 compiled generation=2694 fresh=false modules=6 took_us=51
2026-09-25T22:43:34.617Z +65.023s DEBUG [graph] session=292bafc9 compiled generation=2695 fresh=false modules=6 took_us=49
2026-09-25T22:43:34.638Z +65.044s DEBUG [graph] session=292bafc9 compiled generation=2696 fresh=false modules=6 took_us=48
2026-09-25T22:43:34.655Z +65.060s DEBUG [graph] session=292bafc9 compiled generation=2697 fresh=false modules=6 took_us=77
2026-09-25T22:43:34.672Z +65.077s DEBUG [graph] session=292bafc9 compiled generation=2698 fresh=false modules=6 took_us=48
2026-09-25T22:43:34.691Z +65.097s DEBUG [graph] session=292bafc9 compiled generation=2699 fresh=false modules=6 took_us=104
2026-09-25T22:43:34.708Z +65.114s DEBUG [graph] session=292bafc9 compiled generation=2700 fresh=false modules=6 took_us=48
2026-09-25T22:43:34.732Z +65.138s DEBUG [graph] session=292bafc9 compiled generation=2701 fresh=false modules=6 took_us=48
2026-09-25T22:43:34.750Z +65.156s DEBUG [graph] session=292bafc9 compiled generation=2702 fresh=false modules=6 took_us=50
2026-09-25T22:43:34.768Z +65.174s DEBUG [graph] session=292bafc9 compiled generation=2703 fresh=false modules=6 took_us=49
2026-09-25T22:43:34.787Z +65.193s DEBUG [graph] session=292bafc9 compiled generation=2704 fresh=false modules=6 took_us=46
2026-09-25T22:43:34.806Z +65.212s DEBUG [graph] session=292bafc9 compiled generation=2705 fresh=false modules=6 took_us=46
2026-09-25T22:43:34.823Z +65.229s DEBUG [graph] session=292bafc9 compiled generation=2706 fresh=false modules=6 took_us=45
2026-09-25T22:43:34.844Z +65.250s DEBUG [graph] session=292bafc9 compiled generation=2707 fresh=false modules=6 took_us=44
2026-09-25T22:43:34.860Z +65.266s DEBUG [graph] session=292bafc9 compiled generation=2708 fresh=false modules=6 took_us=43
2026-09-25T22:43:34.879Z +65.285s DEBUG [graph] session=292bafc9 compiled generation=2709 fresh=false modules=6 took_us=50
2026-09-25T22:43:34.897Z +65.303s DEBUG [graph] session=292bafc9 compiled generation=2710 fresh=false modules=6 took_us=44
2026-09-25T22:43:34.914Z +65.320s DEBUG [graph] session=292bafc9 compiled generation=2711 fresh=false modules=6 took_us=57
2026-09-25T22:43:34.936Z +65.342s DEBUG [graph] session=292bafc9 compiled generation=2712 fresh=false modules=6 took_us=45
2026-09-25T22:43:34.953Z +65.359s DEBUG [graph] session=292bafc9 compiled generation=2713 fresh=false modules=6 took_us=45
2026-09-25T22:43:34.970Z +65.376s DEBUG [graph] session=292bafc9 compiled generation=2714 fresh=false modules=6 took_us=49
2026-09-25T22:43:34.995Z +65.400s DEBUG [graph] session=292bafc9 compiled generation=2715 fresh=false modules=6 took_us=82
2026-09-25T22:43:35.013Z +65.418s DEBUG [graph] session=292bafc9 compiled generation=2716 fresh=false modules=6 took_us=71
2026-09-25T22:43:35.050Z +65.456s DEBUG [graph] session=292bafc9 compiled generation=2717 fresh=false modules=6 took_us=49
2026-09-25T22:43:35.067Z +65.473s DEBUG [graph] session=292bafc9 compiled generation=2718 fresh=false modules=6 took_us=54
2026-09-25T22:43:35.092Z +65.498s DEBUG [graph] session=292bafc9 compiled generation=2719 fresh=false modules=6 took_us=49
2026-09-25T22:43:35.111Z +65.517s DEBUG [graph] session=292bafc9 compiled generation=2720 fresh=false modules=6 took_us=51
2026-09-25T22:43:35.131Z +65.537s DEBUG [graph] session=292bafc9 compiled generation=2721 fresh=false modules=6 took_us=51
2026-09-25T22:43:35.151Z +65.557s DEBUG [graph] session=292bafc9 compiled generation=2722 fresh=false modules=6 took_us=49
2026-09-25T22:43:35.168Z +65.574s DEBUG [graph] session=292bafc9 compiled generation=2723 fresh=false modules=6 took_us=44
2026-09-25T22:43:35.191Z +65.597s DEBUG [graph] session=292bafc9 compiled generation=2724 fresh=false modules=6 took_us=80
2026-09-25T22:43:35.211Z +65.617s DEBUG [graph] session=292bafc9 compiled generation=2725 fresh=false modules=6 took_us=47
2026-09-25T22:43:35.231Z +65.637s DEBUG [graph] session=292bafc9 compiled generation=2726 fresh=false modules=6 took_us=43
2026-09-25T22:43:35.251Z +65.657s DEBUG [graph] session=292bafc9 compiled generation=2727 fresh=false modules=6 took_us=57
2026-09-25T22:43:35.272Z +65.678s DEBUG [graph] session=292bafc9 compiled generation=2728 fresh=false modules=6 took_us=48
2026-09-25T22:43:35.293Z +65.699s DEBUG [graph] session=292bafc9 compiled generation=2729 fresh=false modules=6 took_us=63
2026-09-25T22:43:35.312Z +65.717s DEBUG [graph] session=292bafc9 compiled generation=2730 fresh=false modules=6 took_us=50
2026-09-25T22:43:35.332Z +65.737s DEBUG [graph] session=292bafc9 compiled generation=2731 fresh=false modules=6 took_us=50
2026-09-25T22:43:35.350Z +65.756s DEBUG [graph] session=292bafc9 compiled generation=2732 fresh=false modules=6 took_us=51
2026-09-25T22:43:35.367Z +65.773s DEBUG [graph] session=292bafc9 compiled generation=2733 fresh=false modules=6 took_us=52
2026-09-25T22:43:35.390Z +65.796s DEBUG [graph] session=292bafc9 compiled generation=2734 fresh=false modules=6 took_us=51
2026-09-25T22:43:35.409Z +65.815s DEBUG [graph] session=292bafc9 compiled generation=2735 fresh=false modules=6 took_us=48
2026-09-25T22:43:35.435Z +65.841s DEBUG [graph] session=292bafc9 compiled generation=2736 fresh=false modules=6 took_us=3447
2026-09-25T22:43:35.455Z +65.861s DEBUG [graph] session=292bafc9 compiled generation=2737 fresh=false modules=6 took_us=51
2026-09-25T22:43:35.479Z +65.885s DEBUG [graph] session=292bafc9 compiled generation=2738 fresh=false modules=6 took_us=43
2026-09-25T22:43:35.497Z +65.902s DEBUG [graph] session=292bafc9 compiled generation=2739 fresh=false modules=6 took_us=60
2026-09-25T22:43:35.514Z +65.920s DEBUG [graph] session=292bafc9 compiled generation=2740 fresh=false modules=6 took_us=43
2026-09-25T22:43:35.534Z +65.939s DEBUG [graph] session=292bafc9 compiled generation=2741 fresh=false modules=6 took_us=71
2026-09-25T22:43:35.550Z +65.956s DEBUG [graph] session=292bafc9 compiled generation=2742 fresh=false modules=6 took_us=43
2026-09-25T22:43:35.569Z +65.975s DEBUG [graph] session=292bafc9 compiled generation=2743 fresh=false modules=6 took_us=43
2026-09-25T22:43:35.590Z +65.995s DEBUG [graph] session=292bafc9 compiled generation=2744 fresh=false modules=6 took_us=69
2026-09-25T22:43:35.611Z +66.017s DEBUG [graph] session=292bafc9 compiled generation=2745 fresh=false modules=6 took_us=59
2026-09-25T22:43:35.629Z +66.035s DEBUG [graph] session=292bafc9 compiled generation=2746 fresh=false modules=6 took_us=50
2026-09-25T22:43:35.650Z +66.056s DEBUG [graph] session=292bafc9 compiled generation=2747 fresh=false modules=6 took_us=51
2026-09-25T22:43:35.671Z +66.077s DEBUG [graph] session=292bafc9 compiled generation=2748 fresh=false modules=6 took_us=47
2026-09-25T22:43:35.690Z +66.095s DEBUG [graph] session=292bafc9 compiled generation=2749 fresh=false modules=6 took_us=45
2026-09-25T22:43:35.708Z +66.114s DEBUG [graph] session=292bafc9 compiled generation=2750 fresh=false modules=6 took_us=49
2026-09-25T22:43:35.730Z +66.136s DEBUG [graph] session=292bafc9 compiled generation=2751 fresh=false modules=6 took_us=42
2026-09-25T22:43:35.747Z +66.153s DEBUG [graph] session=292bafc9 compiled generation=2752 fresh=false modules=6 took_us=42
2026-09-25T22:43:35.763Z +66.169s DEBUG [graph] session=292bafc9 compiled generation=2753 fresh=false modules=6 took_us=64
2026-09-25T22:43:35.783Z +66.188s DEBUG [graph] session=292bafc9 compiled generation=2754 fresh=false modules=6 took_us=84
2026-09-25T22:43:35.801Z +66.207s DEBUG [graph] session=292bafc9 compiled generation=2755 fresh=false modules=6 took_us=49
2026-09-25T22:43:35.819Z +66.225s DEBUG [graph] session=292bafc9 compiled generation=2756 fresh=false modules=6 took_us=50
2026-09-25T22:43:35.839Z +66.244s DEBUG [graph] session=292bafc9 compiled generation=2757 fresh=false modules=6 took_us=75
2026-09-25T22:43:35.856Z +66.262s DEBUG [graph] session=292bafc9 compiled generation=2758 fresh=false modules=6 took_us=50
2026-09-25T22:43:35.874Z +66.280s DEBUG [graph] session=292bafc9 compiled generation=2759 fresh=false modules=6 took_us=45
2026-09-25T22:43:35.894Z +66.300s DEBUG [graph] session=292bafc9 compiled generation=2760 fresh=false modules=6 took_us=60
2026-09-25T22:43:35.916Z +66.322s DEBUG [graph] session=292bafc9 compiled generation=2761 fresh=false modules=6 took_us=50
2026-09-25T22:43:35.936Z +66.342s DEBUG [graph] session=292bafc9 compiled generation=2762 fresh=false modules=6 took_us=47
2026-09-25T22:43:35.955Z +66.361s DEBUG [graph] session=292bafc9 compiled generation=2763 fresh=false modules=6 took_us=51
2026-09-25T22:43:35.974Z +66.380s DEBUG [graph] session=292bafc9 compiled generation=2764 fresh=false modules=6 took_us=49
2026-09-25T22:43:35.998Z +66.404s DEBUG [graph] session=292bafc9 compiled generation=2765 fresh=false modules=6 took_us=58
2026-09-25T22:43:36.018Z +66.424s DEBUG [graph] session=292bafc9 compiled generation=2766 fresh=false modules=6 took_us=54
2026-09-25T22:43:36.040Z +66.446s DEBUG [graph] session=292bafc9 compiled generation=2767 fresh=false modules=6 took_us=47
2026-09-25T22:43:36.057Z +66.463s DEBUG [graph] session=292bafc9 compiled generation=2768 fresh=false modules=6 took_us=59
2026-09-25T22:43:36.077Z +66.483s DEBUG [graph] session=292bafc9 compiled generation=2769 fresh=false modules=6 took_us=47
2026-09-25T22:43:36.096Z +66.502s DEBUG [graph] session=292bafc9 compiled generation=2770 fresh=false modules=6 took_us=44
2026-09-25T22:43:36.113Z +66.519s DEBUG [graph] session=292bafc9 compiled generation=2771 fresh=false modules=6 took_us=42
2026-09-25T22:43:36.134Z +66.540s DEBUG [graph] session=292bafc9 compiled generation=2772 fresh=false modules=6 took_us=52
2026-09-25T22:43:36.152Z +66.558s DEBUG [graph] session=292bafc9 compiled generation=2773 fresh=false modules=6 took_us=47
2026-09-25T22:43:36.172Z +66.578s DEBUG [graph] session=292bafc9 compiled generation=2774 fresh=false modules=6 took_us=48
2026-09-25T22:43:36.194Z +66.600s DEBUG [graph] session=292bafc9 compiled generation=2775 fresh=false modules=6 took_us=48
2026-09-25T22:43:36.212Z +66.617s DEBUG [graph] session=292bafc9 compiled generation=2776 fresh=false modules=6 took_us=47
2026-09-25T22:43:36.233Z +66.638s DEBUG [graph] session=292bafc9 compiled generation=2777 fresh=false modules=6 took_us=45
2026-09-25T22:43:36.250Z +66.656s DEBUG [graph] session=292bafc9 compiled generation=2778 fresh=false modules=6 took_us=43
2026-09-25T22:43:36.267Z +66.673s DEBUG [graph] session=292bafc9 compiled generation=2779 fresh=false modules=6 took_us=43
2026-09-25T22:43:36.290Z +66.696s DEBUG [graph] session=292bafc9 compiled generation=2780 fresh=false modules=6 took_us=50
2026-09-25T22:43:36.308Z +66.714s DEBUG [graph] session=292bafc9 compiled generation=2781 fresh=false modules=6 took_us=50
2026-09-25T22:43:36.328Z +66.734s DEBUG [graph] session=292bafc9 compiled generation=2782 fresh=false modules=6 took_us=48
2026-09-25T22:43:36.344Z +66.750s DEBUG [graph] session=292bafc9 compiled generation=2783 fresh=false modules=6 took_us=46
2026-09-25T22:43:36.362Z +66.768s DEBUG [graph] session=292bafc9 compiled generation=2784 fresh=false modules=6 took_us=50
2026-09-25T22:43:36.380Z +66.786s DEBUG [graph] session=292bafc9 compiled generation=2785 fresh=false modules=6 took_us=46
2026-09-25T22:43:36.399Z +66.805s DEBUG [graph] session=292bafc9 compiled generation=2786 fresh=false modules=6 took_us=54
2026-09-25T22:43:36.420Z +66.826s DEBUG [graph] session=292bafc9 compiled generation=2787 fresh=false modules=6 took_us=49
2026-09-25T22:43:36.440Z +66.846s DEBUG [graph] session=292bafc9 compiled generation=2788 fresh=false modules=6 took_us=50
2026-09-25T22:43:36.461Z +66.867s DEBUG [graph] session=292bafc9 compiled generation=2789 fresh=false modules=6 took_us=51
2026-09-25T22:43:36.481Z +66.887s DEBUG [graph] session=292bafc9 compiled generation=2790 fresh=false modules=6 took_us=52
2026-09-25T22:43:36.503Z +66.909s DEBUG [graph] session=292bafc9 compiled generation=2791 fresh=false modules=6 took_us=50
2026-09-25T22:43:36.521Z +66.926s DEBUG [graph] session=292bafc9 compiled generation=2792 fresh=false modules=6 took_us=68
2026-09-25T22:43:36.540Z +66.946s DEBUG [graph] session=292bafc9 compiled generation=2793 fresh=false modules=6 took_us=46
2026-09-25T22:43:36.557Z +66.963s DEBUG [graph] session=292bafc9 compiled generation=2794 fresh=false modules=6 took_us=45
2026-09-25T22:43:36.576Z +66.982s DEBUG [graph] session=292bafc9 compiled generation=2795 fresh=false modules=6 took_us=45
2026-09-25T22:43:36.595Z +67.001s DEBUG [graph] session=292bafc9 compiled generation=2796 fresh=false modules=6 took_us=47
2026-09-25T22:43:36.612Z +67.018s DEBUG [graph] session=292bafc9 compiled generation=2797 fresh=false modules=6 took_us=46
2026-09-25T22:43:36.634Z +67.040s DEBUG [graph] session=292bafc9 compiled generation=2798 fresh=false modules=6 took_us=51
2026-09-25T22:43:36.653Z +67.059s DEBUG [graph] session=292bafc9 compiled generation=2799 fresh=false modules=6 took_us=51
2026-09-25T22:43:36.674Z +67.080s DEBUG [graph] session=292bafc9 compiled generation=2800 fresh=false modules=6 took_us=58
2026-09-25T22:43:36.694Z +67.100s DEBUG [graph] session=292bafc9 compiled generation=2801 fresh=false modules=6 took_us=41
2026-09-25T22:43:36.719Z +67.125s DEBUG [graph] session=292bafc9 compiled generation=2802 fresh=false modules=6 took_us=49
2026-09-25T22:43:36.742Z +67.147s DEBUG [graph] session=292bafc9 compiled generation=2803 fresh=false modules=6 took_us=45
2026-09-25T22:43:36.765Z +67.171s DEBUG [graph] session=292bafc9 compiled generation=2804 fresh=false modules=6 took_us=63
2026-09-25T22:43:36.790Z +67.196s DEBUG [graph] session=292bafc9 compiled generation=2805 fresh=false modules=6 took_us=52
2026-09-25T22:43:36.808Z +67.214s DEBUG [graph] session=292bafc9 compiled generation=2806 fresh=false modules=6 took_us=50
2026-09-25T22:43:36.825Z +67.231s DEBUG [graph] session=292bafc9 compiled generation=2807 fresh=false modules=6 took_us=45
2026-09-25T22:43:36.845Z +67.251s DEBUG [graph] session=292bafc9 compiled generation=2808 fresh=false modules=6 took_us=58
2026-09-25T22:43:36.862Z +67.268s DEBUG [graph] session=292bafc9 compiled generation=2809 fresh=false modules=6 took_us=45
2026-09-25T22:43:36.882Z +67.288s DEBUG [graph] session=292bafc9 compiled generation=2810 fresh=false modules=6 took_us=43
2026-09-25T22:43:36.902Z +67.307s DEBUG [graph] session=292bafc9 compiled generation=2811 fresh=false modules=6 took_us=123
2026-09-25T22:43:36.925Z +67.331s DEBUG [graph] session=292bafc9 compiled generation=2812 fresh=false modules=6 took_us=54
2026-09-25T22:43:36.945Z +67.351s DEBUG [graph] session=292bafc9 compiled generation=2813 fresh=false modules=6 took_us=48
2026-09-25T22:43:36.964Z +67.369s DEBUG [graph] session=292bafc9 compiled generation=2814 fresh=false modules=6 took_us=51
2026-09-25T22:43:36.985Z +67.390s DEBUG [graph] session=292bafc9 compiled generation=2815 fresh=false modules=6 took_us=66
2026-09-25T22:43:37.002Z +67.408s DEBUG [graph] session=292bafc9 compiled generation=2816 fresh=false modules=6 took_us=44
2026-09-25T22:43:37.025Z +67.431s DEBUG [graph] session=292bafc9 compiled generation=2817 fresh=false modules=6 took_us=49
2026-09-25T22:43:37.043Z +67.449s DEBUG [graph] session=292bafc9 compiled generation=2818 fresh=false modules=6 took_us=48
2026-09-25T22:43:37.061Z +67.466s DEBUG [graph] session=292bafc9 compiled generation=2819 fresh=false modules=6 took_us=45
2026-09-25T22:43:37.085Z +67.490s DEBUG [graph] session=292bafc9 compiled generation=2820 fresh=false modules=6 took_us=96
2026-09-25T22:43:37.106Z +67.512s DEBUG [graph] session=292bafc9 compiled generation=2821 fresh=false modules=6 took_us=67
2026-09-25T22:43:37.132Z +67.538s DEBUG [graph] session=292bafc9 compiled generation=2822 fresh=false modules=6 took_us=46
2026-09-25T22:43:37.150Z +67.556s DEBUG [graph] session=292bafc9 compiled generation=2823 fresh=false modules=6 took_us=44
2026-09-25T22:43:37.166Z +67.572s DEBUG [graph] session=292bafc9 compiled generation=2824 fresh=false modules=6 took_us=45
2026-09-25T22:43:37.187Z +67.592s DEBUG [graph] session=292bafc9 compiled generation=2825 fresh=false modules=6 took_us=139
2026-09-25T22:43:37.210Z +67.616s DEBUG [graph] session=292bafc9 compiled generation=2826 fresh=false modules=6 took_us=50
2026-09-25T22:43:37.240Z +67.646s DEBUG [graph] session=292bafc9 compiled generation=2827 fresh=false modules=6 took_us=45
2026-09-25T22:43:37.257Z +67.663s DEBUG [graph] session=292bafc9 compiled generation=2828 fresh=false modules=6 took_us=43
2026-09-25T22:43:37.277Z +67.683s DEBUG [graph] session=292bafc9 compiled generation=2829 fresh=false modules=6 took_us=46
2026-09-25T22:43:37.298Z +67.704s DEBUG [graph] session=292bafc9 compiled generation=2830 fresh=false modules=6 took_us=50
2026-09-25T22:43:37.317Z +67.723s DEBUG [graph] session=292bafc9 compiled generation=2831 fresh=false modules=6 took_us=52
2026-09-25T22:43:37.335Z +67.741s DEBUG [graph] session=292bafc9 compiled generation=2832 fresh=false modules=6 took_us=43
2026-09-25T22:43:37.353Z +67.759s DEBUG [graph] session=292bafc9 compiled generation=2833 fresh=false modules=6 took_us=44
2026-09-25T22:43:37.370Z +67.776s DEBUG [graph] session=292bafc9 compiled generation=2834 fresh=false modules=6 took_us=53
2026-09-25T22:43:37.389Z +67.795s DEBUG [graph] session=292bafc9 compiled generation=2835 fresh=false modules=6 took_us=42
2026-09-25T22:43:37.408Z +67.814s DEBUG [graph] session=292bafc9 compiled generation=2836 fresh=false modules=6 took_us=55
2026-09-25T22:43:37.427Z +67.833s DEBUG [graph] session=292bafc9 compiled generation=2837 fresh=false modules=6 took_us=41
2026-09-25T22:43:37.442Z +67.848s DEBUG [graph] session=292bafc9 compiled generation=2838 fresh=false modules=6 took_us=39
2026-09-25T22:43:37.460Z +67.866s DEBUG [graph] session=292bafc9 compiled generation=2839 fresh=false modules=6 took_us=63
2026-09-25T22:43:37.479Z +67.885s DEBUG [graph] session=292bafc9 compiled generation=2840 fresh=false modules=6 took_us=91
2026-09-25T22:43:37.503Z +67.909s DEBUG [graph] session=292bafc9 compiled generation=2841 fresh=false modules=6 took_us=43
2026-09-25T22:43:37.524Z +67.930s DEBUG [graph] session=292bafc9 compiled generation=2842 fresh=false modules=6 took_us=49
2026-09-25T22:43:37.542Z +67.948s DEBUG [graph] session=292bafc9 compiled generation=2843 fresh=false modules=6 took_us=51
2026-09-25T22:43:37.559Z +67.965s DEBUG [graph] session=292bafc9 compiled generation=2844 fresh=false modules=6 took_us=53
2026-09-25T22:43:37.578Z +67.984s DEBUG [graph] session=292bafc9 compiled generation=2845 fresh=false modules=6 took_us=58
2026-09-25T22:43:37.598Z +68.004s DEBUG [graph] session=292bafc9 compiled generation=2846 fresh=false modules=6 took_us=49
2026-09-25T22:43:37.618Z +68.024s DEBUG [graph] session=292bafc9 compiled generation=2847 fresh=false modules=6 took_us=49
2026-09-25T22:43:37.644Z +68.050s DEBUG [graph] session=292bafc9 compiled generation=2848 fresh=false modules=6 took_us=78
2026-09-25T22:43:37.664Z +68.069s DEBUG [graph] session=292bafc9 compiled generation=2849 fresh=false modules=6 took_us=82
2026-09-25T22:43:37.684Z +68.090s DEBUG [graph] session=292bafc9 compiled generation=2850 fresh=false modules=6 took_us=54
2026-09-25T22:43:37.707Z +68.113s DEBUG [graph] session=292bafc9 compiled generation=2851 fresh=false modules=6 took_us=65
2026-09-25T22:43:37.728Z +68.134s DEBUG [graph] session=292bafc9 compiled generation=2852 fresh=false modules=6 took_us=51
2026-09-25T22:43:37.745Z +68.151s DEBUG [graph] session=292bafc9 compiled generation=2853 fresh=false modules=6 took_us=48
2026-09-25T22:43:37.762Z +68.168s DEBUG [graph] session=292bafc9 compiled generation=2854 fresh=false modules=6 took_us=49
2026-09-25T22:43:37.785Z +68.190s DEBUG [graph] session=292bafc9 compiled generation=2855 fresh=false modules=6 took_us=53
2026-09-25T22:43:37.802Z +68.208s DEBUG [graph] session=292bafc9 compiled generation=2856 fresh=false modules=6 took_us=51
2026-09-25T22:43:37.820Z +68.226s DEBUG [graph] session=292bafc9 compiled generation=2857 fresh=false modules=6 took_us=63
2026-09-25T22:43:37.841Z +68.246s DEBUG [graph] session=292bafc9 compiled generation=2858 fresh=false modules=6 took_us=45
2026-09-25T22:43:37.858Z +68.264s DEBUG [graph] session=292bafc9 compiled generation=2859 fresh=false modules=6 took_us=43
2026-09-25T22:43:37.878Z +68.284s DEBUG [graph] session=292bafc9 compiled generation=2860 fresh=false modules=6 took_us=49
2026-09-25T22:43:37.898Z +68.303s DEBUG [graph] session=292bafc9 compiled generation=2861 fresh=false modules=6 took_us=51
2026-09-25T22:43:37.918Z +68.324s DEBUG [graph] session=292bafc9 compiled generation=2862 fresh=false modules=6 took_us=47
2026-09-25T22:43:37.935Z +68.341s DEBUG [graph] session=292bafc9 compiled generation=2863 fresh=false modules=6 took_us=45
2026-09-25T22:43:37.954Z +68.360s DEBUG [graph] session=292bafc9 compiled generation=2864 fresh=false modules=6 took_us=44
2026-09-25T22:43:37.971Z +68.377s DEBUG [graph] session=292bafc9 compiled generation=2865 fresh=false modules=6 took_us=46
2026-09-25T22:43:37.992Z +68.398s DEBUG [graph] session=292bafc9 compiled generation=2866 fresh=false modules=6 took_us=45
2026-09-25T22:43:38.009Z +68.415s DEBUG [graph] session=292bafc9 compiled generation=2867 fresh=false modules=6 took_us=43
2026-09-25T22:43:38.026Z +68.432s DEBUG [graph] session=292bafc9 compiled generation=2868 fresh=false modules=6 took_us=53
2026-09-25T22:43:38.049Z +68.455s DEBUG [graph] session=292bafc9 compiled generation=2869 fresh=false modules=6 took_us=48
2026-09-25T22:43:38.065Z +68.471s DEBUG [graph] session=292bafc9 compiled generation=2870 fresh=false modules=6 took_us=44
2026-09-25T22:43:38.089Z +68.495s DEBUG [graph] session=292bafc9 compiled generation=2871 fresh=false modules=6 took_us=51
2026-09-25T22:43:38.109Z +68.515s DEBUG [graph] session=292bafc9 compiled generation=2872 fresh=false modules=6 took_us=44
2026-09-25T22:43:38.129Z +68.535s DEBUG [graph] session=292bafc9 compiled generation=2873 fresh=false modules=6 took_us=41
2026-09-25T22:43:38.144Z +68.550s DEBUG [graph] session=292bafc9 compiled generation=2874 fresh=false modules=6 took_us=41
2026-09-25T22:43:38.164Z +68.570s DEBUG [graph] session=292bafc9 compiled generation=2875 fresh=false modules=6 took_us=45
2026-09-25T22:43:38.186Z +68.592s DEBUG [graph] session=292bafc9 compiled generation=2876 fresh=false modules=6 took_us=50
2026-09-25T22:43:38.205Z +68.611s DEBUG [graph] session=292bafc9 compiled generation=2877 fresh=false modules=6 took_us=46
2026-09-25T22:43:38.225Z +68.631s DEBUG [graph] session=292bafc9 compiled generation=2878 fresh=false modules=6 took_us=44
2026-09-25T22:43:38.246Z +68.652s DEBUG [graph] session=292bafc9 compiled generation=2879 fresh=false modules=6 took_us=59
2026-09-25T22:43:38.264Z +68.670s DEBUG [graph] session=292bafc9 compiled generation=2880 fresh=false modules=6 took_us=43
2026-09-25T22:43:38.284Z +68.690s DEBUG [graph] session=292bafc9 compiled generation=2881 fresh=false modules=6 took_us=44
2026-09-25T22:43:38.306Z +68.712s DEBUG [graph] session=292bafc9 compiled generation=2882 fresh=false modules=6 took_us=42
2026-09-25T22:43:38.326Z +68.732s DEBUG [graph] session=292bafc9 compiled generation=2883 fresh=false modules=6 took_us=50
2026-09-25T22:43:38.343Z +68.749s DEBUG [graph] session=292bafc9 compiled generation=2884 fresh=false modules=6 took_us=44
2026-09-25T22:43:38.361Z +68.767s DEBUG [graph] session=292bafc9 compiled generation=2885 fresh=false modules=6 took_us=41
2026-09-25T22:43:38.384Z +68.790s DEBUG [graph] session=292bafc9 compiled generation=2886 fresh=false modules=6 took_us=56
2026-09-25T22:43:38.402Z +68.808s DEBUG [graph] session=292bafc9 compiled generation=2887 fresh=false modules=6 took_us=49
2026-09-25T22:43:38.420Z +68.825s DEBUG [graph] session=292bafc9 compiled generation=2888 fresh=false modules=6 took_us=44
2026-09-25T22:43:38.437Z +68.843s DEBUG [graph] session=292bafc9 compiled generation=2889 fresh=false modules=6 took_us=42
2026-09-25T22:43:38.453Z +68.859s DEBUG [graph] session=292bafc9 compiled generation=2890 fresh=false modules=6 took_us=44
2026-09-25T22:43:38.470Z +68.876s DEBUG [graph] session=292bafc9 compiled generation=2891 fresh=false modules=6 took_us=44
2026-09-25T22:43:38.492Z +68.898s DEBUG [graph] session=292bafc9 compiled generation=2892 fresh=false modules=6 took_us=50
2026-09-25T22:43:38.512Z +68.918s DEBUG [graph] session=292bafc9 compiled generation=2893 fresh=false modules=6 took_us=61
2026-09-25T22:43:38.541Z +68.947s DEBUG [graph] session=292bafc9 compiled generation=2894 fresh=false modules=6 took_us=52
2026-09-25T22:43:38.562Z +68.968s DEBUG [graph] session=292bafc9 compiled generation=2895 fresh=false modules=6 took_us=50
2026-09-25T22:43:38.586Z +68.992s DEBUG [graph] session=292bafc9 compiled generation=2896 fresh=false modules=6 took_us=68
2026-09-25T22:43:38.605Z +69.011s DEBUG [graph] session=292bafc9 compiled generation=2897 fresh=false modules=6 took_us=49
2026-09-25T22:43:38.624Z +69.030s DEBUG [graph] session=292bafc9 compiled generation=2898 fresh=false modules=6 took_us=49
2026-09-25T22:43:38.646Z +69.051s DEBUG [graph] session=292bafc9 compiled generation=2899 fresh=false modules=6 took_us=55
2026-09-25T22:43:38.665Z +69.071s DEBUG [graph] session=292bafc9 compiled generation=2900 fresh=false modules=6 took_us=44
2026-09-25T22:43:38.689Z +69.095s DEBUG [graph] session=292bafc9 compiled generation=2901 fresh=false modules=6 took_us=45
2026-09-25T22:43:38.707Z +69.113s DEBUG [graph] session=292bafc9 compiled generation=2902 fresh=false modules=6 took_us=275
2026-09-25T22:43:38.729Z +69.135s DEBUG [graph] session=292bafc9 compiled generation=2903 fresh=false modules=6 took_us=49
2026-09-25T22:43:38.749Z +69.155s DEBUG [graph] session=292bafc9 compiled generation=2904 fresh=false modules=6 took_us=49
2026-09-25T22:43:38.769Z +69.175s DEBUG [graph] session=292bafc9 compiled generation=2905 fresh=false modules=6 took_us=82
2026-09-25T22:43:38.794Z +69.199s DEBUG [graph] session=292bafc9 compiled generation=2906 fresh=false modules=6 took_us=60
2026-09-25T22:43:38.815Z +69.221s DEBUG [graph] session=292bafc9 compiled generation=2907 fresh=false modules=6 took_us=44
2026-09-25T22:43:38.839Z +69.244s DEBUG [graph] session=292bafc9 compiled generation=2908 fresh=false modules=6 took_us=43
2026-09-25T22:43:38.857Z +69.263s DEBUG [graph] session=292bafc9 compiled generation=2909 fresh=false modules=6 took_us=47
2026-09-25T22:43:38.875Z +69.281s DEBUG [graph] session=292bafc9 compiled generation=2910 fresh=false modules=6 took_us=44
2026-09-25T22:43:38.892Z +69.298s DEBUG [graph] session=292bafc9 compiled generation=2911 fresh=false modules=6 took_us=43
2026-09-25T22:43:38.908Z +69.313s DEBUG [graph] session=292bafc9 compiled generation=2912 fresh=false modules=6 took_us=51
2026-09-25T22:43:38.925Z +69.331s DEBUG [graph] session=292bafc9 compiled generation=2913 fresh=false modules=6 took_us=50
2026-09-25T22:43:38.944Z +69.350s DEBUG [graph] session=292bafc9 compiled generation=2914 fresh=false modules=6 took_us=52
2026-09-25T22:43:38.961Z +69.367s DEBUG [graph] session=292bafc9 compiled generation=2915 fresh=false modules=6 took_us=49
2026-09-25T22:43:38.987Z +69.393s DEBUG [graph] session=292bafc9 compiled generation=2916 fresh=false modules=6 took_us=76
2026-09-25T22:43:39.005Z +69.411s DEBUG [graph] session=292bafc9 compiled generation=2917 fresh=false modules=6 took_us=45
2026-09-25T22:43:39.024Z +69.429s DEBUG [graph] session=292bafc9 compiled generation=2918 fresh=false modules=6 took_us=125
2026-09-25T22:43:39.042Z +69.448s DEBUG [graph] session=292bafc9 compiled generation=2919 fresh=false modules=6 took_us=48
2026-09-25T22:43:39.060Z +69.466s DEBUG [graph] session=292bafc9 compiled generation=2920 fresh=false modules=6 took_us=44
2026-09-25T22:43:39.078Z +69.484s DEBUG [graph] session=292bafc9 compiled generation=2921 fresh=false modules=6 took_us=53
2026-09-25T22:43:39.098Z +69.504s DEBUG [graph] session=292bafc9 compiled generation=2922 fresh=false modules=6 took_us=40
2026-09-25T22:43:39.115Z +69.521s DEBUG [graph] session=292bafc9 compiled generation=2923 fresh=false modules=6 took_us=42
2026-09-25T22:43:39.135Z +69.540s DEBUG [graph] session=292bafc9 compiled generation=2924 fresh=false modules=6 took_us=45
2026-09-25T22:43:39.152Z +69.558s DEBUG [graph] session=292bafc9 compiled generation=2925 fresh=false modules=6 took_us=46
2026-09-25T22:43:39.169Z +69.575s DEBUG [graph] session=292bafc9 compiled generation=2926 fresh=false modules=6 took_us=46
2026-09-25T22:43:39.189Z +69.594s DEBUG [graph] session=292bafc9 compiled generation=2927 fresh=false modules=6 took_us=46
2026-09-25T22:43:39.206Z +69.612s DEBUG [graph] session=292bafc9 compiled generation=2928 fresh=false modules=6 took_us=51
2026-09-25T22:43:39.229Z +69.635s DEBUG [graph] session=292bafc9 compiled generation=2929 fresh=false modules=6 took_us=50
2026-09-25T22:43:39.248Z +69.654s DEBUG [graph] session=292bafc9 compiled generation=2930 fresh=false modules=6 took_us=43
2026-09-25T22:43:39.266Z +69.671s DEBUG [graph] session=292bafc9 compiled generation=2931 fresh=false modules=6 took_us=71
2026-09-25T22:43:39.288Z +69.694s DEBUG [graph] session=292bafc9 compiled generation=2932 fresh=false modules=6 took_us=81
2026-09-25T22:43:39.306Z +69.712s DEBUG [graph] session=292bafc9 compiled generation=2933 fresh=false modules=6 took_us=45
2026-09-25T22:43:39.325Z +69.731s DEBUG [graph] session=292bafc9 compiled generation=2934 fresh=false modules=6 took_us=56
2026-09-25T22:43:39.344Z +69.750s DEBUG [graph] session=292bafc9 compiled generation=2935 fresh=false modules=6 took_us=48
2026-09-25T22:43:39.361Z +69.767s DEBUG [graph] session=292bafc9 compiled generation=2936 fresh=false modules=6 took_us=49
2026-09-25T22:43:39.382Z +69.788s DEBUG [graph] session=292bafc9 compiled generation=2937 fresh=false modules=6 took_us=50
2026-09-25T22:43:39.400Z +69.806s DEBUG [graph] session=292bafc9 compiled generation=2938 fresh=false modules=6 took_us=48
2026-09-25T22:43:39.417Z +69.823s DEBUG [graph] session=292bafc9 compiled generation=2939 fresh=false modules=6 took_us=46
2026-09-25T22:43:39.438Z +69.844s DEBUG [graph] session=292bafc9 compiled generation=2940 fresh=false modules=6 took_us=43
2026-09-25T22:43:39.457Z +69.863s DEBUG [graph] session=292bafc9 compiled generation=2941 fresh=false modules=6 took_us=59
2026-09-25T22:43:39.478Z +69.884s DEBUG [graph] session=292bafc9 compiled generation=2942 fresh=false modules=6 took_us=46
2026-09-25T22:43:39.500Z +69.906s DEBUG [graph] session=292bafc9 compiled generation=2943 fresh=false modules=6 took_us=63
2026-09-25T22:43:39.520Z +69.926s DEBUG [graph] session=292bafc9 compiled generation=2944 fresh=false modules=6 took_us=46
2026-09-25T22:43:39.540Z +69.946s DEBUG [graph] session=292bafc9 compiled generation=2945 fresh=false modules=6 took_us=48
2026-09-25T22:43:39.566Z +69.972s DEBUG [graph] session=292bafc9 compiled generation=2946 fresh=false modules=6 took_us=65
2026-09-25T22:43:39.593Z +69.999s DEBUG [graph] session=292bafc9 compiled generation=2947 fresh=false modules=6 took_us=48
2026-09-25T22:43:39.615Z +70.021s DEBUG [graph] session=292bafc9 compiled generation=2948 fresh=false modules=6 took_us=57
2026-09-25T22:43:39.634Z +70.040s DEBUG [graph] session=292bafc9 compiled generation=2949 fresh=false modules=6 took_us=47
2026-09-25T22:43:39.653Z +70.059s DEBUG [graph] session=292bafc9 compiled generation=2950 fresh=false modules=6 took_us=49
2026-09-25T22:43:39.673Z +70.079s DEBUG [graph] session=292bafc9 compiled generation=2951 fresh=false modules=6 took_us=52
2026-09-25T22:43:39.695Z +70.101s DEBUG [graph] session=292bafc9 compiled generation=2952 fresh=false modules=6 took_us=58
2026-09-25T22:43:39.715Z +70.121s DEBUG [graph] session=292bafc9 compiled generation=2953 fresh=false modules=6 took_us=49
2026-09-25T22:43:39.737Z +70.143s DEBUG [graph] session=292bafc9 compiled generation=2954 fresh=false modules=6 took_us=49
2026-09-25T22:43:39.758Z +70.164s DEBUG [graph] session=292bafc9 compiled generation=2955 fresh=false modules=6 took_us=74
2026-09-25T22:43:39.787Z +70.193s INFO  [audio.health] session=292bafc9 last 10.0s: xruns=0 late_executions=2 late_arrivals=189 callbacks=1877 worst_run_us=6332
2026-09-25T22:43:39.788Z +70.193s DEBUG [graph] session=292bafc9 compiled generation=2956 fresh=false modules=6 took_us=82
2026-09-25T22:43:39.809Z +70.215s DEBUG [graph] session=292bafc9 compiled generation=2957 fresh=false modules=6 took_us=55
2026-09-25T22:43:39.828Z +70.234s DEBUG [graph] session=292bafc9 compiled generation=2958 fresh=false modules=6 took_us=49
2026-09-25T22:43:39.849Z +70.255s DEBUG [graph] session=292bafc9 compiled generation=2959 fresh=false modules=6 took_us=48
2026-09-25T22:43:39.867Z +70.273s DEBUG [graph] session=292bafc9 compiled generation=2960 fresh=false modules=6 took_us=102
2026-09-25T22:43:39.890Z +70.296s DEBUG [graph] session=292bafc9 compiled generation=2961 fresh=false modules=6 took_us=51
2026-09-25T22:43:39.909Z +70.314s DEBUG [graph] session=292bafc9 compiled generation=2962 fresh=false modules=6 took_us=81
2026-09-25T22:43:39.932Z +70.338s DEBUG [graph] session=292bafc9 compiled generation=2963 fresh=false modules=6 took_us=44
2026-09-25T22:43:39.950Z +70.356s DEBUG [graph] session=292bafc9 compiled generation=2964 fresh=false modules=6 took_us=52
2026-09-25T22:43:39.969Z +70.374s DEBUG [graph] session=292bafc9 compiled generation=2965 fresh=false modules=6 took_us=92
2026-09-25T22:43:39.992Z +70.398s DEBUG [graph] session=292bafc9 compiled generation=2966 fresh=false modules=6 took_us=47
2026-09-25T22:43:40.010Z +70.416s DEBUG [graph] session=292bafc9 compiled generation=2967 fresh=false modules=6 took_us=44
2026-09-25T22:43:40.029Z +70.434s DEBUG [graph] session=292bafc9 compiled generation=2968 fresh=false modules=6 took_us=43
2026-09-25T22:43:40.045Z +70.451s DEBUG [graph] session=292bafc9 compiled generation=2969 fresh=false modules=6 took_us=44
2026-09-25T22:43:40.064Z +70.470s DEBUG [graph] session=292bafc9 compiled generation=2970 fresh=false modules=6 took_us=44
2026-09-25T22:43:40.083Z +70.489s DEBUG [graph] session=292bafc9 compiled generation=2971 fresh=false modules=6 took_us=45
2026-09-25T22:43:40.104Z +70.509s DEBUG [graph] session=292bafc9 compiled generation=2972 fresh=false modules=6 took_us=46
2026-09-25T22:43:40.121Z +70.527s DEBUG [graph] session=292bafc9 compiled generation=2973 fresh=false modules=6 took_us=61
2026-09-25T22:43:40.141Z +70.547s DEBUG [graph] session=292bafc9 compiled generation=2974 fresh=false modules=6 took_us=50
2026-09-25T22:43:40.172Z +70.578s DEBUG [graph] session=292bafc9 compiled generation=2975 fresh=false modules=6 took_us=53
2026-09-25T22:43:40.195Z +70.600s DEBUG [graph] session=292bafc9 compiled generation=2976 fresh=false modules=6 took_us=79
2026-09-25T22:43:40.213Z +70.619s DEBUG [graph] session=292bafc9 compiled generation=2977 fresh=false modules=6 took_us=50
2026-09-25T22:43:40.236Z +70.642s DEBUG [graph] session=292bafc9 compiled generation=2978 fresh=false modules=6 took_us=52
2026-09-25T22:43:40.259Z +70.665s DEBUG [graph] session=292bafc9 compiled generation=2979 fresh=false modules=6 took_us=46
2026-09-25T22:43:40.279Z +70.685s DEBUG [graph] session=292bafc9 compiled generation=2980 fresh=false modules=6 took_us=43
2026-09-25T22:43:40.302Z +70.707s DEBUG [graph] session=292bafc9 compiled generation=2981 fresh=false modules=6 took_us=45
2026-09-25T22:43:40.322Z +70.727s DEBUG [graph] session=292bafc9 compiled generation=2982 fresh=false modules=6 took_us=67
2026-09-25T22:43:40.344Z +70.750s DEBUG [graph] session=292bafc9 compiled generation=2983 fresh=false modules=6 took_us=45
2026-09-25T22:43:40.363Z +70.769s DEBUG [graph] session=292bafc9 compiled generation=2984 fresh=false modules=6 took_us=50
2026-09-25T22:43:40.384Z +70.790s DEBUG [graph] session=292bafc9 compiled generation=2985 fresh=false modules=6 took_us=51
2026-09-25T22:43:40.406Z +70.812s DEBUG [graph] session=292bafc9 compiled generation=2986 fresh=false modules=6 took_us=54
2026-09-25T22:43:40.427Z +70.833s DEBUG [graph] session=292bafc9 compiled generation=2987 fresh=false modules=6 took_us=52
2026-09-25T22:43:40.449Z +70.855s DEBUG [graph] session=292bafc9 compiled generation=2988 fresh=false modules=6 took_us=49
2026-09-25T22:43:40.470Z +70.876s DEBUG [graph] session=292bafc9 compiled generation=2989 fresh=false modules=6 took_us=50
2026-09-25T22:43:40.491Z +70.897s DEBUG [graph] session=292bafc9 compiled generation=2990 fresh=false modules=6 took_us=51
2026-09-25T22:43:40.509Z +70.915s DEBUG [graph] session=292bafc9 compiled generation=2991 fresh=false modules=6 took_us=50
2026-09-25T22:43:40.528Z +70.933s DEBUG [graph] session=292bafc9 compiled generation=2992 fresh=false modules=6 took_us=50
2026-09-25T22:43:40.546Z +70.951s DEBUG [graph] session=292bafc9 compiled generation=2993 fresh=false modules=6 took_us=51
2026-09-25T22:43:40.564Z +70.969s DEBUG [graph] session=292bafc9 compiled generation=2994 fresh=false modules=6 took_us=49
2026-09-25T22:43:40.582Z +70.988s DEBUG [graph] session=292bafc9 compiled generation=2995 fresh=false modules=6 took_us=47
2026-09-25T22:43:40.603Z +71.008s DEBUG [graph] session=292bafc9 compiled generation=2996 fresh=false modules=6 took_us=76
2026-09-25T22:43:40.620Z +71.026s DEBUG [graph] session=292bafc9 compiled generation=2997 fresh=false modules=6 took_us=41
2026-09-25T22:43:40.640Z +71.046s DEBUG [graph] session=292bafc9 compiled generation=2998 fresh=false modules=6 took_us=45
2026-09-25T22:43:40.656Z +71.062s DEBUG [graph] session=292bafc9 compiled generation=2999 fresh=false modules=6 took_us=48
2026-09-25T22:43:40.673Z +71.079s DEBUG [graph] session=292bafc9 compiled generation=3000 fresh=false modules=6 took_us=44
2026-09-25T22:43:40.691Z +71.097s DEBUG [graph] session=292bafc9 compiled generation=3001 fresh=false modules=6 took_us=43
2026-09-25T22:43:40.712Z +71.118s DEBUG [graph] session=292bafc9 compiled generation=3002 fresh=false modules=6 took_us=50
2026-09-25T22:43:40.738Z +71.144s DEBUG [graph] session=292bafc9 compiled generation=3003 fresh=false modules=6 took_us=60
2026-09-25T22:43:40.764Z +71.170s DEBUG [graph] session=292bafc9 compiled generation=3004 fresh=false modules=6 took_us=54
2026-09-25T22:43:40.787Z +71.193s DEBUG [graph] session=292bafc9 compiled generation=3005 fresh=false modules=6 took_us=48
2026-09-25T22:43:40.806Z +71.212s DEBUG [graph] session=292bafc9 compiled generation=3006 fresh=false modules=6 took_us=53
2026-09-25T22:43:40.827Z +71.233s DEBUG [graph] session=292bafc9 compiled generation=3007 fresh=false modules=6 took_us=52
2026-09-25T22:43:40.850Z +71.256s DEBUG [graph] session=292bafc9 compiled generation=3008 fresh=false modules=6 took_us=56
2026-09-25T22:43:40.868Z +71.274s DEBUG [graph] session=292bafc9 compiled generation=3009 fresh=false modules=6 took_us=52
2026-09-25T22:43:40.887Z +71.293s DEBUG [graph] session=292bafc9 compiled generation=3010 fresh=false modules=6 took_us=51
2026-09-25T22:43:40.905Z +71.310s DEBUG [graph] session=292bafc9 compiled generation=3011 fresh=false modules=6 took_us=43
2026-09-25T22:43:40.921Z +71.327s DEBUG [graph] session=292bafc9 compiled generation=3012 fresh=false modules=6 took_us=44
2026-09-25T22:43:40.941Z +71.347s DEBUG [graph] session=292bafc9 compiled generation=3013 fresh=false modules=6 took_us=46
2026-09-25T22:43:40.958Z +71.364s DEBUG [graph] session=292bafc9 compiled generation=3014 fresh=false modules=6 took_us=44
2026-09-25T22:43:40.975Z +71.381s DEBUG [graph] session=292bafc9 compiled generation=3015 fresh=false modules=6 took_us=108
2026-09-25T22:43:40.997Z +71.403s DEBUG [graph] session=292bafc9 compiled generation=3016 fresh=false modules=6 took_us=45
2026-09-25T22:43:41.015Z +71.421s DEBUG [graph] session=292bafc9 compiled generation=3017 fresh=false modules=6 took_us=60
2026-09-25T22:43:41.038Z +71.444s DEBUG [graph] session=292bafc9 compiled generation=3018 fresh=false modules=6 took_us=51
2026-09-25T22:43:41.056Z +71.462s DEBUG [graph] session=292bafc9 compiled generation=3019 fresh=false modules=6 took_us=60
2026-09-25T22:43:41.076Z +71.481s DEBUG [graph] session=292bafc9 compiled generation=3020 fresh=false modules=6 took_us=48
2026-09-25T22:43:41.098Z +71.504s DEBUG [graph] session=292bafc9 compiled generation=3021 fresh=false modules=6 took_us=48
2026-09-25T22:43:41.119Z +71.525s DEBUG [graph] session=292bafc9 compiled generation=3022 fresh=false modules=6 took_us=49
2026-09-25T22:43:41.141Z +71.547s DEBUG [graph] session=292bafc9 compiled generation=3023 fresh=false modules=6 took_us=47
2026-09-25T22:43:41.163Z +71.569s DEBUG [graph] session=292bafc9 compiled generation=3024 fresh=false modules=6 took_us=132
2026-09-25T22:43:41.180Z +71.586s DEBUG [graph] session=292bafc9 compiled generation=3025 fresh=false modules=6 took_us=55
2026-09-25T22:43:41.201Z +71.607s DEBUG [graph] session=292bafc9 compiled generation=3026 fresh=false modules=6 took_us=50
2026-09-25T22:43:41.220Z +71.626s DEBUG [graph] session=292bafc9 compiled generation=3027 fresh=false modules=6 took_us=58
2026-09-25T22:43:41.241Z +71.647s DEBUG [graph] session=292bafc9 compiled generation=3028 fresh=false modules=6 took_us=51
2026-09-25T22:43:41.258Z +71.664s DEBUG [graph] session=292bafc9 compiled generation=3029 fresh=false modules=6 took_us=50
2026-09-25T22:43:41.276Z +71.682s DEBUG [graph] session=292bafc9 compiled generation=3030 fresh=false modules=6 took_us=49
2026-09-25T22:43:41.296Z +71.702s DEBUG [graph] session=292bafc9 compiled generation=3031 fresh=false modules=6 took_us=50
2026-09-25T22:43:41.315Z +71.720s DEBUG [graph] session=292bafc9 compiled generation=3032 fresh=false modules=6 took_us=47
2026-09-25T22:43:41.334Z +71.740s DEBUG [graph] session=292bafc9 compiled generation=3033 fresh=false modules=6 took_us=42
2026-09-25T22:43:41.353Z +71.759s DEBUG [graph] session=292bafc9 compiled generation=3034 fresh=false modules=6 took_us=56
2026-09-25T22:43:41.372Z +71.778s DEBUG [graph] session=292bafc9 compiled generation=3035 fresh=false modules=6 took_us=51
2026-09-25T22:43:41.396Z +71.801s DEBUG [graph] session=292bafc9 compiled generation=3036 fresh=false modules=6 took_us=46
2026-09-25T22:43:41.415Z +71.821s DEBUG [graph] session=292bafc9 compiled generation=3037 fresh=false modules=6 took_us=45
2026-09-25T22:43:41.439Z +71.845s DEBUG [graph] session=292bafc9 compiled generation=3038 fresh=false modules=6 took_us=65
2026-09-25T22:43:41.460Z +71.866s DEBUG [graph] session=292bafc9 compiled generation=3039 fresh=false modules=6 took_us=65
2026-09-25T22:43:41.483Z +71.889s DEBUG [graph] session=292bafc9 compiled generation=3040 fresh=false modules=6 took_us=44
2026-09-25T22:43:41.502Z +71.908s DEBUG [graph] session=292bafc9 compiled generation=3041 fresh=false modules=6 took_us=51
2026-09-25T22:43:41.520Z +71.926s DEBUG [graph] session=292bafc9 compiled generation=3042 fresh=false modules=6 took_us=53
2026-09-25T22:43:41.543Z +71.949s DEBUG [graph] session=292bafc9 compiled generation=3043 fresh=false modules=6 took_us=46
2026-09-25T22:43:41.561Z +71.967s DEBUG [graph] session=292bafc9 compiled generation=3044 fresh=false modules=6 took_us=50
2026-09-25T22:43:41.585Z +71.991s DEBUG [graph] session=292bafc9 compiled generation=3045 fresh=false modules=6 took_us=59
2026-09-25T22:43:41.609Z +72.015s DEBUG [graph] session=292bafc9 compiled generation=3046 fresh=false modules=6 took_us=51
2026-09-25T22:43:41.633Z +72.039s DEBUG [graph] session=292bafc9 compiled generation=3047 fresh=false modules=6 took_us=62
2026-09-25T22:43:41.657Z +72.063s DEBUG [graph] session=292bafc9 compiled generation=3048 fresh=false modules=6 took_us=97
2026-09-25T22:43:41.679Z +72.085s DEBUG [graph] session=292bafc9 compiled generation=3049 fresh=false modules=6 took_us=50
2026-09-25T22:43:41.697Z +72.103s DEBUG [graph] session=292bafc9 compiled generation=3050 fresh=false modules=6 took_us=45
2026-09-25T22:43:41.717Z +72.123s DEBUG [graph] session=292bafc9 compiled generation=3051 fresh=false modules=6 took_us=59
2026-09-25T22:43:41.745Z +72.150s DEBUG [graph] session=292bafc9 compiled generation=3052 fresh=false modules=6 took_us=75
2026-09-25T22:43:41.762Z +72.168s DEBUG [graph] session=292bafc9 compiled generation=3053 fresh=false modules=6 took_us=53
2026-09-25T22:43:41.783Z +72.189s DEBUG [graph] session=292bafc9 compiled generation=3054 fresh=false modules=6 took_us=49
2026-09-25T22:43:41.802Z +72.208s DEBUG [graph] session=292bafc9 compiled generation=3055 fresh=false modules=6 took_us=41
2026-09-25T22:43:41.819Z +72.225s DEBUG [graph] session=292bafc9 compiled generation=3056 fresh=false modules=6 took_us=49
2026-09-25T22:43:41.838Z +72.244s DEBUG [graph] session=292bafc9 compiled generation=3057 fresh=false modules=6 took_us=49
2026-09-25T22:43:41.857Z +72.263s DEBUG [graph] session=292bafc9 compiled generation=3058 fresh=false modules=6 took_us=51
2026-09-25T22:43:41.875Z +72.281s DEBUG [graph] session=292bafc9 compiled generation=3059 fresh=false modules=6 took_us=59
2026-09-25T22:43:41.897Z +72.302s DEBUG [graph] session=292bafc9 compiled generation=3060 fresh=false modules=6 took_us=44
2026-09-25T22:43:41.912Z +72.318s DEBUG [graph] session=292bafc9 compiled generation=3061 fresh=false modules=6 took_us=44
2026-09-25T22:43:41.931Z +72.336s DEBUG [graph] session=292bafc9 compiled generation=3062 fresh=false modules=6 took_us=43
2026-09-25T22:43:41.950Z +72.356s DEBUG [graph] session=292bafc9 compiled generation=3063 fresh=false modules=6 took_us=45
2026-09-25T22:43:41.966Z +72.372s DEBUG [graph] session=292bafc9 compiled generation=3064 fresh=false modules=6 took_us=55
2026-09-25T22:43:41.985Z +72.391s DEBUG [graph] session=292bafc9 compiled generation=3065 fresh=false modules=6 took_us=47
2026-09-25T22:43:42.002Z +72.408s DEBUG [graph] session=292bafc9 compiled generation=3066 fresh=false modules=6 took_us=43
2026-09-25T22:43:42.019Z +72.424s DEBUG [graph] session=292bafc9 compiled generation=3067 fresh=false modules=6 took_us=69
2026-09-25T22:43:42.037Z +72.443s DEBUG [graph] session=292bafc9 compiled generation=3068 fresh=false modules=6 took_us=54
2026-09-25T22:43:42.057Z +72.463s DEBUG [graph] session=292bafc9 compiled generation=3069 fresh=false modules=6 took_us=50
2026-09-25T22:43:42.074Z +72.480s DEBUG [graph] session=292bafc9 compiled generation=3070 fresh=false modules=6 took_us=48
2026-09-25T22:43:42.096Z +72.502s DEBUG [graph] session=292bafc9 compiled generation=3071 fresh=false modules=6 took_us=51
2026-09-25T22:43:42.118Z +72.524s DEBUG [graph] session=292bafc9 compiled generation=3072 fresh=false modules=6 took_us=51
2026-09-25T22:43:42.137Z +72.543s DEBUG [graph] session=292bafc9 compiled generation=3073 fresh=false modules=6 took_us=43
2026-09-25T22:43:42.155Z +72.561s DEBUG [graph] session=292bafc9 compiled generation=3074 fresh=false modules=6 took_us=51
2026-09-25T22:43:42.173Z +72.579s DEBUG [graph] session=292bafc9 compiled generation=3075 fresh=false modules=6 took_us=43
2026-09-25T22:43:42.196Z +72.602s DEBUG [graph] session=292bafc9 compiled generation=3076 fresh=false modules=6 took_us=73
2026-09-25T22:43:42.215Z +72.621s DEBUG [graph] session=292bafc9 compiled generation=3077 fresh=false modules=6 took_us=44
2026-09-25T22:43:42.233Z +72.639s DEBUG [graph] session=292bafc9 compiled generation=3078 fresh=false modules=6 took_us=57
2026-09-25T22:43:42.255Z +72.661s DEBUG [graph] session=292bafc9 compiled generation=3079 fresh=false modules=6 took_us=46
2026-09-25T22:43:42.274Z +72.680s DEBUG [graph] session=292bafc9 compiled generation=3080 fresh=false modules=6 took_us=46
2026-09-25T22:43:42.296Z +72.702s DEBUG [graph] session=292bafc9 compiled generation=3081 fresh=false modules=6 took_us=50
2026-09-25T22:43:42.315Z +72.721s DEBUG [graph] session=292bafc9 compiled generation=3082 fresh=false modules=6 took_us=55
2026-09-25T22:43:42.336Z +72.742s DEBUG [graph] session=292bafc9 compiled generation=3083 fresh=false modules=6 took_us=48
2026-09-25T22:43:42.357Z +72.763s DEBUG [graph] session=292bafc9 compiled generation=3084 fresh=false modules=6 took_us=47
2026-09-25T22:43:42.373Z +72.779s DEBUG [graph] session=292bafc9 compiled generation=3085 fresh=false modules=6 took_us=44
2026-09-25T22:43:42.394Z +72.799s DEBUG [graph] session=292bafc9 compiled generation=3086 fresh=false modules=6 took_us=65
2026-09-25T22:43:42.412Z +72.818s DEBUG [graph] session=292bafc9 compiled generation=3087 fresh=false modules=6 took_us=49
2026-09-25T22:43:42.434Z +72.840s DEBUG [graph] session=292bafc9 compiled generation=3088 fresh=false modules=6 took_us=53
2026-09-25T22:43:42.453Z +72.859s DEBUG [graph] session=292bafc9 compiled generation=3089 fresh=false modules=6 took_us=55
2026-09-25T22:43:42.471Z +72.877s DEBUG [graph] session=292bafc9 compiled generation=3090 fresh=false modules=6 took_us=49
2026-09-25T22:43:42.493Z +72.899s DEBUG [graph] session=292bafc9 compiled generation=3091 fresh=false modules=6 took_us=63
2026-09-25T22:43:42.516Z +72.922s DEBUG [graph] session=292bafc9 compiled generation=3092 fresh=false modules=6 took_us=51
2026-09-25T22:43:42.543Z +72.949s DEBUG [graph] session=292bafc9 compiled generation=3093 fresh=false modules=6 took_us=48
2026-09-25T22:43:42.569Z +72.975s DEBUG [graph] session=292bafc9 compiled generation=3094 fresh=false modules=6 took_us=47
2026-09-25T22:43:42.589Z +72.995s DEBUG [graph] session=292bafc9 compiled generation=3095 fresh=false modules=6 took_us=48
2026-09-25T22:43:42.606Z +73.012s DEBUG [graph] session=292bafc9 compiled generation=3096 fresh=false modules=6 took_us=46
2026-09-25T22:43:42.626Z +73.032s DEBUG [graph] session=292bafc9 compiled generation=3097 fresh=false modules=6 took_us=54
2026-09-25T22:43:42.648Z +73.054s DEBUG [graph] session=292bafc9 compiled generation=3098 fresh=false modules=6 took_us=52
2026-09-25T22:43:42.668Z +73.074s DEBUG [graph] session=292bafc9 compiled generation=3099 fresh=false modules=6 took_us=78
2026-09-25T22:43:42.692Z +73.098s DEBUG [graph] session=292bafc9 compiled generation=3100 fresh=false modules=6 took_us=49
2026-09-25T22:43:42.713Z +73.119s DEBUG [graph] session=292bafc9 compiled generation=3101 fresh=false modules=6 took_us=48
2026-09-25T22:43:42.730Z +73.136s DEBUG [graph] session=292bafc9 compiled generation=3102 fresh=false modules=6 took_us=43
2026-09-25T22:43:42.750Z +73.155s DEBUG [graph] session=292bafc9 compiled generation=3103 fresh=false modules=6 took_us=43
2026-09-25T22:43:42.767Z +73.173s DEBUG [graph] session=292bafc9 compiled generation=3104 fresh=false modules=6 took_us=53
2026-09-25T22:43:42.788Z +73.194s DEBUG [graph] session=292bafc9 compiled generation=3105 fresh=false modules=6 took_us=44
2026-09-25T22:43:42.806Z +73.212s DEBUG [graph] session=292bafc9 compiled generation=3106 fresh=false modules=6 took_us=47
2026-09-25T22:43:42.825Z +73.231s DEBUG [graph] session=292bafc9 compiled generation=3107 fresh=false modules=6 took_us=45
2026-09-25T22:43:42.850Z +73.256s DEBUG [graph] session=292bafc9 compiled generation=3108 fresh=false modules=6 took_us=49
2026-09-25T22:43:42.872Z +73.278s DEBUG [graph] session=292bafc9 compiled generation=3109 fresh=false modules=6 took_us=57
2026-09-25T22:43:42.894Z +73.300s DEBUG [graph] session=292bafc9 compiled generation=3110 fresh=false modules=6 took_us=53
2026-09-25T22:43:42.916Z +73.322s DEBUG [graph] session=292bafc9 compiled generation=3111 fresh=false modules=6 took_us=51
2026-09-25T22:43:42.941Z +73.347s DEBUG [graph] session=292bafc9 compiled generation=3112 fresh=false modules=6 took_us=56
2026-09-25T22:43:42.961Z +73.366s DEBUG [graph] session=292bafc9 compiled generation=3113 fresh=false modules=6 took_us=74
2026-09-25T22:43:42.983Z +73.389s DEBUG [graph] session=292bafc9 compiled generation=3114 fresh=false modules=6 took_us=51
2026-09-25T22:43:43.004Z +73.410s DEBUG [graph] session=292bafc9 compiled generation=3115 fresh=false modules=6 took_us=48
2026-09-25T22:43:43.022Z +73.428s DEBUG [graph] session=292bafc9 compiled generation=3116 fresh=false modules=6 took_us=60
2026-09-25T22:43:43.042Z +73.448s DEBUG [graph] session=292bafc9 compiled generation=3117 fresh=false modules=6 took_us=44
2026-09-25T22:43:43.065Z +73.470s DEBUG [graph] session=292bafc9 compiled generation=3118 fresh=false modules=6 took_us=46
2026-09-25T22:43:43.088Z +73.494s DEBUG [graph] session=292bafc9 compiled generation=3119 fresh=false modules=6 took_us=72
2026-09-25T22:43:43.108Z +73.514s DEBUG [graph] session=292bafc9 compiled generation=3120 fresh=false modules=6 took_us=51
2026-09-25T22:43:43.139Z +73.545s DEBUG [graph] session=292bafc9 compiled generation=3121 fresh=false modules=6 took_us=82
2026-09-25T22:43:43.160Z +73.566s DEBUG [graph] session=292bafc9 compiled generation=3122 fresh=false modules=6 took_us=45
2026-09-25T22:43:43.178Z +73.584s DEBUG [graph] session=292bafc9 compiled generation=3123 fresh=false modules=6 took_us=43
2026-09-25T22:43:43.200Z +73.606s DEBUG [graph] session=292bafc9 compiled generation=3124 fresh=false modules=6 took_us=57
2026-09-25T22:43:43.219Z +73.625s DEBUG [graph] session=292bafc9 compiled generation=3125 fresh=false modules=6 took_us=103
2026-09-25T22:43:43.245Z +73.650s DEBUG [graph] session=292bafc9 compiled generation=3126 fresh=false modules=6 took_us=41
2026-09-25T22:43:43.262Z +73.667s DEBUG [graph] session=292bafc9 compiled generation=3127 fresh=false modules=6 took_us=41
2026-09-25T22:43:43.283Z +73.689s DEBUG [graph] session=292bafc9 compiled generation=3128 fresh=false modules=6 took_us=50
2026-09-25T22:43:43.302Z +73.707s DEBUG [graph] session=292bafc9 compiled generation=3129 fresh=false modules=6 took_us=45
2026-09-25T22:43:43.318Z +73.724s DEBUG [graph] session=292bafc9 compiled generation=3130 fresh=false modules=6 took_us=40
2026-09-25T22:43:43.338Z +73.744s DEBUG [graph] session=292bafc9 compiled generation=3131 fresh=false modules=6 took_us=44
2026-09-25T22:43:43.355Z +73.761s DEBUG [graph] session=292bafc9 compiled generation=3132 fresh=false modules=6 took_us=45
2026-09-25T22:43:43.370Z +73.776s DEBUG [graph] session=292bafc9 compiled generation=3133 fresh=false modules=6 took_us=41
2026-09-25T22:43:43.391Z +73.797s DEBUG [graph] session=292bafc9 compiled generation=3134 fresh=false modules=6 took_us=50
2026-09-25T22:43:43.409Z +73.814s DEBUG [graph] session=292bafc9 compiled generation=3135 fresh=false modules=6 took_us=56
2026-09-25T22:43:43.428Z +73.834s DEBUG [graph] session=292bafc9 compiled generation=3136 fresh=false modules=6 took_us=50
2026-09-25T22:43:43.454Z +73.860s DEBUG [graph] session=292bafc9 compiled generation=3137 fresh=false modules=6 took_us=51
2026-09-25T22:43:43.472Z +73.878s DEBUG [graph] session=292bafc9 compiled generation=3138 fresh=false modules=6 took_us=110
2026-09-25T22:43:43.492Z +73.897s DEBUG [graph] session=292bafc9 compiled generation=3139 fresh=false modules=6 took_us=45
2026-09-25T22:43:43.509Z +73.915s DEBUG [graph] session=292bafc9 compiled generation=3140 fresh=false modules=6 took_us=47
2026-09-25T22:43:43.528Z +73.933s DEBUG [graph] session=292bafc9 compiled generation=3141 fresh=false modules=6 took_us=47
2026-09-25T22:43:43.546Z +73.952s DEBUG [graph] session=292bafc9 compiled generation=3142 fresh=false modules=6 took_us=53
2026-09-25T22:43:43.565Z +73.971s DEBUG [graph] session=292bafc9 compiled generation=3143 fresh=false modules=6 took_us=43
2026-09-25T22:43:43.586Z +73.992s DEBUG [graph] session=292bafc9 compiled generation=3144 fresh=false modules=6 took_us=49
2026-09-25T22:43:43.605Z +74.011s DEBUG [graph] session=292bafc9 compiled generation=3145 fresh=false modules=6 took_us=51
2026-09-25T22:43:43.622Z +74.028s DEBUG [graph] session=292bafc9 compiled generation=3146 fresh=false modules=6 took_us=50
2026-09-25T22:43:43.648Z +74.054s DEBUG [graph] session=292bafc9 compiled generation=3147 fresh=false modules=6 took_us=53
2026-09-25T22:43:43.670Z +74.075s DEBUG [graph] session=292bafc9 compiled generation=3148 fresh=false modules=6 took_us=51
2026-09-25T22:43:43.693Z +74.098s DEBUG [graph] session=292bafc9 compiled generation=3149 fresh=false modules=6 took_us=78
2026-09-25T22:43:43.712Z +74.118s DEBUG [graph] session=292bafc9 compiled generation=3150 fresh=false modules=6 took_us=47
2026-09-25T22:43:43.729Z +74.135s DEBUG [graph] session=292bafc9 compiled generation=3151 fresh=false modules=6 took_us=77
2026-09-25T22:43:43.751Z +74.157s DEBUG [graph] session=292bafc9 compiled generation=3152 fresh=false modules=6 took_us=52
2026-09-25T22:43:43.770Z +74.176s DEBUG [graph] session=292bafc9 compiled generation=3153 fresh=false modules=6 took_us=64
2026-09-25T22:43:43.793Z +74.199s DEBUG [graph] session=292bafc9 compiled generation=3154 fresh=false modules=6 took_us=46
2026-09-25T22:43:43.810Z +74.216s DEBUG [graph] session=292bafc9 compiled generation=3155 fresh=false modules=6 took_us=46
2026-09-25T22:43:43.829Z +74.234s DEBUG [graph] session=292bafc9 compiled generation=3156 fresh=false modules=6 took_us=50
2026-09-25T22:43:43.854Z +74.260s DEBUG [graph] session=292bafc9 compiled generation=3157 fresh=false modules=6 took_us=48
2026-09-25T22:43:43.877Z +74.282s DEBUG [graph] session=292bafc9 compiled generation=3158 fresh=false modules=6 took_us=81
2026-09-25T22:43:43.896Z +74.302s DEBUG [graph] session=292bafc9 compiled generation=3159 fresh=false modules=6 took_us=44
2026-09-25T22:43:43.912Z +74.318s DEBUG [graph] session=292bafc9 compiled generation=3160 fresh=false modules=6 took_us=44
2026-09-25T22:43:43.933Z +74.339s DEBUG [graph] session=292bafc9 compiled generation=3161 fresh=false modules=6 took_us=58
2026-09-25T22:43:43.955Z +74.361s DEBUG [graph] session=292bafc9 compiled generation=3162 fresh=false modules=6 took_us=50
2026-09-25T22:43:43.974Z +74.380s DEBUG [graph] session=292bafc9 compiled generation=3163 fresh=false modules=6 took_us=48
2026-09-25T22:43:43.994Z +74.400s DEBUG [graph] session=292bafc9 compiled generation=3164 fresh=false modules=6 took_us=50
2026-09-25T22:43:44.012Z +74.418s DEBUG [graph] session=292bafc9 compiled generation=3165 fresh=false modules=6 took_us=49
2026-09-25T22:43:44.033Z +74.439s DEBUG [graph] session=292bafc9 compiled generation=3166 fresh=false modules=6 took_us=50
2026-09-25T22:43:44.054Z +74.460s DEBUG [graph] session=292bafc9 compiled generation=3167 fresh=false modules=6 took_us=52
2026-09-25T22:43:44.075Z +74.481s DEBUG [graph] session=292bafc9 compiled generation=3168 fresh=false modules=6 took_us=50
2026-09-25T22:43:44.095Z +74.501s DEBUG [graph] session=292bafc9 compiled generation=3169 fresh=false modules=6 took_us=49
2026-09-25T22:43:44.117Z +74.523s DEBUG [graph] session=292bafc9 compiled generation=3170 fresh=false modules=6 took_us=54
2026-09-25T22:43:44.140Z +74.546s DEBUG [graph] session=292bafc9 compiled generation=3171 fresh=false modules=6 took_us=45
2026-09-25T22:43:44.159Z +74.565s DEBUG [graph] session=292bafc9 compiled generation=3172 fresh=false modules=6 took_us=44
2026-09-25T22:43:44.179Z +74.585s DEBUG [graph] session=292bafc9 compiled generation=3173 fresh=false modules=6 took_us=46
2026-09-25T22:43:44.198Z +74.603s DEBUG [graph] session=292bafc9 compiled generation=3174 fresh=false modules=6 took_us=48
2026-09-25T22:43:44.217Z +74.623s DEBUG [graph] session=292bafc9 compiled generation=3175 fresh=false modules=6 took_us=51
2026-09-25T22:43:44.238Z +74.644s DEBUG [graph] session=292bafc9 compiled generation=3176 fresh=false modules=6 took_us=44
2026-09-25T22:43:44.258Z +74.663s DEBUG [graph] session=292bafc9 compiled generation=3177 fresh=false modules=6 took_us=48
2026-09-25T22:43:44.273Z +74.679s DEBUG [graph] session=292bafc9 compiled generation=3178 fresh=false modules=6 took_us=45
2026-09-25T22:43:44.294Z +74.699s DEBUG [graph] session=292bafc9 compiled generation=3179 fresh=false modules=6 took_us=45
2026-09-25T22:43:44.310Z +74.716s DEBUG [graph] session=292bafc9 compiled generation=3180 fresh=false modules=6 took_us=49
2026-09-25T22:43:44.334Z +74.740s DEBUG [graph] session=292bafc9 compiled generation=3181 fresh=false modules=6 took_us=46
2026-09-25T22:43:44.353Z +74.759s DEBUG [graph] session=292bafc9 compiled generation=3182 fresh=false modules=6 took_us=49
2026-09-25T22:43:44.370Z +74.776s DEBUG [graph] session=292bafc9 compiled generation=3183 fresh=false modules=6 took_us=47
2026-09-25T22:43:44.390Z +74.795s DEBUG [graph] session=292bafc9 compiled generation=3184 fresh=false modules=6 took_us=46
2026-09-25T22:43:44.410Z +74.816s DEBUG [graph] session=292bafc9 compiled generation=3185 fresh=false modules=6 took_us=45
2026-09-25T22:43:44.427Z +74.833s DEBUG [graph] session=292bafc9 compiled generation=3186 fresh=false modules=6 took_us=68
2026-09-25T22:43:44.447Z +74.853s DEBUG [graph] session=292bafc9 compiled generation=3187 fresh=false modules=6 took_us=57
2026-09-25T22:43:44.466Z +74.872s DEBUG [graph] session=292bafc9 compiled generation=3188 fresh=false modules=6 took_us=52
2026-09-25T22:43:44.487Z +74.893s DEBUG [graph] session=292bafc9 compiled generation=3189 fresh=false modules=6 took_us=44
2026-09-25T22:43:44.506Z +74.912s DEBUG [graph] session=292bafc9 compiled generation=3190 fresh=false modules=6 took_us=44
2026-09-25T22:43:44.525Z +74.930s DEBUG [graph] session=292bafc9 compiled generation=3191 fresh=false modules=6 took_us=103
2026-09-25T22:43:44.551Z +74.957s DEBUG [graph] session=292bafc9 compiled generation=3192 fresh=false modules=6 took_us=55
2026-09-25T22:43:44.569Z +74.975s DEBUG [graph] session=292bafc9 compiled generation=3193 fresh=false modules=6 took_us=45
2026-09-25T22:43:44.590Z +74.996s DEBUG [graph] session=292bafc9 compiled generation=3194 fresh=false modules=6 took_us=46
2026-09-25T22:43:44.609Z +75.015s DEBUG [graph] session=292bafc9 compiled generation=3195 fresh=false modules=6 took_us=46
2026-09-25T22:43:44.626Z +75.032s DEBUG [graph] session=292bafc9 compiled generation=3196 fresh=false modules=6 took_us=43
2026-09-25T22:43:44.646Z +75.052s DEBUG [graph] session=292bafc9 compiled generation=3197 fresh=false modules=6 took_us=47
2026-09-25T22:43:44.663Z +75.069s DEBUG [graph] session=292bafc9 compiled generation=3198 fresh=false modules=6 took_us=48
2026-09-25T22:43:44.682Z +75.087s DEBUG [graph] session=292bafc9 compiled generation=3199 fresh=false modules=6 took_us=82
2026-09-25T22:43:44.702Z +75.108s DEBUG [graph] session=292bafc9 compiled generation=3200 fresh=false modules=6 took_us=50
2026-09-25T22:43:44.724Z +75.130s DEBUG [graph] session=292bafc9 compiled generation=3201 fresh=false modules=6 took_us=48
2026-09-25T22:43:44.745Z +75.151s DEBUG [graph] session=292bafc9 compiled generation=3202 fresh=false modules=6 took_us=48
2026-09-25T22:43:44.764Z +75.169s DEBUG [graph] session=292bafc9 compiled generation=3203 fresh=false modules=6 took_us=49
2026-09-25T22:43:44.784Z +75.189s DEBUG [graph] session=292bafc9 compiled generation=3204 fresh=false modules=6 took_us=51
2026-09-25T22:43:44.802Z +75.208s DEBUG [graph] session=292bafc9 compiled generation=3205 fresh=false modules=6 took_us=48
2026-09-25T22:43:44.821Z +75.227s DEBUG [graph] session=292bafc9 compiled generation=3206 fresh=false modules=6 took_us=45
2026-09-25T22:43:44.839Z +75.245s DEBUG [graph] session=292bafc9 compiled generation=3207 fresh=false modules=6 took_us=47
2026-09-25T22:43:44.859Z +75.265s DEBUG [graph] session=292bafc9 compiled generation=3208 fresh=false modules=6 took_us=64
2026-09-25T22:43:44.875Z +75.281s DEBUG [graph] session=292bafc9 compiled generation=3209 fresh=false modules=6 took_us=71
2026-09-25T22:43:44.894Z +75.300s DEBUG [graph] session=292bafc9 compiled generation=3210 fresh=false modules=6 took_us=46
2026-09-25T22:43:44.911Z +75.317s DEBUG [graph] session=292bafc9 compiled generation=3211 fresh=false modules=6 took_us=103
2026-09-25T22:43:44.932Z +75.338s DEBUG [graph] session=292bafc9 compiled generation=3212 fresh=false modules=6 took_us=46
2026-09-25T22:43:44.951Z +75.357s DEBUG [graph] session=292bafc9 compiled generation=3213 fresh=false modules=6 took_us=44
2026-09-25T22:43:44.970Z +75.376s DEBUG [graph] session=292bafc9 compiled generation=3214 fresh=false modules=6 took_us=48
2026-09-25T22:43:44.992Z +75.398s DEBUG [graph] session=292bafc9 compiled generation=3215 fresh=false modules=6 took_us=51
2026-09-25T22:43:45.010Z +75.415s DEBUG [graph] session=292bafc9 compiled generation=3216 fresh=false modules=6 took_us=50
2026-09-25T22:43:45.028Z +75.434s DEBUG [graph] session=292bafc9 compiled generation=3217 fresh=false modules=6 took_us=50
2026-09-25T22:43:45.051Z +75.457s DEBUG [graph] session=292bafc9 compiled generation=3218 fresh=false modules=6 took_us=52
2026-09-25T22:43:45.071Z +75.477s DEBUG [graph] session=292bafc9 compiled generation=3219 fresh=false modules=6 took_us=51
2026-09-25T22:43:45.092Z +75.498s DEBUG [graph] session=292bafc9 compiled generation=3220 fresh=false modules=6 took_us=178
2026-09-25T22:43:45.112Z +75.518s DEBUG [graph] session=292bafc9 compiled generation=3221 fresh=false modules=6 took_us=55
2026-09-25T22:43:45.132Z +75.538s DEBUG [graph] session=292bafc9 compiled generation=3222 fresh=false modules=6 took_us=46
2026-09-25T22:43:45.150Z +75.556s DEBUG [graph] session=292bafc9 compiled generation=3223 fresh=false modules=6 took_us=51
2026-09-25T22:43:45.167Z +75.573s DEBUG [graph] session=292bafc9 compiled generation=3224 fresh=false modules=6 took_us=49
2026-09-25T22:43:45.186Z +75.592s DEBUG [graph] session=292bafc9 compiled generation=3225 fresh=false modules=6 took_us=49
2026-09-25T22:43:45.205Z +75.611s DEBUG [graph] session=292bafc9 compiled generation=3226 fresh=false modules=6 took_us=51
2026-09-25T22:43:45.223Z +75.629s DEBUG [graph] session=292bafc9 compiled generation=3227 fresh=false modules=6 took_us=43
2026-09-25T22:43:45.245Z +75.650s DEBUG [graph] session=292bafc9 compiled generation=3228 fresh=false modules=6 took_us=50
2026-09-25T22:43:45.262Z +75.668s DEBUG [graph] session=292bafc9 compiled generation=3229 fresh=false modules=6 took_us=50
2026-09-25T22:43:45.284Z +75.689s DEBUG [graph] session=292bafc9 compiled generation=3230 fresh=false modules=6 took_us=76
2026-09-25T22:43:45.303Z +75.709s DEBUG [graph] session=292bafc9 compiled generation=3231 fresh=false modules=6 took_us=94
2026-09-25T22:43:45.322Z +75.728s DEBUG [graph] session=292bafc9 compiled generation=3232 fresh=false modules=6 took_us=42
2026-09-25T22:43:45.341Z +75.747s DEBUG [graph] session=292bafc9 compiled generation=3233 fresh=false modules=6 took_us=41
2026-09-25T22:43:45.361Z +75.766s DEBUG [graph] session=292bafc9 compiled generation=3234 fresh=false modules=6 took_us=51
2026-09-25T22:43:45.379Z +75.785s DEBUG [graph] session=292bafc9 compiled generation=3235 fresh=false modules=6 took_us=47
2026-09-25T22:43:45.398Z +75.804s DEBUG [graph] session=292bafc9 compiled generation=3236 fresh=false modules=6 took_us=43
2026-09-25T22:43:45.418Z +75.824s DEBUG [graph] session=292bafc9 compiled generation=3237 fresh=false modules=6 took_us=51
2026-09-25T22:43:45.444Z +75.850s DEBUG [graph] session=292bafc9 compiled generation=3238 fresh=false modules=6 took_us=48
2026-09-25T22:43:45.465Z +75.871s DEBUG [graph] session=292bafc9 compiled generation=3239 fresh=false modules=6 took_us=52
2026-09-25T22:43:45.487Z +75.892s DEBUG [graph] session=292bafc9 compiled generation=3240 fresh=false modules=6 took_us=90
2026-09-25T22:43:45.505Z +75.910s DEBUG [graph] session=292bafc9 compiled generation=3241 fresh=false modules=6 took_us=77
2026-09-25T22:43:45.523Z +75.929s DEBUG [graph] session=292bafc9 compiled generation=3242 fresh=false modules=6 took_us=52
2026-09-25T22:43:45.543Z +75.949s DEBUG [graph] session=292bafc9 compiled generation=3243 fresh=false modules=6 took_us=41
2026-09-25T22:43:45.561Z +75.966s DEBUG [graph] session=292bafc9 compiled generation=3244 fresh=false modules=6 took_us=41
2026-09-25T22:43:45.579Z +75.985s DEBUG [graph] session=292bafc9 compiled generation=3245 fresh=false modules=6 took_us=42
2026-09-25T22:43:45.600Z +76.006s DEBUG [graph] session=292bafc9 compiled generation=3246 fresh=false modules=6 took_us=44
2026-09-25T22:43:45.618Z +76.024s DEBUG [graph] session=292bafc9 compiled generation=3247 fresh=false modules=6 took_us=48
2026-09-25T22:43:45.640Z +76.046s DEBUG [graph] session=292bafc9 compiled generation=3248 fresh=false modules=6 took_us=50
2026-09-25T22:43:45.658Z +76.064s DEBUG [graph] session=292bafc9 compiled generation=3249 fresh=false modules=6 took_us=59
2026-09-25T22:43:45.678Z +76.084s DEBUG [graph] session=292bafc9 compiled generation=3250 fresh=false modules=6 took_us=41
2026-09-25T22:43:45.693Z +76.099s DEBUG [graph] session=292bafc9 compiled generation=3251 fresh=false modules=6 took_us=41
2026-09-25T22:43:45.708Z +76.114s DEBUG [graph] session=292bafc9 compiled generation=3252 fresh=false modules=6 took_us=52
2026-09-25T22:43:45.729Z +76.135s DEBUG [graph] session=292bafc9 compiled generation=3253 fresh=false modules=6 took_us=52
2026-09-25T22:43:45.754Z +76.160s DEBUG [graph] session=292bafc9 compiled generation=3254 fresh=false modules=6 took_us=53
2026-09-25T22:43:45.775Z +76.181s DEBUG [graph] session=292bafc9 compiled generation=3255 fresh=false modules=6 took_us=52
2026-09-25T22:43:45.800Z +76.206s DEBUG [graph] session=292bafc9 compiled generation=3256 fresh=false modules=6 took_us=53
2026-09-25T22:43:45.819Z +76.225s DEBUG [graph] session=292bafc9 compiled generation=3257 fresh=false modules=6 took_us=67
2026-09-25T22:43:45.840Z +76.245s DEBUG [graph] session=292bafc9 compiled generation=3258 fresh=false modules=6 took_us=97
2026-09-25T22:43:45.861Z +76.267s DEBUG [graph] session=292bafc9 compiled generation=3259 fresh=false modules=6 took_us=50
2026-09-25T22:43:45.880Z +76.286s DEBUG [graph] session=292bafc9 compiled generation=3260 fresh=false modules=6 took_us=67
2026-09-25T22:43:45.902Z +76.308s DEBUG [graph] session=292bafc9 compiled generation=3261 fresh=false modules=6 took_us=51
2026-09-25T22:43:45.920Z +76.326s DEBUG [graph] session=292bafc9 compiled generation=3262 fresh=false modules=6 took_us=43
2026-09-25T22:43:45.939Z +76.345s DEBUG [graph] session=292bafc9 compiled generation=3263 fresh=false modules=6 took_us=42
2026-09-25T22:43:45.954Z +76.360s DEBUG [graph] session=292bafc9 compiled generation=3264 fresh=false modules=6 took_us=41
2026-09-25T22:43:45.969Z +76.375s DEBUG [graph] session=292bafc9 compiled generation=3265 fresh=false modules=6 took_us=60
2026-09-25T22:43:45.989Z +76.395s DEBUG [graph] session=292bafc9 compiled generation=3266 fresh=false modules=6 took_us=47
2026-09-25T22:43:46.005Z +76.411s DEBUG [graph] session=292bafc9 compiled generation=3267 fresh=false modules=6 took_us=43
2026-09-25T22:43:46.021Z +76.426s DEBUG [graph] session=292bafc9 compiled generation=3268 fresh=false modules=6 took_us=80
2026-09-25T22:43:46.041Z +76.447s DEBUG [graph] session=292bafc9 compiled generation=3269 fresh=false modules=6 took_us=50
2026-09-25T22:43:46.060Z +76.466s DEBUG [graph] session=292bafc9 compiled generation=3270 fresh=false modules=6 took_us=43
2026-09-25T22:43:46.083Z +76.489s DEBUG [graph] session=292bafc9 compiled generation=3271 fresh=false modules=6 took_us=83
2026-09-25T22:43:46.102Z +76.508s DEBUG [graph] session=292bafc9 compiled generation=3272 fresh=false modules=6 took_us=51
2026-09-25T22:43:46.122Z +76.528s DEBUG [graph] session=292bafc9 compiled generation=3273 fresh=false modules=6 took_us=43
2026-09-25T22:43:46.144Z +76.550s DEBUG [graph] session=292bafc9 compiled generation=3274 fresh=false modules=6 took_us=54
2026-09-25T22:43:46.167Z +76.573s DEBUG [graph] session=292bafc9 compiled generation=3275 fresh=false modules=6 took_us=63
2026-09-25T22:43:46.194Z +76.599s DEBUG [graph] session=292bafc9 compiled generation=3276 fresh=false modules=6 took_us=108
2026-09-25T22:43:46.212Z +76.618s DEBUG [graph] session=292bafc9 compiled generation=3277 fresh=false modules=6 took_us=101
2026-09-25T22:43:46.234Z +76.640s DEBUG [graph] session=292bafc9 compiled generation=3278 fresh=false modules=6 took_us=58
2026-09-25T22:43:46.253Z +76.659s DEBUG [graph] session=292bafc9 compiled generation=3279 fresh=false modules=6 took_us=43
2026-09-25T22:43:46.270Z +76.676s DEBUG [graph] session=292bafc9 compiled generation=3280 fresh=false modules=6 took_us=52
2026-09-25T22:43:46.289Z +76.695s DEBUG [graph] session=292bafc9 compiled generation=3281 fresh=false modules=6 took_us=51
2026-09-25T22:43:46.308Z +76.714s DEBUG [graph] session=292bafc9 compiled generation=3282 fresh=false modules=6 took_us=50
2026-09-25T22:43:46.325Z +76.731s DEBUG [graph] session=292bafc9 compiled generation=3283 fresh=false modules=6 took_us=63
2026-09-25T22:43:46.346Z +76.752s DEBUG [graph] session=292bafc9 compiled generation=3284 fresh=false modules=6 took_us=42
2026-09-25T22:43:46.364Z +76.770s DEBUG [graph] session=292bafc9 compiled generation=3285 fresh=false modules=6 took_us=51
2026-09-25T22:43:46.384Z +76.790s DEBUG [graph] session=292bafc9 compiled generation=3286 fresh=false modules=6 took_us=51
2026-09-25T22:43:46.401Z +76.807s DEBUG [graph] session=292bafc9 compiled generation=3287 fresh=false modules=6 took_us=52
2026-09-25T22:43:46.422Z +76.827s DEBUG [graph] session=292bafc9 compiled generation=3288 fresh=false modules=6 took_us=76
2026-09-25T22:43:46.443Z +76.848s DEBUG [graph] session=292bafc9 compiled generation=3289 fresh=false modules=6 took_us=82
2026-09-25T22:43:46.468Z +76.874s DEBUG [graph] session=292bafc9 compiled generation=3290 fresh=false modules=6 took_us=51
2026-09-25T22:43:46.491Z +76.896s DEBUG [graph] session=292bafc9 compiled generation=3291 fresh=false modules=6 took_us=51
2026-09-25T22:43:46.511Z +76.917s DEBUG [graph] session=292bafc9 compiled generation=3292 fresh=false modules=6 took_us=52
2026-09-25T22:43:46.530Z +76.936s DEBUG [graph] session=292bafc9 compiled generation=3293 fresh=false modules=6 took_us=58
2026-09-25T22:43:46.550Z +76.956s DEBUG [graph] session=292bafc9 compiled generation=3294 fresh=false modules=6 took_us=44
2026-09-25T22:43:46.568Z +76.973s DEBUG [graph] session=292bafc9 compiled generation=3295 fresh=false modules=6 took_us=49
2026-09-25T22:43:46.588Z +76.994s DEBUG [graph] session=292bafc9 compiled generation=3296 fresh=false modules=6 took_us=43
2026-09-25T22:43:46.605Z +77.011s DEBUG [graph] session=292bafc9 compiled generation=3297 fresh=false modules=6 took_us=42
2026-09-25T22:43:46.624Z +77.030s DEBUG [graph] session=292bafc9 compiled generation=3298 fresh=false modules=6 took_us=42
2026-09-25T22:43:46.643Z +77.049s DEBUG [graph] session=292bafc9 compiled generation=3299 fresh=false modules=6 took_us=41
2026-09-25T22:43:46.664Z +77.070s DEBUG [graph] session=292bafc9 compiled generation=3300 fresh=false modules=6 took_us=40
2026-09-25T22:43:46.685Z +77.090s DEBUG [graph] session=292bafc9 compiled generation=3301 fresh=false modules=6 took_us=50
2026-09-25T22:43:46.702Z +77.108s DEBUG [graph] session=292bafc9 compiled generation=3302 fresh=false modules=6 took_us=49
2026-09-25T22:43:46.722Z +77.127s DEBUG [graph] session=292bafc9 compiled generation=3303 fresh=false modules=6 took_us=42
2026-09-25T22:43:46.742Z +77.148s DEBUG [graph] session=292bafc9 compiled generation=3304 fresh=false modules=6 took_us=40
2026-09-25T22:43:46.758Z +77.164s DEBUG [graph] session=292bafc9 compiled generation=3305 fresh=false modules=6 took_us=58
2026-09-25T22:43:46.775Z +77.181s DEBUG [graph] session=292bafc9 compiled generation=3306 fresh=false modules=6 took_us=49
2026-09-25T22:43:46.798Z +77.204s DEBUG [graph] session=292bafc9 compiled generation=3307 fresh=false modules=6 took_us=68
2026-09-25T22:43:46.817Z +77.223s DEBUG [graph] session=292bafc9 compiled generation=3308 fresh=false modules=6 took_us=55
2026-09-25T22:43:46.838Z +77.243s DEBUG [graph] session=292bafc9 compiled generation=3309 fresh=false modules=6 took_us=63
2026-09-25T22:43:46.855Z +77.260s DEBUG [graph] session=292bafc9 compiled generation=3310 fresh=false modules=6 took_us=50
2026-09-25T22:43:46.885Z +77.291s DEBUG [graph] session=292bafc9 compiled generation=3311 fresh=false modules=6 took_us=60
2026-09-25T22:43:46.905Z +77.311s DEBUG [graph] session=292bafc9 compiled generation=3312 fresh=false modules=6 took_us=44
2026-09-25T22:43:46.922Z +77.328s DEBUG [graph] session=292bafc9 compiled generation=3313 fresh=false modules=6 took_us=51
2026-09-25T22:43:46.943Z +77.349s DEBUG [graph] session=292bafc9 compiled generation=3314 fresh=false modules=6 took_us=44
2026-09-25T22:43:46.960Z +77.366s DEBUG [graph] session=292bafc9 compiled generation=3315 fresh=false modules=6 took_us=46
2026-09-25T22:43:46.978Z +77.384s DEBUG [graph] session=292bafc9 compiled generation=3316 fresh=false modules=6 took_us=41
2026-09-25T22:43:46.996Z +77.402s DEBUG [graph] session=292bafc9 compiled generation=3317 fresh=false modules=6 took_us=53
2026-09-25T22:43:47.012Z +77.417s DEBUG [graph] session=292bafc9 compiled generation=3318 fresh=false modules=6 took_us=73
2026-09-25T22:43:47.030Z +77.436s DEBUG [graph] session=292bafc9 compiled generation=3319 fresh=false modules=6 took_us=47
2026-09-25T22:43:47.051Z +77.457s DEBUG [graph] session=292bafc9 compiled generation=3320 fresh=false modules=6 took_us=174
2026-09-25T22:43:47.070Z +77.476s DEBUG [graph] session=292bafc9 compiled generation=3321 fresh=false modules=6 took_us=41
2026-09-25T22:43:47.089Z +77.495s DEBUG [graph] session=292bafc9 compiled generation=3322 fresh=false modules=6 took_us=51
2026-09-25T22:43:47.107Z +77.513s DEBUG [graph] session=292bafc9 compiled generation=3323 fresh=false modules=6 took_us=54
2026-09-25T22:43:47.129Z +77.534s DEBUG [graph] session=292bafc9 compiled generation=3324 fresh=false modules=6 took_us=51
2026-09-25T22:43:47.152Z +77.557s DEBUG [graph] session=292bafc9 compiled generation=3325 fresh=false modules=6 took_us=55
2026-09-25T22:43:47.170Z +77.576s DEBUG [graph] session=292bafc9 compiled generation=3326 fresh=false modules=6 took_us=52
2026-09-25T22:43:47.190Z +77.596s DEBUG [graph] session=292bafc9 compiled generation=3327 fresh=false modules=6 took_us=50
2026-09-25T22:43:47.212Z +77.618s DEBUG [graph] session=292bafc9 compiled generation=3328 fresh=false modules=6 took_us=53
2026-09-25T22:43:47.230Z +77.636s DEBUG [graph] session=292bafc9 compiled generation=3329 fresh=false modules=6 took_us=42
2026-09-25T22:43:47.248Z +77.654s DEBUG [graph] session=292bafc9 compiled generation=3330 fresh=false modules=6 took_us=43
2026-09-25T22:43:47.264Z +77.670s DEBUG [graph] session=292bafc9 compiled generation=3331 fresh=false modules=6 took_us=57
2026-09-25T22:43:47.283Z +77.689s DEBUG [graph] session=292bafc9 compiled generation=3332 fresh=false modules=6 took_us=41
2026-09-25T22:43:47.298Z +77.704s DEBUG [graph] session=292bafc9 compiled generation=3333 fresh=false modules=6 took_us=43
2026-09-25T22:43:47.315Z +77.721s DEBUG [graph] session=292bafc9 compiled generation=3334 fresh=false modules=6 took_us=51
2026-09-25T22:43:47.334Z +77.739s DEBUG [graph] session=292bafc9 compiled generation=3335 fresh=false modules=6 took_us=55
2026-09-25T22:43:47.356Z +77.762s DEBUG [graph] session=292bafc9 compiled generation=3336 fresh=false modules=6 took_us=44
2026-09-25T22:43:47.373Z +77.778s DEBUG [graph] session=292bafc9 compiled generation=3337 fresh=false modules=6 took_us=41
2026-09-25T22:43:47.393Z +77.799s DEBUG [graph] session=292bafc9 compiled generation=3338 fresh=false modules=6 took_us=51
2026-09-25T22:43:47.413Z +77.818s DEBUG [graph] session=292bafc9 compiled generation=3339 fresh=false modules=6 took_us=44
2026-09-25T22:43:47.429Z +77.835s DEBUG [graph] session=292bafc9 compiled generation=3340 fresh=false modules=6 took_us=42
2026-09-25T22:43:47.451Z +77.856s DEBUG [graph] session=292bafc9 compiled generation=3341 fresh=false modules=6 took_us=51
2026-09-25T22:43:47.467Z +77.873s DEBUG [graph] session=292bafc9 compiled generation=3342 fresh=false modules=6 took_us=54
2026-09-25T22:43:47.487Z +77.893s DEBUG [graph] session=292bafc9 compiled generation=3343 fresh=false modules=6 took_us=48
2026-09-25T22:43:47.506Z +77.912s DEBUG [graph] session=292bafc9 compiled generation=3344 fresh=false modules=6 took_us=57
2026-09-25T22:43:47.527Z +77.933s DEBUG [graph] session=292bafc9 compiled generation=3345 fresh=false modules=6 took_us=54
2026-09-25T22:43:47.546Z +77.952s DEBUG [graph] session=292bafc9 compiled generation=3346 fresh=false modules=6 took_us=44
2026-09-25T22:43:47.563Z +77.969s DEBUG [graph] session=292bafc9 compiled generation=3347 fresh=false modules=6 took_us=79
2026-09-25T22:43:47.582Z +77.988s DEBUG [graph] session=292bafc9 compiled generation=3348 fresh=false modules=6 took_us=44
2026-09-25T22:43:47.598Z +78.004s DEBUG [graph] session=292bafc9 compiled generation=3349 fresh=false modules=6 took_us=45
2026-09-25T22:43:47.614Z +78.020s DEBUG [graph] session=292bafc9 compiled generation=3350 fresh=false modules=6 took_us=44
2026-09-25T22:43:47.630Z +78.036s DEBUG [graph] session=292bafc9 compiled generation=3351 fresh=false modules=6 took_us=43
2026-09-25T22:43:47.653Z +78.059s DEBUG [graph] session=292bafc9 compiled generation=3352 fresh=false modules=6 took_us=71
2026-09-25T22:43:47.673Z +78.079s DEBUG [graph] session=292bafc9 compiled generation=3353 fresh=false modules=6 took_us=48
2026-09-25T22:43:47.692Z +78.097s DEBUG [graph] session=292bafc9 compiled generation=3354 fresh=false modules=6 took_us=43
2026-09-25T22:43:47.709Z +78.115s DEBUG [graph] session=292bafc9 compiled generation=3355 fresh=false modules=6 took_us=50
2026-09-25T22:43:47.726Z +78.132s DEBUG [graph] session=292bafc9 compiled generation=3356 fresh=false modules=6 took_us=48
2026-09-25T22:43:47.746Z +78.152s DEBUG [graph] session=292bafc9 compiled generation=3357 fresh=false modules=6 took_us=44
2026-09-25T22:43:47.765Z +78.171s DEBUG [graph] session=292bafc9 compiled generation=3358 fresh=false modules=6 took_us=47
2026-09-25T22:43:47.786Z +78.192s DEBUG [graph] session=292bafc9 compiled generation=3359 fresh=false modules=6 took_us=44
2026-09-25T22:43:47.803Z +78.209s DEBUG [graph] session=292bafc9 compiled generation=3360 fresh=false modules=6 took_us=43
2026-09-25T22:43:47.820Z +78.226s DEBUG [graph] session=292bafc9 compiled generation=3361 fresh=false modules=6 took_us=41
2026-09-25T22:43:47.845Z +78.251s DEBUG [graph] session=292bafc9 compiled generation=3362 fresh=false modules=6 took_us=46
2026-09-25T22:43:47.862Z +78.268s DEBUG [graph] session=292bafc9 compiled generation=3363 fresh=false modules=6 took_us=55
2026-09-25T22:43:47.883Z +78.288s DEBUG [graph] session=292bafc9 compiled generation=3364 fresh=false modules=6 took_us=53
2026-09-25T22:43:47.901Z +78.307s DEBUG [graph] session=292bafc9 compiled generation=3365 fresh=false modules=6 took_us=44
2026-09-25T22:43:47.918Z +78.324s DEBUG [graph] session=292bafc9 compiled generation=3366 fresh=false modules=6 took_us=48
2026-09-25T22:43:47.942Z +78.347s DEBUG [graph] session=292bafc9 compiled generation=3367 fresh=false modules=6 took_us=56
2026-09-25T22:43:47.960Z +78.366s DEBUG [graph] session=292bafc9 compiled generation=3368 fresh=false modules=6 took_us=42
2026-09-25T22:43:47.983Z +78.389s DEBUG [graph] session=292bafc9 compiled generation=3369 fresh=false modules=6 took_us=69
2026-09-25T22:43:48.004Z +78.410s DEBUG [graph] session=292bafc9 compiled generation=3370 fresh=false modules=6 took_us=50
2026-09-25T22:43:48.028Z +78.434s DEBUG [graph] session=292bafc9 compiled generation=3371 fresh=false modules=6 took_us=51
2026-09-25T22:43:48.046Z +78.451s DEBUG [graph] session=292bafc9 compiled generation=3372 fresh=false modules=6 took_us=49
2026-09-25T22:43:48.064Z +78.469s DEBUG [graph] session=292bafc9 compiled generation=3373 fresh=false modules=6 took_us=72
2026-09-25T22:43:48.083Z +78.489s DEBUG [graph] session=292bafc9 compiled generation=3374 fresh=false modules=6 took_us=51
2026-09-25T22:43:48.107Z +78.513s DEBUG [graph] session=292bafc9 compiled generation=3375 fresh=false modules=6 took_us=44
2026-09-25T22:43:48.126Z +78.532s DEBUG [graph] session=292bafc9 compiled generation=3376 fresh=false modules=6 took_us=43
2026-09-25T22:43:48.146Z +78.552s DEBUG [graph] session=292bafc9 compiled generation=3377 fresh=false modules=6 took_us=50
2026-09-25T22:43:48.169Z +78.575s DEBUG [graph] session=292bafc9 compiled generation=3378 fresh=false modules=6 took_us=49
2026-09-25T22:43:48.190Z +78.595s DEBUG [graph] session=292bafc9 compiled generation=3379 fresh=false modules=6 took_us=50
2026-09-25T22:43:48.206Z +78.612s DEBUG [graph] session=292bafc9 compiled generation=3380 fresh=false modules=6 took_us=52
2026-09-25T22:43:48.225Z +78.631s DEBUG [graph] session=292bafc9 compiled generation=3381 fresh=false modules=6 took_us=50
2026-09-25T22:43:48.246Z +78.652s DEBUG [graph] session=292bafc9 compiled generation=3382 fresh=false modules=6 took_us=49
2026-09-25T22:43:48.263Z +78.669s DEBUG [graph] session=292bafc9 compiled generation=3383 fresh=false modules=6 took_us=51
2026-09-25T22:43:48.282Z +78.688s DEBUG [graph] session=292bafc9 compiled generation=3384 fresh=false modules=6 took_us=48
2026-09-25T22:43:48.301Z +78.707s DEBUG [graph] session=292bafc9 compiled generation=3385 fresh=false modules=6 took_us=49
2026-09-25T22:43:48.319Z +78.725s DEBUG [graph] session=292bafc9 compiled generation=3386 fresh=false modules=6 took_us=52
2026-09-25T22:43:48.340Z +78.746s DEBUG [graph] session=292bafc9 compiled generation=3387 fresh=false modules=6 took_us=44
2026-09-25T22:43:48.358Z +78.764s DEBUG [graph] session=292bafc9 compiled generation=3388 fresh=false modules=6 took_us=46
2026-09-25T22:43:48.379Z +78.785s DEBUG [graph] session=292bafc9 compiled generation=3389 fresh=false modules=6 took_us=45
2026-09-25T22:43:48.395Z +78.801s DEBUG [graph] session=292bafc9 compiled generation=3390 fresh=false modules=6 took_us=52
2026-09-25T22:43:48.413Z +78.819s DEBUG [graph] session=292bafc9 compiled generation=3391 fresh=false modules=6 took_us=45
2026-09-25T22:43:48.434Z +78.840s DEBUG [graph] session=292bafc9 compiled generation=3392 fresh=false modules=6 took_us=52
2026-09-25T22:43:48.453Z +78.859s DEBUG [graph] session=292bafc9 compiled generation=3393 fresh=false modules=6 took_us=87
2026-09-25T22:43:48.473Z +78.879s DEBUG [graph] session=292bafc9 compiled generation=3394 fresh=false modules=6 took_us=51
2026-09-25T22:43:48.494Z +78.900s DEBUG [graph] session=292bafc9 compiled generation=3395 fresh=false modules=6 took_us=48
2026-09-25T22:43:48.512Z +78.918s DEBUG [graph] session=292bafc9 compiled generation=3396 fresh=false modules=6 took_us=95
2026-09-25T22:43:48.535Z +78.941s DEBUG [graph] session=292bafc9 compiled generation=3397 fresh=false modules=6 took_us=51
2026-09-25T22:43:48.553Z +78.959s DEBUG [graph] session=292bafc9 compiled generation=3398 fresh=false modules=6 took_us=49
2026-09-25T22:43:48.574Z +78.979s DEBUG [graph] session=292bafc9 compiled generation=3399 fresh=false modules=6 took_us=49
2026-09-25T22:43:48.595Z +79.001s DEBUG [graph] session=292bafc9 compiled generation=3400 fresh=false modules=6 took_us=49
2026-09-25T22:43:48.615Z +79.021s DEBUG [graph] session=292bafc9 compiled generation=3401 fresh=false modules=6 took_us=50
2026-09-25T22:43:48.635Z +79.041s DEBUG [graph] session=292bafc9 compiled generation=3402 fresh=false modules=6 took_us=53
2026-09-25T22:43:48.653Z +79.059s DEBUG [graph] session=292bafc9 compiled generation=3403 fresh=false modules=6 took_us=49
2026-09-25T22:43:48.674Z +79.080s DEBUG [graph] session=292bafc9 compiled generation=3404 fresh=false modules=6 took_us=49
2026-09-25T22:43:48.695Z +79.101s DEBUG [graph] session=292bafc9 compiled generation=3405 fresh=false modules=6 took_us=51
2026-09-25T22:43:48.713Z +79.119s DEBUG [graph] session=292bafc9 compiled generation=3406 fresh=false modules=6 took_us=50
2026-09-25T22:43:48.742Z +79.148s DEBUG [graph] session=292bafc9 compiled generation=3407 fresh=false modules=6 took_us=53
2026-09-25T22:43:48.761Z +79.167s DEBUG [graph] session=292bafc9 compiled generation=3408 fresh=false modules=6 took_us=52
2026-09-25T22:43:48.783Z +79.189s DEBUG [graph] session=292bafc9 compiled generation=3409 fresh=false modules=6 took_us=86
2026-09-25T22:43:48.806Z +79.212s DEBUG [graph] session=292bafc9 compiled generation=3410 fresh=false modules=6 took_us=50
2026-09-25T22:43:48.823Z +79.229s DEBUG [graph] session=292bafc9 compiled generation=3411 fresh=false modules=6 took_us=42
2026-09-25T22:43:48.840Z +79.246s DEBUG [graph] session=292bafc9 compiled generation=3412 fresh=false modules=6 took_us=41
2026-09-25T22:43:48.858Z +79.264s DEBUG [graph] session=292bafc9 compiled generation=3413 fresh=false modules=6 took_us=45
2026-09-25T22:43:48.877Z +79.283s DEBUG [graph] session=292bafc9 compiled generation=3414 fresh=false modules=6 took_us=58
2026-09-25T22:43:48.898Z +79.304s DEBUG [graph] session=292bafc9 compiled generation=3415 fresh=false modules=6 took_us=45
2026-09-25T22:43:48.917Z +79.323s DEBUG [graph] session=292bafc9 compiled generation=3416 fresh=false modules=6 took_us=51
2026-09-25T22:43:48.941Z +79.347s DEBUG [graph] session=292bafc9 compiled generation=3417 fresh=false modules=6 took_us=43
2026-09-25T22:43:48.961Z +79.367s DEBUG [graph] session=292bafc9 compiled generation=3418 fresh=false modules=6 took_us=51
2026-09-25T22:43:48.986Z +79.392s DEBUG [graph] session=292bafc9 compiled generation=3419 fresh=false modules=6 took_us=44
2026-09-25T22:43:49.003Z +79.409s DEBUG [graph] session=292bafc9 compiled generation=3420 fresh=false modules=6 took_us=80
2026-09-25T22:43:49.022Z +79.427s DEBUG [graph] session=292bafc9 compiled generation=3421 fresh=false modules=6 took_us=44
2026-09-25T22:43:49.044Z +79.450s DEBUG [graph] session=292bafc9 compiled generation=3422 fresh=false modules=6 took_us=51
2026-09-25T22:43:49.063Z +79.469s DEBUG [graph] session=292bafc9 compiled generation=3423 fresh=false modules=6 took_us=41
2026-09-25T22:43:49.083Z +79.489s DEBUG [graph] session=292bafc9 compiled generation=3424 fresh=false modules=6 took_us=48
2026-09-25T22:43:49.101Z +79.507s DEBUG [graph] session=292bafc9 compiled generation=3425 fresh=false modules=6 took_us=44
2026-09-25T22:43:49.117Z +79.523s DEBUG [graph] session=292bafc9 compiled generation=3426 fresh=false modules=6 took_us=45
2026-09-25T22:43:49.138Z +79.543s DEBUG [graph] session=292bafc9 compiled generation=3427 fresh=false modules=6 took_us=73
2026-09-25T22:43:49.155Z +79.561s DEBUG [graph] session=292bafc9 compiled generation=3428 fresh=false modules=6 took_us=44
2026-09-25T22:43:49.173Z +79.579s DEBUG [graph] session=292bafc9 compiled generation=3429 fresh=false modules=6 took_us=59
2026-09-25T22:43:49.194Z +79.600s DEBUG [graph] session=292bafc9 compiled generation=3430 fresh=false modules=6 took_us=50
2026-09-25T22:43:49.212Z +79.618s DEBUG [graph] session=292bafc9 compiled generation=3431 fresh=false modules=6 took_us=48
2026-09-25T22:43:49.238Z +79.643s DEBUG [graph] session=292bafc9 compiled generation=3432 fresh=false modules=6 took_us=87
2026-09-25T22:43:49.256Z +79.661s DEBUG [graph] session=292bafc9 compiled generation=3433 fresh=false modules=6 took_us=75
2026-09-25T22:43:49.274Z +79.680s DEBUG [graph] session=292bafc9 compiled generation=3434 fresh=false modules=6 took_us=52
2026-09-25T22:43:49.295Z +79.701s DEBUG [graph] session=292bafc9 compiled generation=3435 fresh=false modules=6 took_us=48
2026-09-25T22:43:49.313Z +79.719s DEBUG [graph] session=292bafc9 compiled generation=3436 fresh=false modules=6 took_us=52
2026-09-25T22:43:49.332Z +79.738s DEBUG [graph] session=292bafc9 compiled generation=3437 fresh=false modules=6 took_us=48
2026-09-25T22:43:49.354Z +79.760s DEBUG [graph] session=292bafc9 compiled generation=3438 fresh=false modules=6 took_us=42
2026-09-25T22:43:49.373Z +79.779s DEBUG [graph] session=292bafc9 compiled generation=3439 fresh=false modules=6 took_us=66
2026-09-25T22:43:49.392Z +79.798s DEBUG [graph] session=292bafc9 compiled generation=3440 fresh=false modules=6 took_us=52
2026-09-25T22:43:49.410Z +79.816s DEBUG [graph] session=292bafc9 compiled generation=3441 fresh=false modules=6 took_us=49
2026-09-25T22:43:49.430Z +79.836s DEBUG [graph] session=292bafc9 compiled generation=3442 fresh=false modules=6 took_us=46
2026-09-25T22:43:49.453Z +79.859s DEBUG [graph] session=292bafc9 compiled generation=3443 fresh=false modules=6 took_us=53
2026-09-25T22:43:49.471Z +79.877s DEBUG [graph] session=292bafc9 compiled generation=3444 fresh=false modules=6 took_us=45
2026-09-25T22:43:49.489Z +79.895s DEBUG [graph] session=292bafc9 compiled generation=3445 fresh=false modules=6 took_us=44
2026-09-25T22:43:49.508Z +79.914s DEBUG [graph] session=292bafc9 compiled generation=3446 fresh=false modules=6 took_us=44
2026-09-25T22:43:49.527Z +79.933s DEBUG [graph] session=292bafc9 compiled generation=3447 fresh=false modules=6 took_us=63
2026-09-25T22:43:49.544Z +79.950s DEBUG [graph] session=292bafc9 compiled generation=3448 fresh=false modules=6 took_us=44
2026-09-25T22:43:49.564Z +79.970s DEBUG [graph] session=292bafc9 compiled generation=3449 fresh=false modules=6 took_us=67
2026-09-25T22:43:49.583Z +79.989s DEBUG [graph] session=292bafc9 compiled generation=3450 fresh=false modules=6 took_us=50
2026-09-25T22:43:49.604Z +80.010s DEBUG [graph] session=292bafc9 compiled generation=3451 fresh=false modules=6 took_us=44
2026-09-25T22:43:49.622Z +80.028s DEBUG [graph] session=292bafc9 compiled generation=3452 fresh=false modules=6 took_us=44
2026-09-25T22:43:49.642Z +80.048s DEBUG [graph] session=292bafc9 compiled generation=3453 fresh=false modules=6 took_us=44
2026-09-25T22:43:49.658Z +80.064s DEBUG [graph] session=292bafc9 compiled generation=3454 fresh=false modules=6 took_us=40
2026-09-25T22:43:49.682Z +80.088s DEBUG [graph] session=292bafc9 compiled generation=3455 fresh=false modules=6 took_us=41
2026-09-25T22:43:49.698Z +80.104s DEBUG [graph] session=292bafc9 compiled generation=3456 fresh=false modules=6 took_us=42
2026-09-25T22:43:49.715Z +80.121s DEBUG [graph] session=292bafc9 compiled generation=3457 fresh=false modules=6 took_us=41
2026-09-25T22:43:49.732Z +80.137s DEBUG [graph] session=292bafc9 compiled generation=3458 fresh=false modules=6 took_us=44
2026-09-25T22:43:49.752Z +80.158s DEBUG [graph] session=292bafc9 compiled generation=3459 fresh=false modules=6 took_us=65
2026-09-25T22:43:49.771Z +80.177s DEBUG [graph] session=292bafc9 compiled generation=3460 fresh=false modules=6 took_us=151
2026-09-25T22:43:49.790Z +80.196s INFO  [audio.health] session=292bafc9 last 10.0s: xruns=1 late_executions=1 late_arrivals=179 callbacks=1875 worst_run_us=6332
2026-09-25T22:43:49.790Z +80.196s DEBUG [graph] session=292bafc9 compiled generation=3461 fresh=false modules=6 took_us=49
2026-09-25T22:43:49.808Z +80.214s DEBUG [graph] session=292bafc9 compiled generation=3462 fresh=false modules=6 took_us=50
2026-09-25T22:43:49.826Z +80.232s DEBUG [graph] session=292bafc9 compiled generation=3463 fresh=false modules=6 took_us=53
2026-09-25T22:43:49.847Z +80.253s DEBUG [graph] session=292bafc9 compiled generation=3464 fresh=false modules=6 took_us=50
2026-09-25T22:43:49.864Z +80.270s DEBUG [graph] session=292bafc9 compiled generation=3465 fresh=false modules=6 took_us=49
2026-09-25T22:43:49.884Z +80.290s DEBUG [graph] session=292bafc9 compiled generation=3466 fresh=false modules=6 took_us=51
2026-09-25T22:43:49.902Z +80.308s DEBUG [graph] session=292bafc9 compiled generation=3467 fresh=false modules=6 took_us=49
2026-09-25T22:43:49.921Z +80.327s DEBUG [graph] session=292bafc9 compiled generation=3468 fresh=false modules=6 took_us=51
2026-09-25T22:43:49.942Z +80.348s DEBUG [graph] session=292bafc9 compiled generation=3469 fresh=false modules=6 took_us=50
2026-09-25T22:43:49.959Z +80.365s DEBUG [graph] session=292bafc9 compiled generation=3470 fresh=false modules=6 took_us=50
2026-09-25T22:43:49.977Z +80.383s DEBUG [graph] session=292bafc9 compiled generation=3471 fresh=false modules=6 took_us=50
2026-09-25T22:43:49.997Z +80.403s DEBUG [graph] session=292bafc9 compiled generation=3472 fresh=false modules=6 took_us=49
2026-09-25T22:43:50.016Z +80.422s DEBUG [graph] session=292bafc9 compiled generation=3473 fresh=false modules=6 took_us=189
2026-09-25T22:43:50.034Z +80.440s DEBUG [graph] session=292bafc9 compiled generation=3474 fresh=false modules=6 took_us=40
2026-09-25T22:43:50.058Z +80.464s DEBUG [graph] session=292bafc9 compiled generation=3475 fresh=false modules=6 took_us=45
2026-09-25T22:43:50.083Z +80.488s DEBUG [graph] session=292bafc9 compiled generation=3476 fresh=false modules=6 took_us=95
2026-09-25T22:43:50.102Z +80.508s DEBUG [graph] session=292bafc9 compiled generation=3477 fresh=false modules=6 took_us=50
2026-09-25T22:43:50.123Z +80.529s DEBUG [graph] session=292bafc9 compiled generation=3478 fresh=false modules=6 took_us=60
2026-09-25T22:43:50.148Z +80.554s DEBUG [graph] session=292bafc9 compiled generation=3479 fresh=false modules=6 took_us=51
2026-09-25T22:43:50.168Z +80.573s DEBUG [graph] session=292bafc9 compiled generation=3480 fresh=false modules=6 took_us=49
2026-09-25T22:43:50.188Z +80.594s DEBUG [graph] session=292bafc9 compiled generation=3481 fresh=false modules=6 took_us=62
2026-09-25T22:43:50.207Z +80.613s DEBUG [graph] session=292bafc9 compiled generation=3482 fresh=false modules=6 took_us=67
2026-09-25T22:43:50.228Z +80.634s DEBUG [graph] session=292bafc9 compiled generation=3483 fresh=false modules=6 took_us=46
2026-09-25T22:43:50.256Z +80.662s DEBUG [graph] session=292bafc9 compiled generation=3484 fresh=false modules=6 took_us=52
2026-09-25T22:43:50.276Z +80.682s DEBUG [graph] session=292bafc9 compiled generation=3485 fresh=false modules=6 took_us=61
2026-09-25T22:43:50.301Z +80.706s DEBUG [graph] session=292bafc9 compiled generation=3486 fresh=false modules=6 took_us=77
2026-09-25T22:43:50.320Z +80.726s DEBUG [graph] session=292bafc9 compiled generation=3487 fresh=false modules=6 took_us=59
2026-09-25T22:43:50.342Z +80.748s DEBUG [graph] session=292bafc9 compiled generation=3488 fresh=false modules=6 took_us=53
2026-09-25T22:43:50.360Z +80.766s DEBUG [graph] session=292bafc9 compiled generation=3489 fresh=false modules=6 took_us=59
2026-09-25T22:43:50.384Z +80.790s DEBUG [graph] session=292bafc9 compiled generation=3490 fresh=false modules=6 took_us=128
2026-09-25T22:43:50.402Z +80.808s DEBUG [graph] session=292bafc9 compiled generation=3491 fresh=false modules=6 took_us=51
2026-09-25T22:43:50.423Z +80.829s DEBUG [graph] session=292bafc9 compiled generation=3492 fresh=false modules=6 took_us=63
2026-09-25T22:43:50.443Z +80.849s DEBUG [graph] session=292bafc9 compiled generation=3493 fresh=false modules=6 took_us=54
2026-09-25T22:43:50.460Z +80.866s DEBUG [graph] session=292bafc9 compiled generation=3494 fresh=false modules=6 took_us=51
2026-09-25T22:43:50.481Z +80.887s DEBUG [graph] session=292bafc9 compiled generation=3495 fresh=false modules=6 took_us=42
2026-09-25T22:43:50.497Z +80.903s DEBUG [graph] session=292bafc9 compiled generation=3496 fresh=false modules=6 took_us=52
2026-09-25T22:43:50.515Z +80.921s DEBUG [graph] session=292bafc9 compiled generation=3497 fresh=false modules=6 took_us=45
2026-09-25T22:43:50.532Z +80.938s DEBUG [graph] session=292bafc9 compiled generation=3498 fresh=false modules=6 took_us=47
2026-09-25T22:43:50.553Z +80.959s DEBUG [graph] session=292bafc9 compiled generation=3499 fresh=false modules=6 took_us=50
2026-09-25T22:43:50.569Z +80.975s DEBUG [graph] session=292bafc9 compiled generation=3500 fresh=false modules=6 took_us=41
2026-09-25T22:43:50.587Z +80.993s DEBUG [graph] session=292bafc9 compiled generation=3501 fresh=false modules=6 took_us=54
2026-09-25T22:43:50.603Z +81.008s DEBUG [graph] session=292bafc9 compiled generation=3502 fresh=false modules=6 took_us=79
2026-09-25T22:43:50.620Z +81.026s DEBUG [graph] session=292bafc9 compiled generation=3503 fresh=false modules=6 took_us=52
2026-09-25T22:43:50.641Z +81.047s DEBUG [graph] session=292bafc9 compiled generation=3504 fresh=false modules=6 took_us=46
2026-09-25T22:43:50.660Z +81.066s DEBUG [graph] session=292bafc9 compiled generation=3505 fresh=false modules=6 took_us=44
2026-09-25T22:43:50.678Z +81.083s DEBUG [graph] session=292bafc9 compiled generation=3506 fresh=false modules=6 took_us=61
2026-09-25T22:43:50.695Z +81.101s DEBUG [graph] session=292bafc9 compiled generation=3507 fresh=false modules=6 took_us=42
2026-09-25T22:43:50.714Z +81.120s DEBUG [graph] session=292bafc9 compiled generation=3508 fresh=false modules=6 took_us=43
2026-09-25T22:43:50.733Z +81.139s DEBUG [graph] session=292bafc9 compiled generation=3509 fresh=false modules=6 took_us=39
2026-09-25T22:43:50.749Z +81.155s DEBUG [graph] session=292bafc9 compiled generation=3510 fresh=false modules=6 took_us=41
2026-09-25T22:43:50.765Z +81.171s DEBUG [graph] session=292bafc9 compiled generation=3511 fresh=false modules=6 took_us=51
2026-09-25T22:43:50.788Z +81.194s DEBUG [graph] session=292bafc9 compiled generation=3512 fresh=false modules=6 took_us=46
2026-09-25T22:43:50.810Z +81.216s DEBUG [graph] session=292bafc9 compiled generation=3513 fresh=false modules=6 took_us=42
2026-09-25T22:43:50.828Z +81.234s DEBUG [graph] session=292bafc9 compiled generation=3514 fresh=false modules=6 took_us=46
2026-09-25T22:43:50.850Z +81.256s DEBUG [graph] session=292bafc9 compiled generation=3515 fresh=false modules=6 took_us=47
2026-09-25T22:43:50.867Z +81.273s DEBUG [graph] session=292bafc9 compiled generation=3516 fresh=false modules=6 took_us=46
2026-09-25T22:43:50.886Z +81.292s DEBUG [graph] session=292bafc9 compiled generation=3517 fresh=false modules=6 took_us=52
2026-09-25T22:43:50.905Z +81.311s DEBUG [graph] session=292bafc9 compiled generation=3518 fresh=false modules=6 took_us=51
2026-09-25T22:43:50.921Z +81.327s DEBUG [graph] session=292bafc9 compiled generation=3519 fresh=false modules=6 took_us=44
2026-09-25T22:43:50.942Z +81.347s DEBUG [graph] session=292bafc9 compiled generation=3520 fresh=false modules=6 took_us=42
2026-09-25T22:43:50.958Z +81.364s DEBUG [graph] session=292bafc9 compiled generation=3521 fresh=false modules=6 took_us=43
2026-09-25T22:43:50.975Z +81.381s DEBUG [graph] session=292bafc9 compiled generation=3522 fresh=false modules=6 took_us=45
2026-09-25T22:43:50.994Z +81.400s DEBUG [graph] session=292bafc9 compiled generation=3523 fresh=false modules=6 took_us=42
2026-09-25T22:43:51.010Z +81.416s DEBUG [graph] session=292bafc9 compiled generation=3524 fresh=false modules=6 took_us=43
2026-09-25T22:43:51.027Z +81.433s DEBUG [graph] session=292bafc9 compiled generation=3525 fresh=false modules=6 took_us=44
2026-09-25T22:43:51.051Z +81.457s DEBUG [graph] session=292bafc9 compiled generation=3526 fresh=false modules=6 took_us=51
2026-09-25T22:43:51.069Z +81.475s DEBUG [graph] session=292bafc9 compiled generation=3527 fresh=false modules=6 took_us=50
2026-09-25T22:43:51.093Z +81.499s DEBUG [graph] session=292bafc9 compiled generation=3528 fresh=false modules=6 took_us=52
2026-09-25T22:43:51.112Z +81.518s DEBUG [graph] session=292bafc9 compiled generation=3529 fresh=false modules=6 took_us=50
2026-09-25T22:43:51.135Z +81.541s DEBUG [graph] session=292bafc9 compiled generation=3530 fresh=false modules=6 took_us=43
2026-09-25T22:43:51.154Z +81.560s DEBUG [graph] session=292bafc9 compiled generation=3531 fresh=false modules=6 took_us=50
2026-09-25T22:43:51.173Z +81.579s DEBUG [graph] session=292bafc9 compiled generation=3532 fresh=false modules=6 took_us=48
2026-09-25T22:43:51.198Z +81.604s DEBUG [graph] session=292bafc9 compiled generation=3533 fresh=false modules=6 took_us=69
2026-09-25T22:43:51.219Z +81.625s DEBUG [graph] session=292bafc9 compiled generation=3534 fresh=false modules=6 took_us=50
2026-09-25T22:43:51.249Z +81.654s DEBUG [graph] session=292bafc9 compiled generation=3535 fresh=false modules=6 took_us=45
2026-09-25T22:43:51.267Z +81.673s DEBUG [graph] session=292bafc9 compiled generation=3536 fresh=false modules=6 took_us=44
2026-09-25T22:43:51.290Z +81.696s DEBUG [graph] session=292bafc9 compiled generation=3537 fresh=false modules=6 took_us=50
2026-09-25T22:43:51.310Z +81.716s DEBUG [graph] session=292bafc9 compiled generation=3538 fresh=false modules=6 took_us=50
2026-09-25T22:43:51.328Z +81.733s DEBUG [graph] session=292bafc9 compiled generation=3539 fresh=false modules=6 took_us=63
2026-09-25T22:43:51.351Z +81.756s DEBUG [graph] session=292bafc9 compiled generation=3540 fresh=false modules=6 took_us=55
2026-09-25T22:43:51.367Z +81.773s DEBUG [graph] session=292bafc9 compiled generation=3541 fresh=false modules=6 took_us=49
2026-09-25T22:43:51.387Z +81.792s DEBUG [graph] session=292bafc9 compiled generation=3542 fresh=false modules=6 took_us=49
2026-09-25T22:43:51.406Z +81.812s DEBUG [graph] session=292bafc9 compiled generation=3543 fresh=false modules=6 took_us=42
2026-09-25T22:43:51.423Z +81.829s DEBUG [graph] session=292bafc9 compiled generation=3544 fresh=false modules=6 took_us=91
2026-09-25T22:43:51.447Z +81.853s DEBUG [graph] session=292bafc9 compiled generation=3545 fresh=false modules=6 took_us=43
2026-09-25T22:43:51.466Z +81.872s DEBUG [graph] session=292bafc9 compiled generation=3546 fresh=false modules=6 took_us=44
2026-09-25T22:43:51.486Z +81.892s DEBUG [graph] session=292bafc9 compiled generation=3547 fresh=false modules=6 took_us=60
2026-09-25T22:43:51.503Z +81.909s DEBUG [graph] session=292bafc9 compiled generation=3548 fresh=false modules=6 took_us=44
2026-09-25T22:43:51.520Z +81.926s DEBUG [graph] session=292bafc9 compiled generation=3549 fresh=false modules=6 took_us=44
2026-09-25T22:43:51.542Z +81.947s DEBUG [graph] session=292bafc9 compiled generation=3550 fresh=false modules=6 took_us=47
2026-09-25T22:43:51.560Z +81.966s DEBUG [graph] session=292bafc9 compiled generation=3551 fresh=false modules=6 took_us=52
2026-09-25T22:43:51.577Z +81.983s DEBUG [graph] session=292bafc9 compiled generation=3552 fresh=false modules=6 took_us=43
2026-09-25T22:43:51.597Z +82.003s DEBUG [graph] session=292bafc9 compiled generation=3553 fresh=false modules=6 took_us=44
2026-09-25T22:43:51.617Z +82.023s DEBUG [graph] session=292bafc9 compiled generation=3554 fresh=false modules=6 took_us=44
2026-09-25T22:43:51.642Z +82.048s DEBUG [graph] session=292bafc9 compiled generation=3555 fresh=false modules=6 took_us=42
2026-09-25T22:43:51.660Z +82.066s DEBUG [graph] session=292bafc9 compiled generation=3556 fresh=false modules=6 took_us=44
2026-09-25T22:43:51.677Z +82.083s DEBUG [graph] session=292bafc9 compiled generation=3557 fresh=false modules=6 took_us=49
2026-09-25T22:43:51.695Z +82.101s DEBUG [graph] session=292bafc9 compiled generation=3558 fresh=false modules=6 took_us=46
2026-09-25T22:43:51.712Z +82.117s DEBUG [graph] session=292bafc9 compiled generation=3559 fresh=false modules=6 took_us=45
2026-09-25T22:43:51.728Z +82.134s DEBUG [graph] session=292bafc9 compiled generation=3560 fresh=false modules=6 took_us=45
2026-09-25T22:43:51.750Z +82.156s DEBUG [graph] session=292bafc9 compiled generation=3561 fresh=false modules=6 took_us=46
2026-09-25T22:43:51.770Z +82.176s DEBUG [graph] session=292bafc9 compiled generation=3562 fresh=false modules=6 took_us=44
2026-09-25T22:43:51.791Z +82.197s DEBUG [graph] session=292bafc9 compiled generation=3563 fresh=false modules=6 took_us=49
2026-09-25T22:43:51.809Z +82.215s DEBUG [graph] session=292bafc9 compiled generation=3564 fresh=false modules=6 took_us=50
2026-09-25T22:43:51.828Z +82.234s DEBUG [graph] session=292bafc9 compiled generation=3565 fresh=false modules=6 took_us=51
2026-09-25T22:43:51.851Z +82.257s DEBUG [graph] session=292bafc9 compiled generation=3566 fresh=false modules=6 took_us=62
2026-09-25T22:43:51.868Z +82.274s DEBUG [graph] session=292bafc9 compiled generation=3567 fresh=false modules=6 took_us=46
2026-09-25T22:43:51.890Z +82.296s DEBUG [graph] session=292bafc9 compiled generation=3568 fresh=false modules=6 took_us=47
2026-09-25T22:43:51.907Z +82.313s DEBUG [graph] session=292bafc9 compiled generation=3569 fresh=false modules=6 took_us=47
2026-09-25T22:43:51.926Z +82.332s DEBUG [graph] session=292bafc9 compiled generation=3570 fresh=false modules=6 took_us=48
2026-09-25T22:43:51.948Z +82.354s DEBUG [graph] session=292bafc9 compiled generation=3571 fresh=false modules=6 took_us=47
2026-09-25T22:43:51.967Z +82.373s DEBUG [graph] session=292bafc9 compiled generation=3572 fresh=false modules=6 took_us=46
2026-09-25T22:43:51.989Z +82.395s DEBUG [graph] session=292bafc9 compiled generation=3573 fresh=false modules=6 took_us=50
2026-09-25T22:43:52.007Z +82.413s DEBUG [graph] session=292bafc9 compiled generation=3574 fresh=false modules=6 took_us=88
2026-09-25T22:43:52.025Z +82.431s DEBUG [graph] session=292bafc9 compiled generation=3575 fresh=false modules=6 took_us=45
2026-09-25T22:43:52.046Z +82.452s DEBUG [graph] session=292bafc9 compiled generation=3576 fresh=false modules=6 took_us=46
2026-09-25T22:43:52.065Z +82.471s DEBUG [graph] session=292bafc9 compiled generation=3577 fresh=false modules=6 took_us=68
2026-09-25T22:43:52.085Z +82.491s DEBUG [graph] session=292bafc9 compiled generation=3578 fresh=false modules=6 took_us=48
2026-09-25T22:43:52.103Z +82.509s DEBUG [graph] session=292bafc9 compiled generation=3579 fresh=false modules=6 took_us=49
2026-09-25T22:43:52.125Z +82.530s DEBUG [graph] session=292bafc9 compiled generation=3580 fresh=false modules=6 took_us=87
2026-09-25T22:43:52.147Z +82.553s DEBUG [graph] session=292bafc9 compiled generation=3581 fresh=false modules=6 took_us=47
2026-09-25T22:43:52.166Z +82.572s DEBUG [graph] session=292bafc9 compiled generation=3582 fresh=false modules=6 took_us=52
2026-09-25T22:43:52.188Z +82.594s DEBUG [graph] session=292bafc9 compiled generation=3583 fresh=false modules=6 took_us=51
2026-09-25T22:43:52.205Z +82.611s DEBUG [graph] session=292bafc9 compiled generation=3584 fresh=false modules=6 took_us=53
2026-09-25T22:43:52.222Z +82.628s DEBUG [graph] session=292bafc9 compiled generation=3585 fresh=false modules=6 took_us=48
2026-09-25T22:43:52.243Z +82.649s DEBUG [graph] session=292bafc9 compiled generation=3586 fresh=false modules=6 took_us=44
2026-09-25T22:43:52.264Z +82.670s DEBUG [graph] session=292bafc9 compiled generation=3587 fresh=false modules=6 took_us=47
2026-09-25T22:43:52.280Z +82.685s DEBUG [graph] session=292bafc9 compiled generation=3588 fresh=false modules=6 took_us=68
2026-09-25T22:43:52.296Z +82.702s DEBUG [graph] session=292bafc9 compiled generation=3589 fresh=false modules=6 took_us=42
2026-09-25T22:43:52.313Z +82.719s DEBUG [graph] session=292bafc9 compiled generation=3590 fresh=false modules=6 took_us=45
2026-09-25T22:43:52.333Z +82.738s DEBUG [graph] session=292bafc9 compiled generation=3591 fresh=false modules=6 took_us=72
2026-09-25T22:43:52.349Z +82.755s DEBUG [graph] session=292bafc9 compiled generation=3592 fresh=false modules=6 took_us=74
2026-09-25T22:43:52.367Z +82.772s DEBUG [graph] session=292bafc9 compiled generation=3593 fresh=false modules=6 took_us=72
2026-09-25T22:43:52.388Z +82.794s DEBUG [graph] session=292bafc9 compiled generation=3594 fresh=false modules=6 took_us=52
2026-09-25T22:43:52.410Z +82.815s DEBUG [graph] session=292bafc9 compiled generation=3595 fresh=false modules=6 took_us=70
2026-09-25T22:43:52.429Z +82.835s DEBUG [graph] session=292bafc9 compiled generation=3596 fresh=false modules=6 took_us=50
2026-09-25T22:43:52.451Z +82.857s DEBUG [graph] session=292bafc9 compiled generation=3597 fresh=false modules=6 took_us=51
2026-09-25T22:43:52.468Z +82.874s DEBUG [graph] session=292bafc9 compiled generation=3598 fresh=false modules=6 took_us=52
2026-09-25T22:43:52.490Z +82.896s DEBUG [graph] session=292bafc9 compiled generation=3599 fresh=false modules=6 took_us=51
2026-09-25T22:43:52.509Z +82.915s DEBUG [graph] session=292bafc9 compiled generation=3600 fresh=false modules=6 took_us=47
2026-09-25T22:43:52.529Z +82.935s DEBUG [graph] session=292bafc9 compiled generation=3601 fresh=false modules=6 took_us=43
2026-09-25T22:43:52.553Z +82.959s DEBUG [graph] session=292bafc9 compiled generation=3602 fresh=false modules=6 took_us=54
2026-09-25T22:43:52.571Z +82.977s DEBUG [graph] session=292bafc9 compiled generation=3603 fresh=false modules=6 took_us=49
2026-09-25T22:43:52.590Z +82.996s DEBUG [graph] session=292bafc9 compiled generation=3604 fresh=false modules=6 took_us=43
2026-09-25T22:43:52.605Z +83.011s DEBUG [graph] session=292bafc9 compiled generation=3605 fresh=false modules=6 took_us=43
2026-09-25T22:43:52.622Z +83.028s DEBUG [graph] session=292bafc9 compiled generation=3606 fresh=false modules=6 took_us=123
2026-09-25T22:43:52.640Z +83.046s DEBUG [graph] session=292bafc9 compiled generation=3607 fresh=false modules=6 took_us=42
2026-09-25T22:43:52.656Z +83.062s DEBUG [graph] session=292bafc9 compiled generation=3608 fresh=false modules=6 took_us=44
2026-09-25T22:43:52.674Z +83.079s DEBUG [graph] session=292bafc9 compiled generation=3609 fresh=false modules=6 took_us=78
2026-09-25T22:43:52.693Z +83.099s DEBUG [graph] session=292bafc9 compiled generation=3610 fresh=false modules=6 took_us=69
2026-09-25T22:43:52.711Z +83.117s DEBUG [graph] session=292bafc9 compiled generation=3611 fresh=false modules=6 took_us=52
2026-09-25T22:43:52.730Z +83.136s DEBUG [graph] session=292bafc9 compiled generation=3612 fresh=false modules=6 took_us=61
2026-09-25T22:43:52.748Z +83.154s DEBUG [graph] session=292bafc9 compiled generation=3613 fresh=false modules=6 took_us=42
2026-09-25T22:43:52.766Z +83.172s DEBUG [graph] session=292bafc9 compiled generation=3614 fresh=false modules=6 took_us=43
2026-09-25T22:43:52.786Z +83.192s DEBUG [graph] session=292bafc9 compiled generation=3615 fresh=false modules=6 took_us=45
2026-09-25T22:43:52.806Z +83.212s DEBUG [graph] session=292bafc9 compiled generation=3616 fresh=false modules=6 took_us=47
2026-09-25T22:43:52.826Z +83.232s DEBUG [graph] session=292bafc9 compiled generation=3617 fresh=false modules=6 took_us=49
2026-09-25T22:43:52.849Z +83.255s DEBUG [graph] session=292bafc9 compiled generation=3618 fresh=false modules=6 took_us=54
2026-09-25T22:43:52.869Z +83.275s DEBUG [graph] session=292bafc9 compiled generation=3619 fresh=false modules=6 took_us=61
2026-09-25T22:43:52.891Z +83.297s DEBUG [graph] session=292bafc9 compiled generation=3620 fresh=false modules=6 took_us=62
2026-09-25T22:43:52.912Z +83.318s DEBUG [graph] session=292bafc9 compiled generation=3621 fresh=false modules=6 took_us=54
2026-09-25T22:43:52.932Z +83.338s DEBUG [graph] session=292bafc9 compiled generation=3622 fresh=false modules=6 took_us=46
2026-09-25T22:43:52.954Z +83.359s DEBUG [graph] session=292bafc9 compiled generation=3623 fresh=false modules=6 took_us=73
2026-09-25T22:43:52.971Z +83.377s DEBUG [graph] session=292bafc9 compiled generation=3624 fresh=false modules=6 took_us=139
2026-09-25T22:43:52.994Z +83.400s DEBUG [graph] session=292bafc9 compiled generation=3625 fresh=false modules=6 took_us=51
2026-09-25T22:43:53.015Z +83.421s DEBUG [graph] session=292bafc9 compiled generation=3626 fresh=false modules=6 took_us=52
2026-09-25T22:43:53.035Z +83.440s DEBUG [graph] session=292bafc9 compiled generation=3627 fresh=false modules=6 took_us=81
2026-09-25T22:43:53.054Z +83.460s DEBUG [graph] session=292bafc9 compiled generation=3628 fresh=false modules=6 took_us=45
2026-09-25T22:43:53.071Z +83.477s DEBUG [graph] session=292bafc9 compiled generation=3629 fresh=false modules=6 took_us=46
2026-09-25T22:43:53.093Z +83.498s DEBUG [graph] session=292bafc9 compiled generation=3630 fresh=false modules=6 took_us=71
2026-09-25T22:43:53.115Z +83.521s DEBUG [graph] session=292bafc9 compiled generation=3631 fresh=false modules=6 took_us=61
2026-09-25T22:43:53.141Z +83.547s DEBUG [graph] session=292bafc9 compiled generation=3632 fresh=false modules=6 took_us=62
2026-09-25T22:43:53.160Z +83.565s DEBUG [graph] session=292bafc9 compiled generation=3633 fresh=false modules=6 took_us=71
2026-09-25T22:43:53.177Z +83.583s DEBUG [graph] session=292bafc9 compiled generation=3634 fresh=false modules=6 took_us=51
2026-09-25T22:43:53.200Z +83.606s DEBUG [graph] session=292bafc9 compiled generation=3635 fresh=false modules=6 took_us=52
2026-09-25T22:43:53.219Z +83.625s DEBUG [graph] session=292bafc9 compiled generation=3636 fresh=false modules=6 took_us=50
2026-09-25T22:43:53.242Z +83.648s DEBUG [graph] session=292bafc9 compiled generation=3637 fresh=false modules=6 took_us=45
2026-09-25T22:43:53.262Z +83.668s DEBUG [graph] session=292bafc9 compiled generation=3638 fresh=false modules=6 took_us=53
2026-09-25T22:43:53.283Z +83.689s DEBUG [graph] session=292bafc9 compiled generation=3639 fresh=false modules=6 took_us=48
2026-09-25T22:43:53.302Z +83.708s DEBUG [graph] session=292bafc9 compiled generation=3640 fresh=false modules=6 took_us=49
2026-09-25T22:43:53.322Z +83.728s DEBUG [graph] session=292bafc9 compiled generation=3641 fresh=false modules=6 took_us=47
2026-09-25T22:43:53.349Z +83.755s DEBUG [graph] session=292bafc9 compiled generation=3642 fresh=false modules=6 took_us=45
2026-09-25T22:43:53.365Z +83.771s DEBUG [graph] session=292bafc9 compiled generation=3643 fresh=false modules=6 took_us=52
2026-09-25T22:43:53.385Z +83.791s DEBUG [graph] session=292bafc9 compiled generation=3644 fresh=false modules=6 took_us=48
2026-09-25T22:43:53.401Z +83.807s DEBUG [graph] session=292bafc9 compiled generation=3645 fresh=false modules=6 took_us=46
2026-09-25T22:43:53.418Z +83.824s DEBUG [graph] session=292bafc9 compiled generation=3646 fresh=false modules=6 took_us=45
2026-09-25T22:43:53.436Z +83.842s DEBUG [graph] session=292bafc9 compiled generation=3647 fresh=false modules=6 took_us=46
2026-09-25T22:43:53.459Z +83.865s DEBUG [graph] session=292bafc9 compiled generation=3648 fresh=false modules=6 took_us=47
2026-09-25T22:43:53.478Z +83.884s DEBUG [graph] session=292bafc9 compiled generation=3649 fresh=false modules=6 took_us=46
2026-09-25T22:43:53.499Z +83.904s DEBUG [graph] session=292bafc9 compiled generation=3650 fresh=false modules=6 took_us=81
2026-09-25T22:43:53.517Z +83.922s DEBUG [graph] session=292bafc9 compiled generation=3651 fresh=false modules=6 took_us=46
2026-09-25T22:43:53.536Z +83.942s DEBUG [graph] session=292bafc9 compiled generation=3652 fresh=false modules=6 took_us=45
2026-09-25T22:43:53.553Z +83.959s DEBUG [graph] session=292bafc9 compiled generation=3653 fresh=false modules=6 took_us=49
2026-09-25T22:43:53.570Z +83.976s DEBUG [graph] session=292bafc9 compiled generation=3654 fresh=false modules=6 took_us=44
2026-09-25T22:43:53.591Z +83.997s DEBUG [graph] session=292bafc9 compiled generation=3655 fresh=false modules=6 took_us=42
2026-09-25T22:43:53.610Z +84.016s DEBUG [graph] session=292bafc9 compiled generation=3656 fresh=false modules=6 took_us=49
2026-09-25T22:43:53.627Z +84.033s DEBUG [graph] session=292bafc9 compiled generation=3657 fresh=false modules=6 took_us=49
2026-09-25T22:43:53.648Z +84.054s DEBUG [graph] session=292bafc9 compiled generation=3658 fresh=false modules=6 took_us=49
2026-09-25T22:43:53.670Z +84.076s DEBUG [graph] session=292bafc9 compiled generation=3659 fresh=false modules=6 took_us=47
2026-09-25T22:43:53.690Z +84.096s DEBUG [graph] session=292bafc9 compiled generation=3660 fresh=false modules=6 took_us=46
2026-09-25T22:43:53.709Z +84.115s DEBUG [graph] session=292bafc9 compiled generation=3661 fresh=false modules=6 took_us=46
2026-09-25T22:43:53.733Z +84.139s DEBUG [graph] session=292bafc9 compiled generation=3662 fresh=false modules=6 took_us=54
2026-09-25T22:43:53.750Z +84.156s DEBUG [graph] session=292bafc9 compiled generation=3663 fresh=false modules=6 took_us=47
2026-09-25T22:43:53.769Z +84.175s DEBUG [graph] session=292bafc9 compiled generation=3664 fresh=false modules=6 took_us=58
2026-09-25T22:43:53.790Z +84.196s DEBUG [graph] session=292bafc9 compiled generation=3665 fresh=false modules=6 took_us=47
2026-09-25T22:43:53.807Z +84.213s DEBUG [graph] session=292bafc9 compiled generation=3666 fresh=false modules=6 took_us=86
2026-09-25T22:43:53.824Z +84.230s DEBUG [graph] session=292bafc9 compiled generation=3667 fresh=false modules=6 took_us=51
2026-09-25T22:43:53.844Z +84.250s DEBUG [graph] session=292bafc9 compiled generation=3668 fresh=false modules=6 took_us=49
2026-09-25T22:43:53.860Z +84.266s DEBUG [graph] session=292bafc9 compiled generation=3669 fresh=false modules=6 took_us=47
2026-09-25T22:43:53.877Z +84.283s DEBUG [graph] session=292bafc9 compiled generation=3670 fresh=false modules=6 took_us=51
2026-09-25T22:43:53.897Z +84.303s DEBUG [graph] session=292bafc9 compiled generation=3671 fresh=false modules=6 took_us=60
2026-09-25T22:43:53.916Z +84.322s DEBUG [graph] session=292bafc9 compiled generation=3672 fresh=false modules=6 took_us=44
2026-09-25T22:43:53.937Z +84.343s DEBUG [graph] session=292bafc9 compiled generation=3673 fresh=false modules=6 took_us=50
2026-09-25T22:43:53.955Z +84.361s DEBUG [graph] session=292bafc9 compiled generation=3674 fresh=false modules=6 took_us=48
2026-09-25T22:43:53.972Z +84.378s DEBUG [graph] session=292bafc9 compiled generation=3675 fresh=false modules=6 took_us=44
2026-09-25T22:43:53.993Z +84.398s DEBUG [graph] session=292bafc9 compiled generation=3676 fresh=false modules=6 took_us=81
2026-09-25T22:43:54.009Z +84.415s DEBUG [graph] session=292bafc9 compiled generation=3677 fresh=false modules=6 took_us=42
2026-09-25T22:43:54.026Z +84.432s DEBUG [graph] session=292bafc9 compiled generation=3678 fresh=false modules=6 took_us=43
2026-09-25T22:43:54.042Z +84.448s DEBUG [graph] session=292bafc9 compiled generation=3679 fresh=false modules=6 took_us=53
2026-09-25T22:43:54.062Z +84.468s DEBUG [graph] session=292bafc9 compiled generation=3680 fresh=false modules=6 took_us=42
2026-09-25T22:43:54.081Z +84.487s DEBUG [graph] session=292bafc9 compiled generation=3681 fresh=false modules=6 took_us=43
2026-09-25T22:43:54.100Z +84.506s DEBUG [graph] session=292bafc9 compiled generation=3682 fresh=false modules=6 took_us=43
2026-09-25T22:43:54.119Z +84.524s DEBUG [graph] session=292bafc9 compiled generation=3683 fresh=false modules=6 took_us=43
2026-09-25T22:43:54.141Z +84.547s DEBUG [graph] session=292bafc9 compiled generation=3684 fresh=false modules=6 took_us=60
2026-09-25T22:43:54.160Z +84.566s DEBUG [graph] session=292bafc9 compiled generation=3685 fresh=false modules=6 took_us=50
2026-09-25T22:43:54.178Z +84.584s DEBUG [graph] session=292bafc9 compiled generation=3686 fresh=false modules=6 took_us=47
2026-09-25T22:43:54.197Z +84.603s DEBUG [graph] session=292bafc9 compiled generation=3687 fresh=false modules=6 took_us=43
2026-09-25T22:43:54.216Z +84.622s DEBUG [graph] session=292bafc9 compiled generation=3688 fresh=false modules=6 took_us=43
2026-09-25T22:43:54.235Z +84.641s DEBUG [graph] session=292bafc9 compiled generation=3689 fresh=false modules=6 took_us=48
2026-09-25T22:43:54.253Z +84.659s DEBUG [graph] session=292bafc9 compiled generation=3690 fresh=false modules=6 took_us=49
2026-09-25T22:43:54.270Z +84.676s DEBUG [graph] session=292bafc9 compiled generation=3691 fresh=false modules=6 took_us=45
2026-09-25T22:43:54.288Z +84.694s DEBUG [graph] session=292bafc9 compiled generation=3692 fresh=false modules=6 took_us=45
2026-09-25T22:43:54.305Z +84.711s DEBUG [graph] session=292bafc9 compiled generation=3693 fresh=false modules=6 took_us=55
2026-09-25T22:43:54.323Z +84.729s DEBUG [graph] session=292bafc9 compiled generation=3694 fresh=false modules=6 took_us=51
2026-09-25T22:43:54.342Z +84.747s DEBUG [graph] session=292bafc9 compiled generation=3695 fresh=false modules=6 took_us=77
2026-09-25T22:43:54.359Z +84.765s DEBUG [graph] session=292bafc9 compiled generation=3696 fresh=false modules=6 took_us=91
2026-09-25T22:43:54.379Z +84.785s DEBUG [graph] session=292bafc9 compiled generation=3697 fresh=false modules=6 took_us=146
2026-09-25T22:43:54.398Z +84.804s DEBUG [graph] session=292bafc9 compiled generation=3698 fresh=false modules=6 took_us=48
2026-09-25T22:43:54.418Z +84.823s DEBUG [graph] session=292bafc9 compiled generation=3699 fresh=false modules=6 took_us=44
2026-09-25T22:43:54.438Z +84.844s DEBUG [graph] session=292bafc9 compiled generation=3700 fresh=false modules=6 took_us=59
2026-09-25T22:43:54.457Z +84.863s DEBUG [graph] session=292bafc9 compiled generation=3701 fresh=false modules=6 took_us=47
2026-09-25T22:43:54.474Z +84.880s DEBUG [graph] session=292bafc9 compiled generation=3702 fresh=false modules=6 took_us=45
2026-09-25T22:43:54.494Z +84.900s DEBUG [graph] session=292bafc9 compiled generation=3703 fresh=false modules=6 took_us=52
2026-09-25T22:43:54.512Z +84.918s DEBUG [graph] session=292bafc9 compiled generation=3704 fresh=false modules=6 took_us=60
2026-09-25T22:43:54.532Z +84.938s DEBUG [graph] session=292bafc9 compiled generation=3705 fresh=false modules=6 took_us=47
2026-09-25T22:43:54.554Z +84.960s DEBUG [graph] session=292bafc9 compiled generation=3706 fresh=false modules=6 took_us=43
2026-09-25T22:43:54.583Z +84.988s DEBUG [graph] session=292bafc9 compiled generation=3707 fresh=false modules=6 took_us=99
2026-09-25T22:43:54.602Z +85.008s DEBUG [graph] session=292bafc9 compiled generation=3708 fresh=false modules=6 took_us=51
2026-09-25T22:43:54.620Z +85.026s DEBUG [graph] session=292bafc9 compiled generation=3709 fresh=false modules=6 took_us=50
2026-09-25T22:43:54.641Z +85.047s DEBUG [graph] session=292bafc9 compiled generation=3710 fresh=false modules=6 took_us=47
2026-09-25T22:43:54.658Z +85.064s DEBUG [graph] session=292bafc9 compiled generation=3711 fresh=false modules=6 took_us=46
2026-09-25T22:43:54.674Z +85.080s DEBUG [graph] session=292bafc9 compiled generation=3712 fresh=false modules=6 took_us=57
2026-09-25T22:43:54.694Z +85.100s DEBUG [graph] session=292bafc9 compiled generation=3713 fresh=false modules=6 took_us=43
2026-09-25T22:43:54.711Z +85.117s DEBUG [graph] session=292bafc9 compiled generation=3714 fresh=false modules=6 took_us=51
2026-09-25T22:43:54.732Z +85.138s DEBUG [graph] session=292bafc9 compiled generation=3715 fresh=false modules=6 took_us=42
2026-09-25T22:43:54.749Z +85.155s DEBUG [graph] session=292bafc9 compiled generation=3716 fresh=false modules=6 took_us=42
2026-09-25T22:43:54.765Z +85.171s DEBUG [graph] session=292bafc9 compiled generation=3717 fresh=false modules=6 took_us=43
2026-09-25T22:43:54.785Z +85.191s DEBUG [graph] session=292bafc9 compiled generation=3718 fresh=false modules=6 took_us=55
2026-09-25T22:43:54.801Z +85.207s DEBUG [graph] session=292bafc9 compiled generation=3719 fresh=false modules=6 took_us=49
2026-09-25T22:43:54.819Z +85.225s DEBUG [graph] session=292bafc9 compiled generation=3720 fresh=false modules=6 took_us=50
2026-09-25T22:43:54.844Z +85.250s DEBUG [graph] session=292bafc9 compiled generation=3721 fresh=false modules=6 took_us=42
2026-09-25T22:43:54.862Z +85.268s DEBUG [graph] session=292bafc9 compiled generation=3722 fresh=false modules=6 took_us=40
2026-09-25T22:43:54.883Z +85.289s DEBUG [graph] session=292bafc9 compiled generation=3723 fresh=false modules=6 took_us=64
2026-09-25T22:43:54.900Z +85.306s DEBUG [graph] session=292bafc9 compiled generation=3724 fresh=false modules=6 took_us=50
2026-09-25T22:43:54.918Z +85.324s DEBUG [graph] session=292bafc9 compiled generation=3725 fresh=false modules=6 took_us=50
2026-09-25T22:43:54.941Z +85.347s DEBUG [graph] session=292bafc9 compiled generation=3726 fresh=false modules=6 took_us=46
2026-09-25T22:43:54.957Z +85.363s DEBUG [graph] session=292bafc9 compiled generation=3727 fresh=false modules=6 took_us=46
2026-09-25T22:43:54.974Z +85.379s DEBUG [graph] session=292bafc9 compiled generation=3728 fresh=false modules=6 took_us=41
2026-09-25T22:43:54.995Z +85.401s DEBUG [graph] session=292bafc9 compiled generation=3729 fresh=false modules=6 took_us=60
2026-09-25T22:43:55.013Z +85.419s DEBUG [graph] session=292bafc9 compiled generation=3730 fresh=false modules=6 took_us=46
2026-09-25T22:43:55.031Z +85.437s DEBUG [graph] session=292bafc9 compiled generation=3731 fresh=false modules=6 took_us=51
2026-09-25T22:43:55.053Z +85.458s DEBUG [graph] session=292bafc9 compiled generation=3732 fresh=false modules=6 took_us=77
2026-09-25T22:43:55.070Z +85.476s DEBUG [graph] session=292bafc9 compiled generation=3733 fresh=false modules=6 took_us=50
2026-09-25T22:43:55.091Z +85.497s DEBUG [graph] session=292bafc9 compiled generation=3734 fresh=false modules=6 took_us=49
2026-09-25T22:43:55.110Z +85.516s DEBUG [graph] session=292bafc9 compiled generation=3735 fresh=false modules=6 took_us=49
2026-09-25T22:43:55.130Z +85.536s DEBUG [graph] session=292bafc9 compiled generation=3736 fresh=false modules=6 took_us=44
2026-09-25T22:43:55.152Z +85.558s DEBUG [graph] session=292bafc9 compiled generation=3737 fresh=false modules=6 took_us=48
2026-09-25T22:43:55.170Z +85.576s DEBUG [graph] session=292bafc9 compiled generation=3738 fresh=false modules=6 took_us=44
2026-09-25T22:43:55.190Z +85.595s DEBUG [graph] session=292bafc9 compiled generation=3739 fresh=false modules=6 took_us=73
2026-09-25T22:43:55.207Z +85.613s DEBUG [graph] session=292bafc9 compiled generation=3740 fresh=false modules=6 took_us=53
2026-09-25T22:43:55.225Z +85.631s DEBUG [graph] session=292bafc9 compiled generation=3741 fresh=false modules=6 took_us=43
2026-09-25T22:43:55.246Z +85.651s DEBUG [graph] session=292bafc9 compiled generation=3742 fresh=false modules=6 took_us=43
2026-09-25T22:43:55.264Z +85.669s DEBUG [graph] session=292bafc9 compiled generation=3743 fresh=false modules=6 took_us=44
2026-09-25T22:43:55.284Z +85.689s DEBUG [graph] session=292bafc9 compiled generation=3744 fresh=false modules=6 took_us=72
2026-09-25T22:43:55.301Z +85.707s DEBUG [graph] session=292bafc9 compiled generation=3745 fresh=false modules=6 took_us=49
2026-09-25T22:43:55.321Z +85.727s DEBUG [graph] session=292bafc9 compiled generation=3746 fresh=false modules=6 took_us=44
2026-09-25T22:43:55.342Z +85.748s DEBUG [graph] session=292bafc9 compiled generation=3747 fresh=false modules=6 took_us=46
2026-09-25T22:43:55.366Z +85.772s DEBUG [graph] session=292bafc9 compiled generation=3748 fresh=false modules=6 took_us=44
2026-09-25T22:43:55.387Z +85.793s DEBUG [graph] session=292bafc9 compiled generation=3749 fresh=false modules=6 took_us=45
2026-09-25T22:43:55.406Z +85.812s DEBUG [graph] session=292bafc9 compiled generation=3750 fresh=false modules=6 took_us=43
2026-09-25T22:43:55.426Z +85.832s DEBUG [graph] session=292bafc9 compiled generation=3751 fresh=false modules=6 took_us=44
2026-09-25T22:43:55.449Z +85.855s DEBUG [graph] session=292bafc9 compiled generation=3752 fresh=false modules=6 took_us=41
2026-09-25T22:43:55.466Z +85.872s DEBUG [graph] session=292bafc9 compiled generation=3753 fresh=false modules=6 took_us=70
2026-09-25T22:43:55.490Z +85.895s DEBUG [graph] session=292bafc9 compiled generation=3754 fresh=false modules=6 took_us=77
2026-09-25T22:43:55.509Z +85.915s DEBUG [graph] session=292bafc9 compiled generation=3755 fresh=false modules=6 took_us=53
2026-09-25T22:43:55.533Z +85.939s DEBUG [graph] session=292bafc9 compiled generation=3756 fresh=false modules=6 took_us=45
2026-09-25T22:43:55.551Z +85.956s DEBUG [graph] session=292bafc9 compiled generation=3757 fresh=false modules=6 took_us=82
2026-09-25T22:43:55.571Z +85.977s DEBUG [graph] session=292bafc9 compiled generation=3758 fresh=false modules=6 took_us=54
2026-09-25T22:43:55.594Z +86.000s DEBUG [graph] session=292bafc9 compiled generation=3759 fresh=false modules=6 took_us=56
2026-09-25T22:43:55.612Z +86.018s DEBUG [graph] session=292bafc9 compiled generation=3760 fresh=false modules=6 took_us=43
2026-09-25T22:43:55.631Z +86.037s DEBUG [graph] session=292bafc9 compiled generation=3761 fresh=false modules=6 took_us=44
2026-09-25T22:43:55.652Z +86.058s DEBUG [graph] session=292bafc9 compiled generation=3762 fresh=false modules=6 took_us=44
2026-09-25T22:43:55.669Z +86.075s DEBUG [graph] session=292bafc9 compiled generation=3763 fresh=false modules=6 took_us=51
2026-09-25T22:43:55.689Z +86.095s DEBUG [graph] session=292bafc9 compiled generation=3764 fresh=false modules=6 took_us=41
2026-09-25T22:43:55.708Z +86.114s DEBUG [graph] session=292bafc9 compiled generation=3765 fresh=false modules=6 took_us=42
2026-09-25T22:43:55.727Z +86.132s DEBUG [graph] session=292bafc9 compiled generation=3766 fresh=false modules=6 took_us=49
2026-09-25T22:43:55.752Z +86.158s DEBUG [graph] session=292bafc9 compiled generation=3767 fresh=false modules=6 took_us=54
2026-09-25T22:43:55.769Z +86.175s DEBUG [graph] session=292bafc9 compiled generation=3768 fresh=false modules=6 took_us=51
2026-09-25T22:43:55.794Z +86.200s DEBUG [graph] session=292bafc9 compiled generation=3769 fresh=false modules=6 took_us=54
2026-09-25T22:43:55.812Z +86.218s DEBUG [graph] session=292bafc9 compiled generation=3770 fresh=false modules=6 took_us=51
2026-09-25T22:43:55.834Z +86.240s DEBUG [graph] session=292bafc9 compiled generation=3771 fresh=false modules=6 took_us=49
2026-09-25T22:43:55.857Z +86.263s DEBUG [graph] session=292bafc9 compiled generation=3772 fresh=false modules=6 took_us=50
2026-09-25T22:43:55.875Z +86.281s DEBUG [graph] session=292bafc9 compiled generation=3773 fresh=false modules=6 took_us=53
2026-09-25T22:43:55.899Z +86.305s DEBUG [graph] session=292bafc9 compiled generation=3774 fresh=false modules=6 took_us=52
2026-09-25T22:43:55.923Z +86.329s DEBUG [graph] session=292bafc9 compiled generation=3775 fresh=false modules=6 took_us=69
2026-09-25T22:43:55.945Z +86.351s DEBUG [graph] session=292bafc9 compiled generation=3776 fresh=false modules=6 took_us=58
2026-09-25T22:43:55.969Z +86.374s DEBUG [graph] session=292bafc9 compiled generation=3777 fresh=false modules=6 took_us=86
2026-09-25T22:43:55.994Z +86.400s DEBUG [graph] session=292bafc9 compiled generation=3778 fresh=false modules=6 took_us=60
2026-09-25T22:43:56.014Z +86.419s DEBUG [graph] session=292bafc9 compiled generation=3779 fresh=false modules=6 took_us=60
2026-09-25T22:43:56.035Z +86.441s DEBUG [graph] session=292bafc9 compiled generation=3780 fresh=false modules=6 took_us=45
2026-09-25T22:43:56.052Z +86.457s DEBUG [graph] session=292bafc9 compiled generation=3781 fresh=false modules=6 took_us=61
2026-09-25T22:43:56.068Z +86.474s DEBUG [graph] session=292bafc9 compiled generation=3782 fresh=false modules=6 took_us=46
2026-09-25T22:43:56.086Z +86.492s DEBUG [graph] session=292bafc9 compiled generation=3783 fresh=false modules=6 took_us=43
2026-09-25T22:43:56.103Z +86.509s DEBUG [graph] session=292bafc9 compiled generation=3784 fresh=false modules=6 took_us=61
2026-09-25T22:43:56.120Z +86.526s DEBUG [graph] session=292bafc9 compiled generation=3785 fresh=false modules=6 took_us=50
2026-09-25T22:43:56.140Z +86.545s DEBUG [graph] session=292bafc9 compiled generation=3786 fresh=false modules=6 took_us=42
2026-09-25T22:43:56.165Z +86.571s DEBUG [graph] session=292bafc9 compiled generation=3787 fresh=false modules=6 took_us=59
2026-09-25T22:43:56.190Z +86.596s DEBUG [graph] session=292bafc9 compiled generation=3788 fresh=false modules=6 took_us=49
2026-09-25T22:43:56.210Z +86.616s DEBUG [graph] session=292bafc9 compiled generation=3789 fresh=false modules=6 took_us=50
2026-09-25T22:43:56.233Z +86.639s DEBUG [graph] session=292bafc9 compiled generation=3790 fresh=false modules=6 took_us=52
2026-09-25T22:43:56.252Z +86.658s DEBUG [graph] session=292bafc9 compiled generation=3791 fresh=false modules=6 took_us=66
2026-09-25T22:43:56.274Z +86.680s DEBUG [graph] session=292bafc9 compiled generation=3792 fresh=false modules=6 took_us=51
2026-09-25T22:43:56.297Z +86.703s DEBUG [graph] session=292bafc9 compiled generation=3793 fresh=false modules=6 took_us=47
2026-09-25T22:43:56.319Z +86.725s DEBUG [graph] session=292bafc9 compiled generation=3794 fresh=false modules=6 took_us=52
2026-09-25T22:43:56.341Z +86.747s DEBUG [graph] session=292bafc9 compiled generation=3795 fresh=false modules=6 took_us=50
2026-09-25T22:43:56.363Z +86.769s DEBUG [graph] session=292bafc9 compiled generation=3796 fresh=false modules=6 took_us=54
2026-09-25T22:43:56.385Z +86.791s DEBUG [graph] session=292bafc9 compiled generation=3797 fresh=false modules=6 took_us=54
2026-09-25T22:43:56.402Z +86.808s DEBUG [graph] session=292bafc9 compiled generation=3798 fresh=false modules=6 took_us=51
2026-09-25T22:43:56.422Z +86.828s DEBUG [graph] session=292bafc9 compiled generation=3799 fresh=false modules=6 took_us=48
2026-09-25T22:43:56.450Z +86.856s DEBUG [graph] session=292bafc9 compiled generation=3800 fresh=false modules=6 took_us=45
2026-09-25T22:43:56.468Z +86.874s DEBUG [graph] session=292bafc9 compiled generation=3801 fresh=false modules=6 took_us=55
2026-09-25T22:43:56.490Z +86.896s DEBUG [graph] session=292bafc9 compiled generation=3802 fresh=false modules=6 took_us=46
2026-09-25T22:43:56.506Z +86.912s DEBUG [graph] session=292bafc9 compiled generation=3803 fresh=false modules=6 took_us=46
2026-09-25T22:43:56.523Z +86.929s DEBUG [graph] session=292bafc9 compiled generation=3804 fresh=false modules=6 took_us=48
2026-09-25T22:43:56.546Z +86.952s DEBUG [graph] session=292bafc9 compiled generation=3805 fresh=false modules=6 took_us=106
2026-09-25T22:43:56.567Z +86.973s DEBUG [graph] session=292bafc9 compiled generation=3806 fresh=false modules=6 took_us=91
2026-09-25T22:43:56.589Z +86.994s DEBUG [graph] session=292bafc9 compiled generation=3807 fresh=false modules=6 took_us=72
2026-09-25T22:43:56.606Z +87.012s DEBUG [graph] session=292bafc9 compiled generation=3808 fresh=false modules=6 took_us=48
2026-09-25T22:43:56.625Z +87.031s DEBUG [graph] session=292bafc9 compiled generation=3809 fresh=false modules=6 took_us=46
2026-09-25T22:43:56.649Z +87.054s DEBUG [graph] session=292bafc9 compiled generation=3810 fresh=false modules=6 took_us=47
2026-09-25T22:43:56.666Z +87.072s DEBUG [graph] session=292bafc9 compiled generation=3811 fresh=false modules=6 took_us=46
2026-09-25T22:43:56.684Z +87.090s DEBUG [graph] session=292bafc9 compiled generation=3812 fresh=false modules=6 took_us=48
2026-09-25T22:43:56.704Z +87.110s DEBUG [graph] session=292bafc9 compiled generation=3813 fresh=false modules=6 took_us=75
2026-09-25T22:43:56.723Z +87.129s DEBUG [graph] session=292bafc9 compiled generation=3814 fresh=false modules=6 took_us=49
2026-09-25T22:43:56.747Z +87.153s DEBUG [graph] session=292bafc9 compiled generation=3815 fresh=false modules=6 took_us=52
2026-09-25T22:43:56.767Z +87.173s DEBUG [graph] session=292bafc9 compiled generation=3816 fresh=false modules=6 took_us=48
2026-09-25T22:43:56.794Z +87.200s DEBUG [graph] session=292bafc9 compiled generation=3817 fresh=false modules=6 took_us=53
2026-09-25T22:43:56.811Z +87.217s DEBUG [graph] session=292bafc9 compiled generation=3818 fresh=false modules=6 took_us=47
2026-09-25T22:43:56.834Z +87.240s DEBUG [graph] session=292bafc9 compiled generation=3819 fresh=false modules=6 took_us=54
2026-09-25T22:43:56.855Z +87.261s DEBUG [graph] session=292bafc9 compiled generation=3820 fresh=false modules=6 took_us=55
2026-09-25T22:43:56.873Z +87.279s DEBUG [graph] session=292bafc9 compiled generation=3821 fresh=false modules=6 took_us=45
2026-09-25T22:43:56.893Z +87.299s DEBUG [graph] session=292bafc9 compiled generation=3822 fresh=false modules=6 took_us=47
2026-09-25T22:43:56.910Z +87.316s DEBUG [graph] session=292bafc9 compiled generation=3823 fresh=false modules=6 took_us=44
2026-09-25T22:43:56.927Z +87.333s DEBUG [graph] session=292bafc9 compiled generation=3824 fresh=false modules=6 took_us=48
2026-09-25T22:43:56.952Z +87.358s DEBUG [graph] session=292bafc9 compiled generation=3825 fresh=false modules=6 took_us=53
2026-09-25T22:43:56.969Z +87.375s DEBUG [graph] session=292bafc9 compiled generation=3826 fresh=false modules=6 took_us=45
2026-09-25T22:43:56.990Z +87.396s DEBUG [graph] session=292bafc9 compiled generation=3827 fresh=false modules=6 took_us=42
2026-09-25T22:43:57.007Z +87.413s DEBUG [graph] session=292bafc9 compiled generation=3828 fresh=false modules=6 took_us=46
2026-09-25T22:43:57.023Z +87.429s DEBUG [graph] session=292bafc9 compiled generation=3829 fresh=false modules=6 took_us=41
2026-09-25T22:43:57.043Z +87.449s DEBUG [graph] session=292bafc9 compiled generation=3830 fresh=false modules=6 took_us=116
2026-09-25T22:43:57.060Z +87.466s DEBUG [graph] session=292bafc9 compiled generation=3831 fresh=false modules=6 took_us=59
2026-09-25T22:43:57.082Z +87.487s DEBUG [graph] session=292bafc9 compiled generation=3832 fresh=false modules=6 took_us=75
2026-09-25T22:43:57.101Z +87.507s DEBUG [graph] session=292bafc9 compiled generation=3833 fresh=false modules=6 took_us=44
2026-09-25T22:43:57.119Z +87.524s DEBUG [graph] session=292bafc9 compiled generation=3834 fresh=false modules=6 took_us=51
2026-09-25T22:43:57.143Z +87.548s DEBUG [graph] session=292bafc9 compiled generation=3835 fresh=false modules=6 took_us=89
2026-09-25T22:43:57.164Z +87.570s DEBUG [graph] session=292bafc9 compiled generation=3836 fresh=false modules=6 took_us=49
2026-09-25T22:43:57.187Z +87.593s DEBUG [graph] session=292bafc9 compiled generation=3837 fresh=false modules=6 took_us=52
2026-09-25T22:43:57.205Z +87.611s DEBUG [graph] session=292bafc9 compiled generation=3838 fresh=false modules=6 took_us=52
2026-09-25T22:43:57.224Z +87.630s DEBUG [graph] session=292bafc9 compiled generation=3839 fresh=false modules=6 took_us=66
2026-09-25T22:43:57.248Z +87.654s DEBUG [graph] session=292bafc9 compiled generation=3840 fresh=false modules=6 took_us=52
2026-09-25T22:43:57.266Z +87.672s DEBUG [graph] session=292bafc9 compiled generation=3841 fresh=false modules=6 took_us=49
2026-09-25T22:43:57.288Z +87.693s DEBUG [graph] session=292bafc9 compiled generation=3842 fresh=false modules=6 took_us=50
2026-09-25T22:43:57.305Z +87.711s DEBUG [graph] session=292bafc9 compiled generation=3843 fresh=false modules=6 took_us=51
2026-09-25T22:43:57.323Z +87.729s DEBUG [graph] session=292bafc9 compiled generation=3844 fresh=false modules=6 took_us=121
2026-09-25T22:43:57.344Z +87.750s DEBUG [graph] session=292bafc9 compiled generation=3845 fresh=false modules=6 took_us=56
2026-09-25T22:43:57.363Z +87.769s DEBUG [graph] session=292bafc9 compiled generation=3846 fresh=false modules=6 took_us=47
2026-09-25T22:43:57.380Z +87.786s DEBUG [graph] session=292bafc9 compiled generation=3847 fresh=false modules=6 took_us=51
2026-09-25T22:43:57.401Z +87.807s DEBUG [graph] session=292bafc9 compiled generation=3848 fresh=false modules=6 took_us=44
2026-09-25T22:43:57.419Z +87.825s DEBUG [graph] session=292bafc9 compiled generation=3849 fresh=false modules=6 took_us=44
2026-09-25T22:43:57.438Z +87.844s DEBUG [graph] session=292bafc9 compiled generation=3850 fresh=false modules=6 took_us=52
2026-09-25T22:43:57.458Z +87.864s DEBUG [graph] session=292bafc9 compiled generation=3851 fresh=false modules=6 took_us=47
2026-09-25T22:43:57.480Z +87.885s DEBUG [graph] session=292bafc9 compiled generation=3852 fresh=false modules=6 took_us=67
2026-09-25T22:43:57.498Z +87.904s DEBUG [graph] session=292bafc9 compiled generation=3853 fresh=false modules=6 took_us=63
2026-09-25T22:43:57.518Z +87.924s DEBUG [graph] session=292bafc9 compiled generation=3854 fresh=false modules=6 took_us=61
2026-09-25T22:43:57.543Z +87.949s DEBUG [graph] session=292bafc9 compiled generation=3855 fresh=false modules=6 took_us=64
2026-09-25T22:43:57.563Z +87.969s DEBUG [graph] session=292bafc9 compiled generation=3856 fresh=false modules=6 took_us=67
2026-09-25T22:43:57.585Z +87.991s DEBUG [graph] session=292bafc9 compiled generation=3857 fresh=false modules=6 took_us=40
2026-09-25T22:43:57.602Z +88.007s DEBUG [graph] session=292bafc9 compiled generation=3858 fresh=false modules=6 took_us=61
2026-09-25T22:43:57.619Z +88.025s DEBUG [graph] session=292bafc9 compiled generation=3859 fresh=false modules=6 took_us=50
2026-09-25T22:43:57.642Z +88.048s DEBUG [graph] session=292bafc9 compiled generation=3860 fresh=false modules=6 took_us=45
2026-09-25T22:43:57.661Z +88.066s DEBUG [graph] session=292bafc9 compiled generation=3861 fresh=false modules=6 took_us=51
2026-09-25T22:43:57.682Z +88.088s DEBUG [graph] session=292bafc9 compiled generation=3862 fresh=false modules=6 took_us=53
2026-09-25T22:43:57.703Z +88.109s DEBUG [graph] session=292bafc9 compiled generation=3863 fresh=false modules=6 took_us=105
2026-09-25T22:43:57.722Z +88.128s DEBUG [graph] session=292bafc9 compiled generation=3864 fresh=false modules=6 took_us=48
2026-09-25T22:43:57.745Z +88.151s DEBUG [graph] session=292bafc9 compiled generation=3865 fresh=false modules=6 took_us=46
2026-09-25T22:43:57.763Z +88.169s DEBUG [graph] session=292bafc9 compiled generation=3866 fresh=false modules=6 took_us=45
2026-09-25T22:43:57.781Z +88.187s DEBUG [graph] session=292bafc9 compiled generation=3867 fresh=false modules=6 took_us=45
2026-09-25T22:43:57.801Z +88.207s DEBUG [graph] session=292bafc9 compiled generation=3868 fresh=false modules=6 took_us=47
2026-09-25T22:43:57.818Z +88.223s DEBUG [graph] session=292bafc9 compiled generation=3869 fresh=false modules=6 took_us=47
2026-09-25T22:43:57.835Z +88.241s DEBUG [graph] session=292bafc9 compiled generation=3870 fresh=false modules=6 took_us=53
2026-09-25T22:43:57.857Z +88.263s DEBUG [graph] session=292bafc9 compiled generation=3871 fresh=false modules=6 took_us=47
2026-09-25T22:43:57.874Z +88.280s DEBUG [graph] session=292bafc9 compiled generation=3872 fresh=false modules=6 took_us=47
2026-09-25T22:43:57.894Z +88.300s DEBUG [graph] session=292bafc9 compiled generation=3873 fresh=false modules=6 took_us=56
2026-09-25T22:43:57.911Z +88.317s DEBUG [graph] session=292bafc9 compiled generation=3874 fresh=false modules=6 took_us=46
2026-09-25T22:43:57.933Z +88.339s DEBUG [graph] session=292bafc9 compiled generation=3875 fresh=false modules=6 took_us=46
2026-09-25T22:43:57.951Z +88.357s DEBUG [graph] session=292bafc9 compiled generation=3876 fresh=false modules=6 took_us=46
2026-09-25T22:43:57.969Z +88.375s DEBUG [graph] session=292bafc9 compiled generation=3877 fresh=false modules=6 took_us=45
2026-09-25T22:43:57.992Z +88.398s DEBUG [graph] session=292bafc9 compiled generation=3878 fresh=false modules=6 took_us=67
2026-09-25T22:43:58.012Z +88.418s DEBUG [graph] session=292bafc9 compiled generation=3879 fresh=false modules=6 took_us=42
2026-09-25T22:43:58.029Z +88.435s DEBUG [graph] session=292bafc9 compiled generation=3880 fresh=false modules=6 took_us=45
2026-09-25T22:43:58.051Z +88.457s DEBUG [graph] session=292bafc9 compiled generation=3881 fresh=false modules=6 took_us=41
2026-09-25T22:43:58.068Z +88.474s DEBUG [graph] session=292bafc9 compiled generation=3882 fresh=false modules=6 took_us=47
2026-09-25T22:43:58.092Z +88.498s DEBUG [graph] session=292bafc9 compiled generation=3883 fresh=false modules=6 took_us=70
2026-09-25T22:43:58.115Z +88.521s DEBUG [graph] session=292bafc9 compiled generation=3884 fresh=false modules=6 took_us=65
2026-09-25T22:43:58.141Z +88.547s DEBUG [graph] session=292bafc9 compiled generation=3885 fresh=false modules=6 took_us=65
2026-09-25T22:43:58.163Z +88.569s DEBUG [graph] session=292bafc9 compiled generation=3886 fresh=false modules=6 took_us=67
2026-09-25T22:43:58.187Z +88.593s DEBUG [graph] session=292bafc9 compiled generation=3887 fresh=false modules=6 took_us=71
2026-09-25T22:43:58.207Z +88.613s DEBUG [graph] session=292bafc9 compiled generation=3888 fresh=false modules=6 took_us=52
2026-09-25T22:43:58.227Z +88.633s DEBUG [graph] session=292bafc9 compiled generation=3889 fresh=false modules=6 took_us=71
2026-09-25T22:43:58.250Z +88.656s DEBUG [graph] session=292bafc9 compiled generation=3890 fresh=false modules=6 took_us=53
2026-09-25T22:43:58.268Z +88.674s DEBUG [graph] session=292bafc9 compiled generation=3891 fresh=false modules=6 took_us=46
2026-09-25T22:43:58.287Z +88.693s DEBUG [graph] session=292bafc9 compiled generation=3892 fresh=false modules=6 took_us=45
2026-09-25T22:43:58.304Z +88.710s DEBUG [graph] session=292bafc9 compiled generation=3893 fresh=false modules=6 took_us=51
2026-09-25T22:43:58.324Z +88.730s DEBUG [graph] session=292bafc9 compiled generation=3894 fresh=false modules=6 took_us=58
2026-09-25T22:43:58.349Z +88.755s DEBUG [graph] session=292bafc9 compiled generation=3895 fresh=false modules=6 took_us=44
2026-09-25T22:43:58.368Z +88.774s DEBUG [graph] session=292bafc9 compiled generation=3896 fresh=false modules=6 took_us=44
2026-09-25T22:43:58.389Z +88.795s DEBUG [graph] session=292bafc9 compiled generation=3897 fresh=false modules=6 took_us=59
2026-09-25T22:43:58.408Z +88.814s DEBUG [graph] session=292bafc9 compiled generation=3898 fresh=false modules=6 took_us=59
2026-09-25T22:43:58.428Z +88.834s DEBUG [graph] session=292bafc9 compiled generation=3899 fresh=false modules=6 took_us=44
2026-09-25T22:43:58.454Z +88.860s DEBUG [graph] session=292bafc9 compiled generation=3900 fresh=false modules=6 took_us=45
2026-09-25T22:43:58.473Z +88.879s DEBUG [graph] session=292bafc9 compiled generation=3901 fresh=false modules=6 took_us=45
2026-09-25T22:43:58.497Z +88.903s DEBUG [graph] session=292bafc9 compiled generation=3902 fresh=false modules=6 took_us=50
2026-09-25T22:43:58.517Z +88.923s DEBUG [graph] session=292bafc9 compiled generation=3903 fresh=false modules=6 took_us=175
2026-09-25T22:43:58.542Z +88.948s DEBUG [graph] session=292bafc9 compiled generation=3904 fresh=false modules=6 took_us=45
2026-09-25T22:43:58.559Z +88.964s DEBUG [graph] session=292bafc9 compiled generation=3905 fresh=false modules=6 took_us=44
2026-09-25T22:43:58.575Z +88.981s DEBUG [graph] session=292bafc9 compiled generation=3906 fresh=false modules=6 took_us=64
2026-09-25T22:43:58.598Z +89.004s DEBUG [graph] session=292bafc9 compiled generation=3907 fresh=false modules=6 took_us=48
2026-09-25T22:43:58.615Z +89.021s DEBUG [graph] session=292bafc9 compiled generation=3908 fresh=false modules=6 took_us=105
2026-09-25T22:43:58.635Z +89.040s DEBUG [graph] session=292bafc9 compiled generation=3909 fresh=false modules=6 took_us=138
2026-09-25T22:43:58.654Z +89.060s DEBUG [graph] session=292bafc9 compiled generation=3910 fresh=false modules=6 took_us=50
2026-09-25T22:43:58.672Z +89.078s DEBUG [graph] session=292bafc9 compiled generation=3911 fresh=false modules=6 took_us=42
2026-09-25T22:43:58.690Z +89.096s DEBUG [graph] session=292bafc9 compiled generation=3912 fresh=false modules=6 took_us=40
2026-09-25T22:43:58.707Z +89.113s DEBUG [graph] session=292bafc9 compiled generation=3913 fresh=false modules=6 took_us=41
2026-09-25T22:43:58.727Z +89.133s DEBUG [graph] session=292bafc9 compiled generation=3914 fresh=false modules=6 took_us=1711
2026-09-25T22:43:58.745Z +89.150s DEBUG [graph] session=292bafc9 compiled generation=3915 fresh=false modules=6 took_us=41
2026-09-25T22:43:58.760Z +89.166s DEBUG [graph] session=292bafc9 compiled generation=3916 fresh=false modules=6 took_us=44
2026-09-25T22:43:58.782Z +89.188s DEBUG [graph] session=292bafc9 compiled generation=3917 fresh=false modules=6 took_us=49
2026-09-25T22:43:58.800Z +89.206s DEBUG [graph] session=292bafc9 compiled generation=3918 fresh=false modules=6 took_us=58
2026-09-25T22:43:58.817Z +89.223s DEBUG [graph] session=292bafc9 compiled generation=3919 fresh=false modules=6 took_us=49
2026-09-25T22:43:58.835Z +89.241s DEBUG [graph] session=292bafc9 compiled generation=3920 fresh=false modules=6 took_us=44
2026-09-25T22:43:58.854Z +89.260s DEBUG [graph] session=292bafc9 compiled generation=3921 fresh=false modules=6 took_us=42
2026-09-25T22:43:58.873Z +89.279s DEBUG [graph] session=292bafc9 compiled generation=3922 fresh=false modules=6 took_us=49
2026-09-25T22:43:58.892Z +89.298s DEBUG [graph] session=292bafc9 compiled generation=3923 fresh=false modules=6 took_us=52
2026-09-25T22:43:58.909Z +89.315s DEBUG [graph] session=292bafc9 compiled generation=3924 fresh=false modules=6 took_us=52
2026-09-25T22:43:58.929Z +89.335s DEBUG [graph] session=292bafc9 compiled generation=3925 fresh=false modules=6 took_us=45
2026-09-25T22:43:58.949Z +89.355s DEBUG [graph] session=292bafc9 compiled generation=3926 fresh=false modules=6 took_us=53
2026-09-25T22:43:58.967Z +89.373s DEBUG [graph] session=292bafc9 compiled generation=3927 fresh=false modules=6 took_us=53
2026-09-25T22:43:58.988Z +89.394s DEBUG [graph] session=292bafc9 compiled generation=3928 fresh=false modules=6 took_us=53
2026-09-25T22:43:59.005Z +89.411s DEBUG [graph] session=292bafc9 compiled generation=3929 fresh=false modules=6 took_us=48
2026-09-25T22:43:59.024Z +89.430s DEBUG [graph] session=292bafc9 compiled generation=3930 fresh=false modules=6 took_us=50
2026-09-25T22:43:59.045Z +89.451s DEBUG [graph] session=292bafc9 compiled generation=3931 fresh=false modules=6 took_us=43
2026-09-25T22:43:59.062Z +89.468s DEBUG [graph] session=292bafc9 compiled generation=3932 fresh=false modules=6 took_us=45
2026-09-25T22:43:59.079Z +89.485s DEBUG [graph] session=292bafc9 compiled generation=3933 fresh=false modules=6 took_us=45
2026-09-25T22:43:59.099Z +89.505s DEBUG [graph] session=292bafc9 compiled generation=3934 fresh=false modules=6 took_us=46
2026-09-25T22:43:59.117Z +89.523s DEBUG [graph] session=292bafc9 compiled generation=3935 fresh=false modules=6 took_us=44
2026-09-25T22:43:59.135Z +89.541s DEBUG [graph] session=292bafc9 compiled generation=3936 fresh=false modules=6 took_us=46
2026-09-25T22:43:59.154Z +89.560s DEBUG [graph] session=292bafc9 compiled generation=3937 fresh=false modules=6 took_us=64
2026-09-25T22:43:59.172Z +89.578s DEBUG [graph] session=292bafc9 compiled generation=3938 fresh=false modules=6 took_us=46
2026-09-25T22:43:59.192Z +89.598s DEBUG [graph] session=292bafc9 compiled generation=3939 fresh=false modules=6 took_us=53
2026-09-25T22:43:59.208Z +89.613s DEBUG [graph] session=292bafc9 compiled generation=3940 fresh=false modules=6 took_us=46
2026-09-25T22:43:59.227Z +89.633s DEBUG [graph] session=292bafc9 compiled generation=3941 fresh=false modules=6 took_us=47
2026-09-25T22:43:59.245Z +89.651s DEBUG [graph] session=292bafc9 compiled generation=3942 fresh=false modules=6 took_us=45
2026-09-25T22:43:59.261Z +89.667s DEBUG [graph] session=292bafc9 compiled generation=3943 fresh=false modules=6 took_us=51
2026-09-25T22:43:59.283Z +89.688s DEBUG [graph] session=292bafc9 compiled generation=3944 fresh=false modules=6 took_us=104
2026-09-25T22:43:59.300Z +89.706s DEBUG [graph] session=292bafc9 compiled generation=3945 fresh=false modules=6 took_us=43
2026-09-25T22:43:59.318Z +89.724s DEBUG [graph] session=292bafc9 compiled generation=3946 fresh=false modules=6 took_us=45
2026-09-25T22:43:59.338Z +89.744s DEBUG [graph] session=292bafc9 compiled generation=3947 fresh=false modules=6 took_us=52
2026-09-25T22:43:59.356Z +89.762s DEBUG [graph] session=292bafc9 compiled generation=3948 fresh=false modules=6 took_us=50
2026-09-25T22:43:59.374Z +89.780s DEBUG [graph] session=292bafc9 compiled generation=3949 fresh=false modules=6 took_us=49
2026-09-25T22:43:59.394Z +89.800s DEBUG [graph] session=292bafc9 compiled generation=3950 fresh=false modules=6 took_us=50
2026-09-25T22:43:59.412Z +89.818s DEBUG [graph] session=292bafc9 compiled generation=3951 fresh=false modules=6 took_us=50
2026-09-25T22:43:59.432Z +89.838s DEBUG [graph] session=292bafc9 compiled generation=3952 fresh=false modules=6 took_us=43
2026-09-25T22:43:59.452Z +89.858s DEBUG [graph] session=292bafc9 compiled generation=3953 fresh=false modules=6 took_us=41
2026-09-25T22:43:59.467Z +89.873s DEBUG [graph] session=292bafc9 compiled generation=3954 fresh=false modules=6 took_us=52
2026-09-25T22:43:59.489Z +89.895s DEBUG [graph] session=292bafc9 compiled generation=3955 fresh=false modules=6 took_us=52
2026-09-25T22:43:59.507Z +89.913s DEBUG [graph] session=292bafc9 compiled generation=3956 fresh=false modules=6 took_us=51
2026-09-25T22:43:59.526Z +89.932s DEBUG [graph] session=292bafc9 compiled generation=3957 fresh=false modules=6 took_us=49
2026-09-25T22:43:59.549Z +89.955s DEBUG [graph] session=292bafc9 compiled generation=3958 fresh=false modules=6 took_us=42
2026-09-25T22:43:59.565Z +89.971s DEBUG [graph] session=292bafc9 compiled generation=3959 fresh=false modules=6 took_us=45
2026-09-25T22:43:59.584Z +89.990s DEBUG [graph] session=292bafc9 compiled generation=3960 fresh=false modules=6 took_us=48
2026-09-25T22:43:59.600Z +90.005s DEBUG [graph] session=292bafc9 compiled generation=3961 fresh=false modules=6 took_us=44
2026-09-25T22:43:59.626Z +90.031s DEBUG [graph] session=292bafc9 compiled generation=3962 fresh=false modules=6 took_us=46
2026-09-25T22:43:59.656Z +90.062s DEBUG [graph] session=292bafc9 compiled generation=3963 fresh=false modules=6 took_us=50
2026-09-25T22:43:59.676Z +90.082s DEBUG [graph] session=292bafc9 compiled generation=3964 fresh=false modules=6 took_us=47
2026-09-25T22:43:59.698Z +90.104s DEBUG [graph] session=292bafc9 compiled generation=3965 fresh=false modules=6 took_us=64
2026-09-25T22:43:59.720Z +90.126s DEBUG [graph] session=292bafc9 compiled generation=3966 fresh=false modules=6 took_us=51
2026-09-25T22:43:59.740Z +90.146s DEBUG [graph] session=292bafc9 compiled generation=3967 fresh=false modules=6 took_us=49
2026-09-25T22:43:59.759Z +90.165s DEBUG [graph] session=292bafc9 compiled generation=3968 fresh=false modules=6 took_us=56
2026-09-25T22:43:59.780Z +90.186s DEBUG [graph] session=292bafc9 compiled generation=3969 fresh=false modules=6 took_us=60
2026-09-25T22:43:59.799Z +90.205s INFO  [audio.health] session=292bafc9 last 10.0s: xruns=0 late_executions=1 late_arrivals=152 callbacks=1874 worst_run_us=6332
2026-09-25T22:43:59.800Z +90.206s DEBUG [graph] session=292bafc9 compiled generation=3970 fresh=false modules=6 took_us=48
2026-09-25T22:43:59.818Z +90.224s DEBUG [graph] session=292bafc9 compiled generation=3971 fresh=false modules=6 took_us=46
2026-09-25T22:43:59.838Z +90.244s DEBUG [graph] session=292bafc9 compiled generation=3972 fresh=false modules=6 took_us=60
2026-09-25T22:43:59.864Z +90.270s DEBUG [graph] session=292bafc9 compiled generation=3973 fresh=false modules=6 took_us=55
2026-09-25T22:43:59.886Z +90.292s DEBUG [graph] session=292bafc9 compiled generation=3974 fresh=false modules=6 took_us=48
2026-09-25T22:43:59.902Z +90.308s DEBUG [graph] session=292bafc9 compiled generation=3975 fresh=false modules=6 took_us=45
2026-09-25T22:43:59.919Z +90.325s DEBUG [graph] session=292bafc9 compiled generation=3976 fresh=false modules=6 took_us=46
2026-09-25T22:43:59.939Z +90.345s DEBUG [graph] session=292bafc9 compiled generation=3977 fresh=false modules=6 took_us=51
2026-09-25T22:43:59.957Z +90.362s DEBUG [graph] session=292bafc9 compiled generation=3978 fresh=false modules=6 took_us=45
2026-09-25T22:43:59.973Z +90.379s DEBUG [graph] session=292bafc9 compiled generation=3979 fresh=false modules=6 took_us=45
2026-09-25T22:43:59.997Z +90.403s DEBUG [graph] session=292bafc9 compiled generation=3980 fresh=false modules=6 took_us=45
2026-09-25T22:44:00.013Z +90.419s DEBUG [graph] session=292bafc9 compiled generation=3981 fresh=false modules=6 took_us=44
2026-09-25T22:44:00.029Z +90.435s DEBUG [graph] session=292bafc9 compiled generation=3982 fresh=false modules=6 took_us=45
2026-09-25T22:44:00.050Z +90.456s DEBUG [graph] session=292bafc9 compiled generation=3983 fresh=false modules=6 took_us=46
2026-09-25T22:44:00.066Z +90.472s DEBUG [graph] session=292bafc9 compiled generation=3984 fresh=false modules=6 took_us=41
2026-09-25T22:44:00.085Z +90.490s DEBUG [graph] session=292bafc9 compiled generation=3985 fresh=false modules=6 took_us=65
2026-09-25T22:44:00.100Z +90.506s DEBUG [graph] session=292bafc9 compiled generation=3986 fresh=false modules=6 took_us=42
2026-09-25T22:44:00.118Z +90.523s DEBUG [graph] session=292bafc9 compiled generation=3987 fresh=false modules=6 took_us=42
2026-09-25T22:44:00.134Z +90.540s DEBUG [graph] session=292bafc9 compiled generation=3988 fresh=false modules=6 took_us=43
2026-09-25T22:44:00.151Z +90.557s DEBUG [graph] session=292bafc9 compiled generation=3989 fresh=false modules=6 took_us=42
2026-09-25T22:44:00.169Z +90.575s DEBUG [graph] session=292bafc9 compiled generation=3990 fresh=false modules=6 took_us=43
2026-09-25T22:44:00.188Z +90.594s DEBUG [graph] session=292bafc9 compiled generation=3991 fresh=false modules=6 took_us=45
2026-09-25T22:44:00.205Z +90.610s DEBUG [graph] session=292bafc9 compiled generation=3992 fresh=false modules=6 took_us=68
2026-09-25T22:44:00.222Z +90.627s DEBUG [graph] session=292bafc9 compiled generation=3993 fresh=false modules=6 took_us=69
2026-09-25T22:44:00.245Z +90.651s DEBUG [graph] session=292bafc9 compiled generation=3994 fresh=false modules=6 took_us=44
2026-09-25T22:44:00.262Z +90.668s DEBUG [graph] session=292bafc9 compiled generation=3995 fresh=false modules=6 took_us=45
2026-09-25T22:44:00.280Z +90.686s DEBUG [graph] session=292bafc9 compiled generation=3996 fresh=false modules=6 took_us=44
2026-09-25T22:44:00.298Z +90.704s DEBUG [graph] session=292bafc9 compiled generation=3997 fresh=false modules=6 took_us=52
2026-09-25T22:44:00.317Z +90.723s DEBUG [graph] session=292bafc9 compiled generation=3998 fresh=false modules=6 took_us=49
2026-09-25T22:44:00.339Z +90.745s DEBUG [graph] session=292bafc9 compiled generation=3999 fresh=false modules=6 took_us=44
2026-09-25T22:44:00.356Z +90.762s DEBUG [graph] session=292bafc9 compiled generation=4000 fresh=false modules=6 took_us=43
2026-09-25T22:44:00.373Z +90.778s DEBUG [graph] session=292bafc9 compiled generation=4001 fresh=false modules=6 took_us=43
2026-09-25T22:44:00.390Z +90.796s DEBUG [graph] session=292bafc9 compiled generation=4002 fresh=false modules=6 took_us=45
2026-09-25T22:44:00.407Z +90.812s DEBUG [graph] session=292bafc9 compiled generation=4003 fresh=false modules=6 took_us=54
2026-09-25T22:44:00.424Z +90.829s DEBUG [graph] session=292bafc9 compiled generation=4004 fresh=false modules=6 took_us=72
2026-09-25T22:44:00.451Z +90.857s DEBUG [graph] session=292bafc9 compiled generation=4005 fresh=false modules=6 took_us=45
2026-09-25T22:44:00.468Z +90.874s DEBUG [graph] session=292bafc9 compiled generation=4006 fresh=false modules=6 took_us=43
2026-09-25T22:44:00.488Z +90.894s DEBUG [graph] session=292bafc9 compiled generation=4007 fresh=false modules=6 took_us=49
2026-09-25T22:44:00.504Z +90.910s DEBUG [graph] session=292bafc9 compiled generation=4008 fresh=false modules=6 took_us=49
2026-09-25T22:44:00.523Z +90.929s DEBUG [graph] session=292bafc9 compiled generation=4009 fresh=false modules=6 took_us=44
2026-09-25T22:44:00.545Z +90.951s DEBUG [graph] session=292bafc9 compiled generation=4010 fresh=false modules=6 took_us=43
2026-09-25T22:44:00.561Z +90.966s DEBUG [graph] session=292bafc9 compiled generation=4011 fresh=false modules=6 took_us=43
2026-09-25T22:44:00.583Z +90.989s DEBUG [graph] session=292bafc9 compiled generation=4012 fresh=false modules=6 took_us=50
2026-09-25T22:44:00.601Z +91.007s DEBUG [graph] session=292bafc9 compiled generation=4013 fresh=false modules=6 took_us=46
2026-09-25T22:44:00.618Z +91.024s DEBUG [graph] session=292bafc9 compiled generation=4014 fresh=false modules=6 took_us=43
2026-09-25T22:44:00.640Z +91.046s DEBUG [graph] session=292bafc9 compiled generation=4015 fresh=false modules=6 took_us=52
2026-09-25T22:44:00.660Z +91.066s DEBUG [graph] session=292bafc9 compiled generation=4016 fresh=false modules=6 took_us=45
2026-09-25T22:44:00.678Z +91.083s DEBUG [graph] session=292bafc9 compiled generation=4017 fresh=false modules=6 took_us=45
2026-09-25T22:44:00.694Z +91.100s DEBUG [graph] session=292bafc9 compiled generation=4018 fresh=false modules=6 took_us=46
2026-09-25T22:44:00.711Z +91.117s DEBUG [graph] session=292bafc9 compiled generation=4019 fresh=false modules=6 took_us=47
2026-09-25T22:44:00.733Z +91.139s DEBUG [graph] session=292bafc9 compiled generation=4020 fresh=false modules=6 took_us=57
2026-09-25T22:44:00.754Z +91.160s DEBUG [graph] session=292bafc9 compiled generation=4021 fresh=false modules=6 took_us=44
2026-09-25T22:44:00.772Z +91.178s DEBUG [graph] session=292bafc9 compiled generation=4022 fresh=false modules=6 took_us=55
2026-09-25T22:44:00.795Z +91.201s DEBUG [graph] session=292bafc9 compiled generation=4023 fresh=false modules=6 took_us=62
2026-09-25T22:44:00.817Z +91.223s DEBUG [graph] session=292bafc9 compiled generation=4024 fresh=false modules=6 took_us=66
2026-09-25T22:44:00.842Z +91.247s DEBUG [graph] session=292bafc9 compiled generation=4025 fresh=false modules=6 took_us=66
2026-09-25T22:44:00.861Z +91.267s DEBUG [graph] session=292bafc9 compiled generation=4026 fresh=false modules=6 took_us=50
2026-09-25T22:44:00.882Z +91.288s DEBUG [graph] session=292bafc9 compiled generation=4027 fresh=false modules=6 took_us=52
2026-09-25T22:44:00.901Z +91.307s DEBUG [graph] session=292bafc9 compiled generation=4028 fresh=false modules=6 took_us=50
2026-09-25T22:44:00.919Z +91.325s DEBUG [graph] session=292bafc9 compiled generation=4029 fresh=false modules=6 took_us=50
2026-09-25T22:44:00.939Z +91.345s DEBUG [graph] session=292bafc9 compiled generation=4030 fresh=false modules=6 took_us=50
2026-09-25T22:44:00.956Z +91.362s DEBUG [graph] session=292bafc9 compiled generation=4031 fresh=false modules=6 took_us=41
2026-09-25T22:44:00.972Z +91.378s DEBUG [graph] session=292bafc9 compiled generation=4032 fresh=false modules=6 took_us=40
2026-09-25T22:44:00.989Z +91.395s DEBUG [graph] session=292bafc9 compiled generation=4033 fresh=false modules=6 took_us=42
2026-09-25T22:44:01.006Z +91.412s DEBUG [graph] session=292bafc9 compiled generation=4034 fresh=false modules=6 took_us=49
2026-09-25T22:44:01.026Z +91.432s DEBUG [graph] session=292bafc9 compiled generation=4035 fresh=false modules=6 took_us=50
2026-09-25T22:44:01.048Z +91.453s DEBUG [graph] session=292bafc9 compiled generation=4036 fresh=false modules=6 took_us=44
2026-09-25T22:44:01.064Z +91.469s DEBUG [graph] session=292bafc9 compiled generation=4037 fresh=false modules=6 took_us=70
2026-09-25T22:44:01.082Z +91.488s DEBUG [graph] session=292bafc9 compiled generation=4038 fresh=false modules=6 took_us=42
2026-09-25T22:44:01.098Z +91.504s DEBUG [graph] session=292bafc9 compiled generation=4039 fresh=false modules=6 took_us=50
2026-09-25T22:44:01.117Z +91.523s DEBUG [graph] session=292bafc9 compiled generation=4040 fresh=false modules=6 took_us=51
2026-09-25T22:44:01.138Z +91.544s DEBUG [graph] session=292bafc9 compiled generation=4041 fresh=false modules=6 took_us=48
2026-09-25T22:44:01.157Z +91.563s DEBUG [graph] session=292bafc9 compiled generation=4042 fresh=false modules=6 took_us=49
2026-09-25T22:44:01.178Z +91.584s DEBUG [graph] session=292bafc9 compiled generation=4043 fresh=false modules=6 took_us=52
2026-09-25T22:44:01.196Z +91.602s DEBUG [graph] session=292bafc9 compiled generation=4044 fresh=false modules=6 took_us=51
2026-09-25T22:44:01.215Z +91.621s DEBUG [graph] session=292bafc9 compiled generation=4045 fresh=false modules=6 took_us=41
2026-09-25T22:44:01.234Z +91.639s DEBUG [graph] session=292bafc9 compiled generation=4046 fresh=false modules=6 took_us=79
2026-09-25T22:44:01.252Z +91.658s DEBUG [graph] session=292bafc9 compiled generation=4047 fresh=false modules=6 took_us=51
2026-09-25T22:44:01.267Z +91.673s DEBUG [graph] session=292bafc9 compiled generation=4048 fresh=false modules=6 took_us=95
2026-09-25T22:44:01.284Z +91.690s DEBUG [graph] session=292bafc9 compiled generation=4049 fresh=false modules=6 took_us=41
2026-09-25T22:44:01.299Z +91.705s DEBUG [graph] session=292bafc9 compiled generation=4050 fresh=false modules=6 took_us=77
2026-09-25T22:44:01.315Z +91.721s DEBUG [graph] session=292bafc9 compiled generation=4051 fresh=false modules=6 took_us=42
2026-09-25T22:44:01.332Z +91.738s DEBUG [graph] session=292bafc9 compiled generation=4052 fresh=false modules=6 took_us=42
2026-09-25T22:44:01.352Z +91.758s DEBUG [graph] session=292bafc9 compiled generation=4053 fresh=false modules=6 took_us=46
2026-09-25T22:44:01.369Z +91.774s DEBUG [graph] session=292bafc9 compiled generation=4054 fresh=false modules=6 took_us=96
2026-09-25T22:44:01.389Z +91.795s DEBUG [graph] session=292bafc9 compiled generation=4055 fresh=false modules=6 took_us=49
2026-09-25T22:44:01.407Z +91.812s DEBUG [graph] session=292bafc9 compiled generation=4056 fresh=false modules=6 took_us=42
2026-09-25T22:44:01.425Z +91.830s DEBUG [graph] session=292bafc9 compiled generation=4057 fresh=false modules=6 took_us=56
2026-09-25T22:44:01.446Z +91.852s DEBUG [graph] session=292bafc9 compiled generation=4058 fresh=false modules=6 took_us=43
2026-09-25T22:44:01.463Z +91.868s DEBUG [graph] session=292bafc9 compiled generation=4059 fresh=false modules=6 took_us=49
2026-09-25T22:44:01.483Z +91.888s DEBUG [graph] session=292bafc9 compiled generation=4060 fresh=false modules=6 took_us=83
2026-09-25T22:44:01.504Z +91.910s DEBUG [graph] session=292bafc9 compiled generation=4061 fresh=false modules=6 took_us=51
2026-09-25T22:44:01.522Z +91.928s DEBUG [graph] session=292bafc9 compiled generation=4062 fresh=false modules=6 took_us=50
2026-09-25T22:44:01.547Z +91.953s DEBUG [graph] session=292bafc9 compiled generation=4063 fresh=false modules=6 took_us=177
2026-09-25T22:44:01.564Z +91.970s DEBUG [graph] session=292bafc9 compiled generation=4064 fresh=false modules=6 took_us=44
2026-09-25T22:44:01.584Z +91.990s DEBUG [graph] session=292bafc9 compiled generation=4065 fresh=false modules=6 took_us=48
2026-09-25T22:44:01.601Z +92.007s DEBUG [graph] session=292bafc9 compiled generation=4066 fresh=false modules=6 took_us=47
2026-09-25T22:44:01.618Z +92.024s DEBUG [graph] session=292bafc9 compiled generation=4067 fresh=false modules=6 took_us=56
2026-09-25T22:44:01.641Z +92.047s DEBUG [graph] session=292bafc9 compiled generation=4068 fresh=false modules=6 took_us=57
2026-09-25T22:44:01.660Z +92.065s DEBUG [graph] session=292bafc9 compiled generation=4069 fresh=false modules=6 took_us=47
2026-09-25T22:44:01.678Z +92.084s DEBUG [graph] session=292bafc9 compiled generation=4070 fresh=false modules=6 took_us=45
2026-09-25T22:44:01.697Z +92.103s DEBUG [graph] session=292bafc9 compiled generation=4071 fresh=false modules=6 took_us=57
2026-09-25T22:44:01.718Z +92.123s DEBUG [graph] session=292bafc9 compiled generation=4072 fresh=false modules=6 took_us=46
2026-09-25T22:44:01.738Z +92.144s DEBUG [graph] session=292bafc9 compiled generation=4073 fresh=false modules=6 took_us=58
2026-09-25T22:44:01.758Z +92.164s DEBUG [graph] session=292bafc9 compiled generation=4074 fresh=false modules=6 took_us=50
2026-09-25T22:44:01.780Z +92.186s DEBUG [graph] session=292bafc9 compiled generation=4075 fresh=false modules=6 took_us=46
2026-09-25T22:44:01.801Z +92.207s DEBUG [graph] session=292bafc9 compiled generation=4076 fresh=false modules=6 took_us=46
2026-09-25T22:44:01.821Z +92.227s DEBUG [graph] session=292bafc9 compiled generation=4077 fresh=false modules=6 took_us=136
2026-09-25T22:44:01.849Z +92.255s DEBUG [graph] session=292bafc9 compiled generation=4078 fresh=false modules=6 took_us=45
2026-09-25T22:44:01.867Z +92.273s DEBUG [graph] session=292bafc9 compiled generation=4079 fresh=false modules=6 took_us=51
2026-09-25T22:44:01.886Z +92.291s DEBUG [graph] session=292bafc9 compiled generation=4080 fresh=false modules=6 took_us=50
2026-09-25T22:44:01.903Z +92.308s DEBUG [graph] session=292bafc9 compiled generation=4081 fresh=false modules=6 took_us=49
2026-09-25T22:44:01.921Z +92.327s DEBUG [graph] session=292bafc9 compiled generation=4082 fresh=false modules=6 took_us=49
2026-09-25T22:44:01.940Z +92.346s DEBUG [graph] session=292bafc9 compiled generation=4083 fresh=false modules=6 took_us=49
2026-09-25T22:44:01.962Z +92.368s DEBUG [graph] session=292bafc9 compiled generation=4084 fresh=false modules=6 took_us=50
2026-09-25T22:44:01.985Z +92.391s DEBUG [graph] session=292bafc9 compiled generation=4085 fresh=false modules=6 took_us=51
2026-09-25T22:44:02.005Z +92.410s DEBUG [graph] session=292bafc9 compiled generation=4086 fresh=false modules=6 took_us=50
2026-09-25T22:44:02.022Z +92.428s DEBUG [graph] session=292bafc9 compiled generation=4087 fresh=false modules=6 took_us=44
2026-09-25T22:44:02.041Z +92.447s DEBUG [graph] session=292bafc9 compiled generation=4088 fresh=false modules=6 took_us=45
2026-09-25T22:44:02.060Z +92.466s DEBUG [graph] session=292bafc9 compiled generation=4089 fresh=false modules=6 took_us=54
2026-09-25T22:44:02.081Z +92.487s DEBUG [graph] session=292bafc9 compiled generation=4090 fresh=false modules=6 took_us=46
2026-09-25T22:44:02.097Z +92.503s DEBUG [graph] session=292bafc9 compiled generation=4091 fresh=false modules=6 took_us=56
2026-09-25T22:44:02.117Z +92.523s DEBUG [graph] session=292bafc9 compiled generation=4092 fresh=false modules=6 took_us=45
2026-09-25T22:44:02.143Z +92.549s DEBUG [graph] session=292bafc9 compiled generation=4093 fresh=false modules=6 took_us=41
2026-09-25T22:44:02.160Z +92.565s DEBUG [graph] session=292bafc9 compiled generation=4094 fresh=false modules=6 took_us=70
2026-09-25T22:44:02.182Z +92.588s DEBUG [graph] session=292bafc9 compiled generation=4095 fresh=false modules=6 took_us=51
2026-09-25T22:44:02.207Z +92.613s DEBUG [graph] session=292bafc9 compiled generation=4096 fresh=false modules=6 took_us=50
2026-09-25T22:44:02.229Z +92.635s DEBUG [graph] session=292bafc9 compiled generation=4097 fresh=false modules=6 took_us=53
2026-09-25T22:44:02.258Z +92.664s DEBUG [graph] session=292bafc9 compiled generation=4098 fresh=false modules=6 took_us=51
2026-09-25T22:44:02.279Z +92.685s DEBUG [graph] session=292bafc9 compiled generation=4099 fresh=false modules=6 took_us=48
2026-09-25T22:44:02.302Z +92.708s DEBUG [graph] session=292bafc9 compiled generation=4100 fresh=false modules=6 took_us=65
2026-09-25T22:44:02.324Z +92.730s DEBUG [graph] session=292bafc9 compiled generation=4101 fresh=false modules=6 took_us=47
2026-09-25T22:44:02.349Z +92.755s DEBUG [graph] session=292bafc9 compiled generation=4102 fresh=false modules=6 took_us=62
2026-09-25T22:44:02.369Z +92.774s DEBUG [graph] session=292bafc9 compiled generation=4103 fresh=false modules=6 took_us=103
2026-09-25T22:44:02.393Z +92.799s DEBUG [graph] session=292bafc9 compiled generation=4104 fresh=false modules=6 took_us=45
2026-09-25T22:44:02.411Z +92.817s DEBUG [graph] session=292bafc9 compiled generation=4105 fresh=false modules=6 took_us=47
2026-09-25T22:44:02.430Z +92.835s DEBUG [graph] session=292bafc9 compiled generation=4106 fresh=false modules=6 took_us=75
2026-09-25T22:44:02.453Z +92.859s DEBUG [graph] session=292bafc9 compiled generation=4107 fresh=false modules=6 took_us=72
2026-09-25T22:44:02.474Z +92.879s DEBUG [graph] session=292bafc9 compiled generation=4108 fresh=false modules=6 took_us=73
2026-09-25T22:44:02.499Z +92.904s DEBUG [graph] session=292bafc9 compiled generation=4109 fresh=false modules=6 took_us=74
2026-09-25T22:44:02.516Z +92.922s DEBUG [graph] session=292bafc9 compiled generation=4110 fresh=false modules=6 took_us=49
2026-09-25T22:44:02.536Z +92.942s DEBUG [graph] session=292bafc9 compiled generation=4111 fresh=false modules=6 took_us=46
2026-09-25T22:44:02.554Z +92.959s DEBUG [graph] session=292bafc9 compiled generation=4112 fresh=false modules=6 took_us=71
2026-09-25T22:44:02.573Z +92.979s DEBUG [graph] session=292bafc9 compiled generation=4113 fresh=false modules=6 took_us=47
2026-09-25T22:44:02.593Z +92.999s DEBUG [graph] session=292bafc9 compiled generation=4114 fresh=false modules=6 took_us=59
2026-09-25T22:44:02.617Z +93.023s DEBUG [graph] session=292bafc9 compiled generation=4115 fresh=false modules=6 took_us=52
2026-09-25T22:44:02.643Z +93.048s DEBUG [graph] session=292bafc9 compiled generation=4116 fresh=false modules=6 took_us=62
2026-09-25T22:44:02.660Z +93.066s DEBUG [graph] session=292bafc9 compiled generation=4117 fresh=false modules=6 took_us=53
2026-09-25T22:44:02.682Z +93.088s DEBUG [graph] session=292bafc9 compiled generation=4118 fresh=false modules=6 took_us=50
2026-09-25T22:44:02.701Z +93.107s DEBUG [graph] session=292bafc9 compiled generation=4119 fresh=false modules=6 took_us=56
2026-09-25T22:44:02.727Z +93.133s DEBUG [graph] session=292bafc9 compiled generation=4120 fresh=false modules=6 took_us=57
2026-09-25T22:44:02.751Z +93.157s DEBUG [graph] session=292bafc9 compiled generation=4121 fresh=false modules=6 took_us=70
2026-09-25T22:44:02.775Z +93.181s DEBUG [graph] session=292bafc9 compiled generation=4122 fresh=false modules=6 took_us=51
2026-09-25T22:44:02.795Z +93.201s DEBUG [graph] session=292bafc9 compiled generation=4123 fresh=false modules=6 took_us=52
2026-09-25T22:44:02.819Z +93.225s DEBUG [graph] session=292bafc9 compiled generation=4124 fresh=false modules=6 took_us=52
2026-09-25T22:44:02.843Z +93.249s DEBUG [graph] session=292bafc9 compiled generation=4125 fresh=false modules=6 took_us=50
2026-09-25T22:44:02.862Z +93.268s DEBUG [graph] session=292bafc9 compiled generation=4126 fresh=false modules=6 took_us=54
2026-09-25T22:44:02.885Z +93.290s DEBUG [graph] session=292bafc9 compiled generation=4127 fresh=false modules=6 took_us=48
2026-09-25T22:44:02.903Z +93.309s DEBUG [graph] session=292bafc9 compiled generation=4128 fresh=false modules=6 took_us=96
2026-09-25T22:44:02.923Z +93.329s DEBUG [graph] session=292bafc9 compiled generation=4129 fresh=false modules=6 took_us=60
2026-09-25T22:44:02.944Z +93.350s DEBUG [graph] session=292bafc9 compiled generation=4130 fresh=false modules=6 took_us=45
2026-09-25T22:44:02.961Z +93.367s DEBUG [graph] session=292bafc9 compiled generation=4131 fresh=false modules=6 took_us=47
2026-09-25T22:44:02.977Z +93.383s DEBUG [graph] session=292bafc9 compiled generation=4132 fresh=false modules=6 took_us=45
2026-09-25T22:44:02.998Z +93.403s DEBUG [graph] session=292bafc9 compiled generation=4133 fresh=false modules=6 took_us=46
2026-09-25T22:44:03.017Z +93.423s DEBUG [graph] session=292bafc9 compiled generation=4134 fresh=false modules=6 took_us=46
2026-09-25T22:44:03.035Z +93.441s DEBUG [graph] session=292bafc9 compiled generation=4135 fresh=false modules=6 took_us=48
2026-09-25T22:44:03.057Z +93.463s DEBUG [graph] session=292bafc9 compiled generation=4136 fresh=false modules=6 took_us=50
2026-09-25T22:44:03.076Z +93.481s DEBUG [graph] session=292bafc9 compiled generation=4137 fresh=false modules=6 took_us=74
2026-09-25T22:44:03.098Z +93.504s DEBUG [graph] session=292bafc9 compiled generation=4138 fresh=false modules=6 took_us=51
2026-09-25T22:44:03.117Z +93.523s DEBUG [graph] session=292bafc9 compiled generation=4139 fresh=false modules=6 took_us=47
2026-09-25T22:44:03.139Z +93.545s DEBUG [graph] session=292bafc9 compiled generation=4140 fresh=false modules=6 took_us=48
2026-09-25T22:44:03.158Z +93.563s DEBUG [graph] session=292bafc9 compiled generation=4141 fresh=false modules=6 took_us=47
2026-09-25T22:44:03.174Z +93.580s DEBUG [graph] session=292bafc9 compiled generation=4142 fresh=false modules=6 took_us=45
2026-09-25T22:44:03.194Z +93.599s DEBUG [graph] session=292bafc9 compiled generation=4143 fresh=false modules=6 took_us=46
2026-09-25T22:44:03.212Z +93.618s DEBUG [graph] session=292bafc9 compiled generation=4144 fresh=false modules=6 took_us=51
2026-09-25T22:44:03.230Z +93.636s DEBUG [graph] session=292bafc9 compiled generation=4145 fresh=false modules=6 took_us=53
2026-09-25T22:44:03.250Z +93.656s DEBUG [graph] session=292bafc9 compiled generation=4146 fresh=false modules=6 took_us=44
2026-09-25T22:44:03.266Z +93.672s DEBUG [graph] session=292bafc9 compiled generation=4147 fresh=false modules=6 took_us=52
2026-09-25T22:44:03.285Z +93.691s DEBUG [graph] session=292bafc9 compiled generation=4148 fresh=false modules=6 took_us=54
2026-09-25T22:44:03.302Z +93.707s DEBUG [graph] session=292bafc9 compiled generation=4149 fresh=false modules=6 took_us=52
2026-09-25T22:44:03.319Z +93.725s DEBUG [graph] session=292bafc9 compiled generation=4150 fresh=false modules=6 took_us=49
2026-09-25T22:44:03.340Z +93.746s DEBUG [graph] session=292bafc9 compiled generation=4151 fresh=false modules=6 took_us=44
2026-09-25T22:44:03.357Z +93.763s DEBUG [graph] session=292bafc9 compiled generation=4152 fresh=false modules=6 took_us=44
2026-09-25T22:44:03.373Z +93.779s DEBUG [graph] session=292bafc9 compiled generation=4153 fresh=false modules=6 took_us=45
2026-09-25T22:44:03.394Z +93.799s DEBUG [graph] session=292bafc9 compiled generation=4154 fresh=false modules=6 took_us=72
2026-09-25T22:44:03.410Z +93.816s DEBUG [graph] session=292bafc9 compiled generation=4155 fresh=false modules=6 took_us=46
2026-09-25T22:44:03.429Z +93.834s DEBUG [graph] session=292bafc9 compiled generation=4156 fresh=false modules=6 took_us=57
2026-09-25T22:44:03.450Z +93.855s DEBUG [graph] session=292bafc9 compiled generation=4157 fresh=false modules=6 took_us=53
2026-09-25T22:44:03.469Z +93.875s DEBUG [graph] session=292bafc9 compiled generation=4158 fresh=false modules=6 took_us=46
2026-09-25T22:44:03.489Z +93.895s DEBUG [graph] session=292bafc9 compiled generation=4159 fresh=false modules=6 took_us=45
2026-09-25T22:44:03.506Z +93.912s DEBUG [graph] session=292bafc9 compiled generation=4160 fresh=false modules=6 took_us=51
2026-09-25T22:44:03.524Z +93.930s DEBUG [graph] session=292bafc9 compiled generation=4161 fresh=false modules=6 took_us=53
2026-09-25T22:44:03.546Z +93.952s DEBUG [graph] session=292bafc9 compiled generation=4162 fresh=false modules=6 took_us=50
2026-09-25T22:44:03.564Z +93.970s DEBUG [graph] session=292bafc9 compiled generation=4163 fresh=false modules=6 took_us=53
2026-09-25T22:44:03.582Z +93.987s DEBUG [graph] session=292bafc9 compiled generation=4164 fresh=false modules=6 took_us=79
2026-09-25T22:44:03.599Z +94.005s DEBUG [graph] session=292bafc9 compiled generation=4165 fresh=false modules=6 took_us=47
2026-09-25T22:44:03.618Z +94.024s DEBUG [graph] session=292bafc9 compiled generation=4166 fresh=false modules=6 took_us=49
2026-09-25T22:44:03.638Z +94.044s DEBUG [graph] session=292bafc9 compiled generation=4167 fresh=false modules=6 took_us=45
2026-09-25T22:44:03.659Z +94.065s DEBUG [graph] session=292bafc9 compiled generation=4168 fresh=false modules=6 took_us=55
2026-09-25T22:44:03.677Z +94.083s DEBUG [graph] session=292bafc9 compiled generation=4169 fresh=false modules=6 took_us=48
2026-09-25T22:44:03.695Z +94.101s DEBUG [graph] session=292bafc9 compiled generation=4170 fresh=false modules=6 took_us=44
2026-09-25T22:44:03.711Z +94.117s DEBUG [graph] session=292bafc9 compiled generation=4171 fresh=false modules=6 took_us=43
2026-09-25T22:44:03.727Z +94.133s DEBUG [graph] session=292bafc9 compiled generation=4172 fresh=false modules=6 took_us=43
2026-09-25T22:44:03.745Z +94.151s DEBUG [graph] session=292bafc9 compiled generation=4173 fresh=false modules=6 took_us=43
2026-09-25T22:44:03.763Z +94.168s DEBUG [graph] session=292bafc9 compiled generation=4174 fresh=false modules=6 took_us=75
2026-09-25T22:44:03.782Z +94.188s DEBUG [graph] session=292bafc9 compiled generation=4175 fresh=false modules=6 took_us=42
2026-09-25T22:44:03.802Z +94.208s DEBUG [graph] session=292bafc9 compiled generation=4176 fresh=false modules=6 took_us=50
2026-09-25T22:44:03.820Z +94.226s DEBUG [graph] session=292bafc9 compiled generation=4177 fresh=false modules=6 took_us=51
2026-09-25T22:44:03.844Z +94.250s DEBUG [graph] session=292bafc9 compiled generation=4178 fresh=false modules=6 took_us=62
2026-09-25T22:44:03.865Z +94.271s DEBUG [graph] session=292bafc9 compiled generation=4179 fresh=false modules=6 took_us=53
2026-09-25T22:44:03.888Z +94.294s DEBUG [graph] session=292bafc9 compiled generation=4180 fresh=false modules=6 took_us=51
2026-09-25T22:44:03.907Z +94.313s DEBUG [graph] session=292bafc9 compiled generation=4181 fresh=false modules=6 took_us=49
2026-09-25T22:44:03.934Z +94.340s DEBUG [graph] session=292bafc9 compiled generation=4182 fresh=false modules=6 took_us=94
2026-09-25T22:44:03.955Z +94.360s DEBUG [graph] session=292bafc9 compiled generation=4183 fresh=false modules=6 took_us=77
2026-09-25T22:44:03.973Z +94.379s DEBUG [graph] session=292bafc9 compiled generation=4184 fresh=false modules=6 took_us=50
2026-09-25T22:44:03.994Z +94.400s DEBUG [graph] session=292bafc9 compiled generation=4185 fresh=false modules=6 took_us=51
2026-09-25T22:44:04.011Z +94.417s DEBUG [graph] session=292bafc9 compiled generation=4186 fresh=false modules=6 took_us=50
2026-09-25T22:44:04.036Z +94.441s DEBUG [graph] session=292bafc9 compiled generation=4187 fresh=false modules=6 took_us=1292
2026-09-25T22:44:04.054Z +94.460s DEBUG [graph] session=292bafc9 compiled generation=4188 fresh=false modules=6 took_us=44
2026-09-25T22:44:04.071Z +94.476s DEBUG [graph] session=292bafc9 compiled generation=4189 fresh=false modules=6 took_us=43
2026-09-25T22:44:04.089Z +94.495s DEBUG [graph] session=292bafc9 compiled generation=4190 fresh=false modules=6 took_us=52
2026-09-25T22:44:04.108Z +94.514s DEBUG [graph] session=292bafc9 compiled generation=4191 fresh=false modules=6 took_us=48
2026-09-25T22:44:04.125Z +94.531s DEBUG [graph] session=292bafc9 compiled generation=4192 fresh=false modules=6 took_us=48
2026-09-25T22:44:04.145Z +94.551s DEBUG [graph] session=292bafc9 compiled generation=4193 fresh=false modules=6 took_us=42
2026-09-25T22:44:04.164Z +94.570s DEBUG [graph] session=292bafc9 compiled generation=4194 fresh=false modules=6 took_us=51
2026-09-25T22:44:04.186Z +94.592s DEBUG [graph] session=292bafc9 compiled generation=4195 fresh=false modules=6 took_us=46
2026-09-25T22:44:04.202Z +94.608s DEBUG [graph] session=292bafc9 compiled generation=4196 fresh=false modules=6 took_us=43
2026-09-25T22:44:04.218Z +94.624s DEBUG [graph] session=292bafc9 compiled generation=4197 fresh=false modules=6 took_us=43
2026-09-25T22:44:04.238Z +94.643s DEBUG [graph] session=292bafc9 compiled generation=4198 fresh=false modules=6 took_us=45
2026-09-25T22:44:04.261Z +94.667s DEBUG [graph] session=292bafc9 compiled generation=4199 fresh=false modules=6 took_us=49
2026-09-25T22:44:04.281Z +94.687s DEBUG [graph] session=292bafc9 compiled generation=4200 fresh=false modules=6 took_us=43
2026-09-25T22:44:04.297Z +94.703s DEBUG [graph] session=292bafc9 compiled generation=4201 fresh=false modules=6 took_us=50
2026-09-25T22:44:04.318Z +94.724s DEBUG [graph] session=292bafc9 compiled generation=4202 fresh=false modules=6 took_us=47
2026-09-25T22:44:04.337Z +94.743s DEBUG [graph] session=292bafc9 compiled generation=4203 fresh=false modules=6 took_us=48
2026-09-25T22:44:04.356Z +94.762s DEBUG [graph] session=292bafc9 compiled generation=4204 fresh=false modules=6 took_us=48
2026-09-25T22:44:04.373Z +94.779s DEBUG [graph] session=292bafc9 compiled generation=4205 fresh=false modules=6 took_us=44
2026-09-25T22:44:04.392Z +94.798s DEBUG [graph] session=292bafc9 compiled generation=4206 fresh=false modules=6 took_us=52
2026-09-25T22:44:04.410Z +94.816s DEBUG [graph] session=292bafc9 compiled generation=4207 fresh=false modules=6 took_us=51
2026-09-25T22:44:04.427Z +94.833s DEBUG [graph] session=292bafc9 compiled generation=4208 fresh=false modules=6 took_us=54
2026-09-25T22:44:04.450Z +94.856s DEBUG [graph] session=292bafc9 compiled generation=4209 fresh=false modules=6 took_us=50
2026-09-25T22:44:04.467Z +94.873s DEBUG [graph] session=292bafc9 compiled generation=4210 fresh=false modules=6 took_us=51
2026-09-25T22:44:04.488Z +94.894s DEBUG [graph] session=292bafc9 compiled generation=4211 fresh=false modules=6 took_us=53
2026-09-25T22:44:04.506Z +94.912s DEBUG [graph] session=292bafc9 compiled generation=4212 fresh=false modules=6 took_us=52
2026-09-25T22:44:04.529Z +94.935s DEBUG [graph] session=292bafc9 compiled generation=4213 fresh=false modules=6 took_us=43
2026-09-25T22:44:04.549Z +94.955s DEBUG [graph] session=292bafc9 compiled generation=4214 fresh=false modules=6 took_us=46
2026-09-25T22:44:04.567Z +94.973s DEBUG [graph] session=292bafc9 compiled generation=4215 fresh=false modules=6 took_us=44
2026-09-25T22:44:04.585Z +94.991s DEBUG [graph] session=292bafc9 compiled generation=4216 fresh=false modules=6 took_us=44
2026-09-25T22:44:04.602Z +95.008s DEBUG [graph] session=292bafc9 compiled generation=4217 fresh=false modules=6 took_us=44
2026-09-25T22:44:04.619Z +95.025s DEBUG [graph] session=292bafc9 compiled generation=4218 fresh=false modules=6 took_us=75
2026-09-25T22:44:04.641Z +95.047s DEBUG [graph] session=292bafc9 compiled generation=4219 fresh=false modules=6 took_us=54
2026-09-25T22:44:04.664Z +95.070s DEBUG [graph] session=292bafc9 compiled generation=4220 fresh=false modules=6 took_us=45
2026-09-25T22:44:04.681Z +95.087s DEBUG [graph] session=292bafc9 compiled generation=4221 fresh=false modules=6 took_us=45
2026-09-25T22:44:04.698Z +95.103s DEBUG [graph] session=292bafc9 compiled generation=4222 fresh=false modules=6 took_us=44
2026-09-25T22:44:04.716Z +95.122s DEBUG [graph] session=292bafc9 compiled generation=4223 fresh=false modules=6 took_us=45
2026-09-25T22:44:04.734Z +95.140s DEBUG [graph] session=292bafc9 compiled generation=4224 fresh=false modules=6 took_us=44
2026-09-25T22:44:04.751Z +95.157s DEBUG [graph] session=292bafc9 compiled generation=4225 fresh=false modules=6 took_us=44
2026-09-25T22:44:04.769Z +95.175s DEBUG [graph] session=292bafc9 compiled generation=4226 fresh=false modules=6 took_us=45
2026-09-25T22:44:04.790Z +95.195s DEBUG [graph] session=292bafc9 compiled generation=4227 fresh=false modules=6 took_us=63
2026-09-25T22:44:04.806Z +95.212s DEBUG [graph] session=292bafc9 compiled generation=4228 fresh=false modules=6 took_us=44
2026-09-25T22:44:04.823Z +95.229s DEBUG [graph] session=292bafc9 compiled generation=4229 fresh=false modules=6 took_us=50
2026-09-25T22:44:04.848Z +95.254s DEBUG [graph] session=292bafc9 compiled generation=4230 fresh=false modules=6 took_us=57
2026-09-25T22:44:04.869Z +95.274s DEBUG [graph] session=292bafc9 compiled generation=4231 fresh=false modules=6 took_us=78
2026-09-25T22:44:04.891Z +95.296s DEBUG [graph] session=292bafc9 compiled generation=4232 fresh=false modules=6 took_us=59
2026-09-25T22:44:04.909Z +95.315s DEBUG [graph] session=292bafc9 compiled generation=4233 fresh=false modules=6 took_us=50
2026-09-25T22:44:04.928Z +95.334s DEBUG [graph] session=292bafc9 compiled generation=4234 fresh=false modules=6 took_us=96
2026-09-25T22:44:04.951Z +95.357s DEBUG [graph] session=292bafc9 compiled generation=4235 fresh=false modules=6 took_us=47
2026-09-25T22:44:04.967Z +95.373s DEBUG [graph] session=292bafc9 compiled generation=4236 fresh=false modules=6 took_us=46
2026-09-25T22:44:04.989Z +95.395s DEBUG [graph] session=292bafc9 compiled generation=4237 fresh=false modules=6 took_us=47
2026-09-25T22:44:05.006Z +95.412s DEBUG [graph] session=292bafc9 compiled generation=4238 fresh=false modules=6 took_us=47
2026-09-25T22:44:05.025Z +95.431s DEBUG [graph] session=292bafc9 compiled generation=4239 fresh=false modules=6 took_us=52
2026-09-25T22:44:05.046Z +95.451s DEBUG [graph] session=292bafc9 compiled generation=4240 fresh=false modules=6 took_us=89
2026-09-25T22:44:05.065Z +95.471s DEBUG [graph] session=292bafc9 compiled generation=4241 fresh=false modules=6 took_us=51
2026-09-25T22:44:05.086Z +95.492s DEBUG [graph] session=292bafc9 compiled generation=4242 fresh=false modules=6 took_us=51
2026-09-25T22:44:05.104Z +95.510s DEBUG [graph] session=292bafc9 compiled generation=4243 fresh=false modules=6 took_us=58
2026-09-25T22:44:05.122Z +95.528s DEBUG [graph] session=292bafc9 compiled generation=4244 fresh=false modules=6 took_us=67
2026-09-25T22:44:05.145Z +95.551s DEBUG [graph] session=292bafc9 compiled generation=4245 fresh=false modules=6 took_us=46
2026-09-25T22:44:05.163Z +95.569s DEBUG [graph] session=292bafc9 compiled generation=4246 fresh=false modules=6 took_us=52
2026-09-25T22:44:05.186Z +95.591s DEBUG [graph] session=292bafc9 compiled generation=4247 fresh=false modules=6 took_us=46
2026-09-25T22:44:05.202Z +95.608s DEBUG [graph] session=292bafc9 compiled generation=4248 fresh=false modules=6 took_us=45
2026-09-25T22:44:05.219Z +95.625s DEBUG [graph] session=292bafc9 compiled generation=4249 fresh=false modules=6 took_us=42
2026-09-25T22:44:05.238Z +95.644s DEBUG [graph] session=292bafc9 compiled generation=4250 fresh=false modules=6 took_us=44
2026-09-25T22:44:05.255Z +95.661s DEBUG [graph] session=292bafc9 compiled generation=4251 fresh=false modules=6 took_us=43
2026-09-25T22:44:05.274Z +95.680s DEBUG [graph] session=292bafc9 compiled generation=4252 fresh=false modules=6 took_us=45
2026-09-25T22:44:05.293Z +95.698s DEBUG [graph] session=292bafc9 compiled generation=4253 fresh=false modules=6 took_us=43
2026-09-25T22:44:05.311Z +95.717s DEBUG [graph] session=292bafc9 compiled generation=4254 fresh=false modules=6 took_us=67
2026-09-25T22:44:05.328Z +95.734s DEBUG [graph] session=292bafc9 compiled generation=4255 fresh=false modules=6 took_us=53
2026-09-25T22:44:05.352Z +95.758s DEBUG [graph] session=292bafc9 compiled generation=4256 fresh=false modules=6 took_us=50
2026-09-25T22:44:05.371Z +95.777s DEBUG [graph] session=292bafc9 compiled generation=4257 fresh=false modules=6 took_us=55
2026-09-25T22:44:05.390Z +95.796s DEBUG [graph] session=292bafc9 compiled generation=4258 fresh=false modules=6 took_us=44
2026-09-25T22:44:05.406Z +95.812s DEBUG [graph] session=292bafc9 compiled generation=4259 fresh=false modules=6 took_us=46
2026-09-25T22:44:05.422Z +95.828s DEBUG [graph] session=292bafc9 compiled generation=4260 fresh=false modules=6 took_us=45
2026-09-25T22:44:05.442Z +95.847s DEBUG [graph] session=292bafc9 compiled generation=4261 fresh=false modules=6 took_us=51
2026-09-25T22:44:05.464Z +95.870s DEBUG [graph] session=292bafc9 compiled generation=4262 fresh=false modules=6 took_us=51
2026-09-25T22:44:05.482Z +95.888s DEBUG [graph] session=292bafc9 compiled generation=4263 fresh=false modules=6 took_us=50
2026-09-25T22:44:05.500Z +95.906s DEBUG [graph] session=292bafc9 compiled generation=4264 fresh=false modules=6 took_us=45
2026-09-25T22:44:05.516Z +95.922s DEBUG [graph] session=292bafc9 compiled generation=4265 fresh=false modules=6 took_us=48
2026-09-25T22:44:05.538Z +95.943s DEBUG [graph] session=292bafc9 compiled generation=4266 fresh=false modules=6 took_us=48
2026-09-25T22:44:05.555Z +95.961s DEBUG [graph] session=292bafc9 compiled generation=4267 fresh=false modules=6 took_us=44
2026-09-25T22:44:05.573Z +95.978s DEBUG [graph] session=292bafc9 compiled generation=4268 fresh=false modules=6 took_us=45
2026-09-25T22:44:05.590Z +95.996s DEBUG [graph] session=292bafc9 compiled generation=4269 fresh=false modules=6 took_us=44
2026-09-25T22:44:05.612Z +96.018s DEBUG [graph] session=292bafc9 compiled generation=4270 fresh=false modules=6 took_us=49
2026-09-25T22:44:05.632Z +96.037s DEBUG [graph] session=292bafc9 compiled generation=4271 fresh=false modules=6 took_us=77
2026-09-25T22:44:05.651Z +96.057s DEBUG [graph] session=292bafc9 compiled generation=4272 fresh=false modules=6 took_us=60
2026-09-25T22:44:05.670Z +96.076s DEBUG [graph] session=292bafc9 compiled generation=4273 fresh=false modules=6 took_us=55
2026-09-25T22:44:05.690Z +96.096s DEBUG [graph] session=292bafc9 compiled generation=4274 fresh=false modules=6 took_us=54
2026-09-25T22:44:05.710Z +96.116s DEBUG [graph] session=292bafc9 compiled generation=4275 fresh=false modules=6 took_us=43
2026-09-25T22:44:05.728Z +96.134s DEBUG [graph] session=292bafc9 compiled generation=4276 fresh=false modules=6 took_us=41
2026-09-25T22:44:05.750Z +96.156s DEBUG [graph] session=292bafc9 compiled generation=4277 fresh=false modules=6 took_us=60
2026-09-25T22:44:05.769Z +96.175s DEBUG [graph] session=292bafc9 compiled generation=4278 fresh=false modules=6 took_us=58
2026-09-25T22:44:05.792Z +96.198s DEBUG [graph] session=292bafc9 compiled generation=4279 fresh=false modules=6 took_us=57
2026-09-25T22:44:05.810Z +96.216s DEBUG [graph] session=292bafc9 compiled generation=4280 fresh=false modules=6 took_us=46
2026-09-25T22:44:05.828Z +96.234s DEBUG [graph] session=292bafc9 compiled generation=4281 fresh=false modules=6 took_us=47
2026-09-25T22:44:05.853Z +96.259s DEBUG [graph] session=292bafc9 compiled generation=4282 fresh=false modules=6 took_us=64
2026-09-25T22:44:05.873Z +96.279s DEBUG [graph] session=292bafc9 compiled generation=4283 fresh=false modules=6 took_us=52
2026-09-25T22:44:05.894Z +96.300s DEBUG [graph] session=292bafc9 compiled generation=4284 fresh=false modules=6 took_us=64
2026-09-25T22:44:05.913Z +96.319s DEBUG [graph] session=292bafc9 compiled generation=4285 fresh=false modules=6 took_us=63
2026-09-25T22:44:05.933Z +96.339s DEBUG [graph] session=292bafc9 compiled generation=4286 fresh=false modules=6 took_us=47
2026-09-25T22:44:05.954Z +96.360s DEBUG [graph] session=292bafc9 compiled generation=4287 fresh=false modules=6 took_us=48
2026-09-25T22:44:05.973Z +96.379s DEBUG [graph] session=292bafc9 compiled generation=4288 fresh=false modules=6 took_us=45
2026-09-25T22:44:05.994Z +96.400s DEBUG [graph] session=292bafc9 compiled generation=4289 fresh=false modules=6 took_us=45
2026-09-25T22:44:06.015Z +96.420s DEBUG [graph] session=292bafc9 compiled generation=4290 fresh=false modules=6 took_us=79
2026-09-25T22:44:06.032Z +96.438s DEBUG [graph] session=292bafc9 compiled generation=4291 fresh=false modules=6 took_us=96
2026-09-25T22:44:06.054Z +96.459s DEBUG [graph] session=292bafc9 compiled generation=4292 fresh=false modules=6 took_us=65
2026-09-25T22:44:06.070Z +96.476s DEBUG [graph] session=292bafc9 compiled generation=4293 fresh=false modules=6 took_us=42
2026-09-25T22:44:06.090Z +96.496s DEBUG [graph] session=292bafc9 compiled generation=4294 fresh=false modules=6 took_us=53
2026-09-25T22:44:06.108Z +96.513s DEBUG [graph] session=292bafc9 compiled generation=4295 fresh=false modules=6 took_us=51
2026-09-25T22:44:06.128Z +96.534s DEBUG [graph] session=292bafc9 compiled generation=4296 fresh=false modules=6 took_us=51
2026-09-25T22:44:06.150Z +96.556s DEBUG [graph] session=292bafc9 compiled generation=4297 fresh=false modules=6 took_us=48
2026-09-25T22:44:06.172Z +96.577s DEBUG [graph] session=292bafc9 compiled generation=4298 fresh=false modules=6 took_us=53
2026-09-25T22:44:06.192Z +96.598s DEBUG [graph] session=292bafc9 compiled generation=4299 fresh=false modules=6 took_us=57
2026-09-25T22:44:06.211Z +96.617s DEBUG [graph] session=292bafc9 compiled generation=4300 fresh=false modules=6 took_us=50
2026-09-25T22:44:06.232Z +96.637s DEBUG [graph] session=292bafc9 compiled generation=4301 fresh=false modules=6 took_us=56
2026-09-25T22:44:06.254Z +96.660s DEBUG [graph] session=292bafc9 compiled generation=4302 fresh=false modules=6 took_us=50
2026-09-25T22:44:06.272Z +96.678s DEBUG [graph] session=292bafc9 compiled generation=4303 fresh=false modules=6 took_us=48
2026-09-25T22:44:06.292Z +96.698s DEBUG [graph] session=292bafc9 compiled generation=4304 fresh=false modules=6 took_us=63
2026-09-25T22:44:06.310Z +96.716s DEBUG [graph] session=292bafc9 compiled generation=4305 fresh=false modules=6 took_us=51
2026-09-25T22:44:06.331Z +96.736s DEBUG [graph] session=292bafc9 compiled generation=4306 fresh=false modules=6 took_us=147
2026-09-25T22:44:06.349Z +96.755s DEBUG [graph] session=292bafc9 compiled generation=4307 fresh=false modules=6 took_us=51
2026-09-25T22:44:06.368Z +96.774s DEBUG [graph] session=292bafc9 compiled generation=4308 fresh=false modules=6 took_us=54
2026-09-25T22:44:06.390Z +96.796s DEBUG [graph] session=292bafc9 compiled generation=4309 fresh=false modules=6 took_us=51
2026-09-25T22:44:06.409Z +96.815s DEBUG [graph] session=292bafc9 compiled generation=4310 fresh=false modules=6 took_us=41
2026-09-25T22:44:06.424Z +96.830s DEBUG [graph] session=292bafc9 compiled generation=4311 fresh=false modules=6 took_us=41
2026-09-25T22:44:06.446Z +96.851s DEBUG [graph] session=292bafc9 compiled generation=4312 fresh=false modules=6 took_us=83
2026-09-25T22:44:06.465Z +96.871s DEBUG [graph] session=292bafc9 compiled generation=4313 fresh=false modules=6 took_us=46
2026-09-25T22:44:06.482Z +96.888s DEBUG [graph] session=292bafc9 compiled generation=4314 fresh=false modules=6 took_us=45
2026-09-25T22:44:06.498Z +96.904s DEBUG [graph] session=292bafc9 compiled generation=4315 fresh=false modules=6 took_us=43
2026-09-25T22:44:06.515Z +96.920s DEBUG [graph] session=292bafc9 compiled generation=4316 fresh=false modules=6 took_us=43
2026-09-25T22:44:06.538Z +96.944s DEBUG [graph] session=292bafc9 compiled generation=4317 fresh=false modules=6 took_us=53
2026-09-25T22:44:06.558Z +96.964s DEBUG [graph] session=292bafc9 compiled generation=4318 fresh=false modules=6 took_us=50
2026-09-25T22:44:06.575Z +96.981s DEBUG [graph] session=292bafc9 compiled generation=4319 fresh=false modules=6 took_us=51
2026-09-25T22:44:06.594Z +97.000s DEBUG [graph] session=292bafc9 compiled generation=4320 fresh=false modules=6 took_us=53
2026-09-25T22:44:06.612Z +97.018s DEBUG [graph] session=292bafc9 compiled generation=4321 fresh=false modules=6 took_us=50
2026-09-25T22:44:06.631Z +97.037s DEBUG [graph] session=292bafc9 compiled generation=4322 fresh=false modules=6 took_us=46
2026-09-25T22:44:06.651Z +97.057s DEBUG [graph] session=292bafc9 compiled generation=4323 fresh=false modules=6 took_us=47
2026-09-25T22:44:06.670Z +97.075s DEBUG [graph] session=292bafc9 compiled generation=4324 fresh=false modules=6 took_us=76
2026-09-25T22:44:06.687Z +97.093s DEBUG [graph] session=292bafc9 compiled generation=4325 fresh=false modules=6 took_us=47
2026-09-25T22:44:06.704Z +97.110s DEBUG [graph] session=292bafc9 compiled generation=4326 fresh=false modules=6 took_us=49
2026-09-25T22:44:06.721Z +97.127s DEBUG [graph] session=292bafc9 compiled generation=4327 fresh=false modules=6 took_us=79
2026-09-25T22:44:06.742Z +97.147s DEBUG [graph] session=292bafc9 compiled generation=4328 fresh=false modules=6 took_us=46
2026-09-25T22:44:06.761Z +97.167s DEBUG [graph] session=292bafc9 compiled generation=4329 fresh=false modules=6 took_us=47
2026-09-25T22:44:06.783Z +97.189s DEBUG [graph] session=292bafc9 compiled generation=4330 fresh=false modules=6 took_us=86
2026-09-25T22:44:06.806Z +97.212s DEBUG [graph] session=292bafc9 compiled generation=4331 fresh=false modules=6 took_us=47
2026-09-25T22:44:06.826Z +97.232s DEBUG [graph] session=292bafc9 compiled generation=4332 fresh=false modules=6 took_us=66
2026-09-25T22:44:06.849Z +97.255s DEBUG [graph] session=292bafc9 compiled generation=4333 fresh=false modules=6 took_us=66
2026-09-25T22:44:06.868Z +97.274s DEBUG [graph] session=292bafc9 compiled generation=4334 fresh=false modules=6 took_us=45
2026-09-25T22:44:06.890Z +97.295s DEBUG [graph] session=292bafc9 compiled generation=4335 fresh=false modules=6 took_us=82
2026-09-25T22:44:06.910Z +97.316s DEBUG [graph] session=292bafc9 compiled generation=4336 fresh=false modules=6 took_us=51
2026-09-25T22:44:06.930Z +97.335s DEBUG [graph] session=292bafc9 compiled generation=4337 fresh=false modules=6 took_us=77
2026-09-25T22:44:06.953Z +97.359s DEBUG [graph] session=292bafc9 compiled generation=4338 fresh=false modules=6 took_us=45
2026-09-25T22:44:06.969Z +97.375s DEBUG [graph] session=292bafc9 compiled generation=4339 fresh=false modules=6 took_us=46
2026-09-25T22:44:06.986Z +97.392s DEBUG [graph] session=292bafc9 compiled generation=4340 fresh=false modules=6 took_us=43
2026-09-25T22:44:07.004Z +97.410s DEBUG [graph] session=292bafc9 compiled generation=4341 fresh=false modules=6 took_us=44
2026-09-25T22:44:07.021Z +97.427s DEBUG [graph] session=292bafc9 compiled generation=4342 fresh=false modules=6 took_us=46
2026-09-25T22:44:07.040Z +97.445s DEBUG [graph] session=292bafc9 compiled generation=4343 fresh=false modules=6 took_us=45
2026-09-25T22:44:07.055Z +97.461s DEBUG [graph] session=292bafc9 compiled generation=4344 fresh=false modules=6 took_us=45
2026-09-25T22:44:07.071Z +97.477s DEBUG [graph] session=292bafc9 compiled generation=4345 fresh=false modules=6 took_us=43
2026-09-25T22:44:07.090Z +97.495s DEBUG [graph] session=292bafc9 compiled generation=4346 fresh=false modules=6 took_us=73
2026-09-25T22:44:07.106Z +97.512s DEBUG [graph] session=292bafc9 compiled generation=4347 fresh=false modules=6 took_us=45
2026-09-25T22:44:07.124Z +97.529s DEBUG [graph] session=292bafc9 compiled generation=4348 fresh=false modules=6 took_us=55
2026-09-25T22:44:07.146Z +97.552s DEBUG [graph] session=292bafc9 compiled generation=4349 fresh=false modules=6 took_us=47
2026-09-25T22:44:07.164Z +97.570s DEBUG [graph] session=292bafc9 compiled generation=4350 fresh=false modules=6 took_us=50
2026-09-25T22:44:07.186Z +97.592s DEBUG [graph] session=292bafc9 compiled generation=4351 fresh=false modules=6 took_us=48
2026-09-25T22:44:07.203Z +97.609s DEBUG [graph] session=292bafc9 compiled generation=4352 fresh=false modules=6 took_us=47
2026-09-25T22:44:07.223Z +97.629s DEBUG [graph] session=292bafc9 compiled generation=4353 fresh=false modules=6 took_us=49
2026-09-25T22:44:07.242Z +97.648s DEBUG [graph] session=292bafc9 compiled generation=4354 fresh=false modules=6 took_us=46
2026-09-25T22:44:07.260Z +97.666s DEBUG [graph] session=292bafc9 compiled generation=4355 fresh=false modules=6 took_us=50
2026-09-25T22:44:07.279Z +97.685s DEBUG [graph] session=292bafc9 compiled generation=4356 fresh=false modules=6 took_us=52
2026-09-25T22:44:07.298Z +97.704s DEBUG [graph] session=292bafc9 compiled generation=4357 fresh=false modules=6 took_us=46
2026-09-25T22:44:07.316Z +97.722s DEBUG [graph] session=292bafc9 compiled generation=4358 fresh=false modules=6 took_us=46
2026-09-25T22:44:07.343Z +97.749s DEBUG [graph] session=292bafc9 compiled generation=4359 fresh=false modules=6 took_us=50
2026-09-25T22:44:07.364Z +97.770s DEBUG [graph] session=292bafc9 compiled generation=4360 fresh=false modules=6 took_us=62
2026-09-25T22:44:07.388Z +97.794s DEBUG [graph] session=292bafc9 compiled generation=4361 fresh=false modules=6 took_us=61
2026-09-25T22:44:07.409Z +97.815s DEBUG [graph] session=292bafc9 compiled generation=4362 fresh=false modules=6 took_us=77
2026-09-25T22:44:07.431Z +97.837s DEBUG [graph] session=292bafc9 compiled generation=4363 fresh=false modules=6 took_us=51
2026-09-25T22:44:07.459Z +97.864s DEBUG [graph] session=292bafc9 compiled generation=4364 fresh=false modules=6 took_us=51
2026-09-25T22:44:07.480Z +97.885s DEBUG [graph] session=292bafc9 compiled generation=4365 fresh=false modules=6 took_us=47
2026-09-25T22:44:07.504Z +97.910s DEBUG [graph] session=292bafc9 compiled generation=4366 fresh=false modules=6 took_us=50
2026-09-25T22:44:07.526Z +97.932s DEBUG [graph] session=292bafc9 compiled generation=4367 fresh=false modules=6 took_us=47
2026-09-25T22:44:07.548Z +97.954s DEBUG [graph] session=292bafc9 compiled generation=4368 fresh=false modules=6 took_us=45
2026-09-25T22:44:07.566Z +97.971s DEBUG [graph] session=292bafc9 compiled generation=4369 fresh=false modules=6 took_us=49
2026-09-25T22:44:07.585Z +97.991s DEBUG [graph] session=292bafc9 compiled generation=4370 fresh=false modules=6 took_us=50
2026-09-25T22:44:07.607Z +98.013s DEBUG [graph] session=292bafc9 compiled generation=4371 fresh=false modules=6 took_us=50
2026-09-25T22:44:07.625Z +98.031s DEBUG [graph] session=292bafc9 compiled generation=4372 fresh=false modules=6 took_us=62
2026-09-25T22:44:07.646Z +98.052s DEBUG [graph] session=292bafc9 compiled generation=4373 fresh=false modules=6 took_us=50
2026-09-25T22:44:07.664Z +98.070s DEBUG [graph] session=292bafc9 compiled generation=4374 fresh=false modules=6 took_us=132
2026-09-25T22:44:07.688Z +98.093s DEBUG [graph] session=292bafc9 compiled generation=4375 fresh=false modules=6 took_us=55
2026-09-25T22:44:07.705Z +98.111s DEBUG [graph] session=292bafc9 compiled generation=4376 fresh=false modules=6 took_us=51
2026-09-25T22:44:07.725Z +98.131s DEBUG [graph] session=292bafc9 compiled generation=4377 fresh=false modules=6 took_us=47
2026-09-25T22:44:07.750Z +98.156s DEBUG [graph] session=292bafc9 compiled generation=4378 fresh=false modules=6 took_us=49
2026-09-25T22:44:07.772Z +98.178s DEBUG [graph] session=292bafc9 compiled generation=4379 fresh=false modules=6 took_us=46
2026-09-25T22:44:07.797Z +98.203s DEBUG [graph] session=292bafc9 compiled generation=4380 fresh=false modules=6 took_us=46
2026-09-25T22:44:07.818Z +98.224s DEBUG [graph] session=292bafc9 compiled generation=4381 fresh=false modules=6 took_us=46
2026-09-25T22:44:07.841Z +98.247s DEBUG [graph] session=292bafc9 compiled generation=4382 fresh=false modules=6 took_us=46
2026-09-25T22:44:07.858Z +98.264s DEBUG [graph] session=292bafc9 compiled generation=4383 fresh=false modules=6 took_us=47
2026-09-25T22:44:07.878Z +98.284s DEBUG [graph] session=292bafc9 compiled generation=4384 fresh=false modules=6 took_us=55
2026-09-25T22:44:07.900Z +98.306s DEBUG [graph] session=292bafc9 compiled generation=4385 fresh=false modules=6 took_us=49
2026-09-25T22:44:07.919Z +98.325s DEBUG [graph] session=292bafc9 compiled generation=4386 fresh=false modules=6 took_us=53
2026-09-25T22:44:07.941Z +98.347s DEBUG [graph] session=292bafc9 compiled generation=4387 fresh=false modules=6 took_us=46
2026-09-25T22:44:07.959Z +98.365s DEBUG [graph] session=292bafc9 compiled generation=4388 fresh=false modules=6 took_us=45
2026-09-25T22:44:07.977Z +98.383s DEBUG [graph] session=292bafc9 compiled generation=4389 fresh=false modules=6 took_us=47
2026-09-25T22:44:07.998Z +98.404s DEBUG [graph] session=292bafc9 compiled generation=4390 fresh=false modules=6 took_us=50
2026-09-25T22:44:08.016Z +98.422s DEBUG [graph] session=292bafc9 compiled generation=4391 fresh=false modules=6 took_us=46
2026-09-25T22:44:08.035Z +98.441s DEBUG [graph] session=292bafc9 compiled generation=4392 fresh=false modules=6 took_us=46
2026-09-25T22:44:08.055Z +98.460s DEBUG [graph] session=292bafc9 compiled generation=4393 fresh=false modules=6 took_us=52
2026-09-25T22:44:08.071Z +98.477s DEBUG [graph] session=292bafc9 compiled generation=4394 fresh=false modules=6 took_us=61
2026-09-25T22:44:08.094Z +98.500s DEBUG [graph] session=292bafc9 compiled generation=4395 fresh=false modules=6 took_us=64
2026-09-25T22:44:08.114Z +98.520s DEBUG [graph] session=292bafc9 compiled generation=4396 fresh=false modules=6 took_us=48
2026-09-25T22:44:08.137Z +98.543s DEBUG [graph] session=292bafc9 compiled generation=4397 fresh=false modules=6 took_us=44
2026-09-25T22:44:08.161Z +98.567s DEBUG [graph] session=292bafc9 compiled generation=4398 fresh=false modules=6 took_us=45
2026-09-25T22:44:08.179Z +98.584s DEBUG [graph] session=292bafc9 compiled generation=4399 fresh=false modules=6 took_us=74
2026-09-25T22:44:08.198Z +98.604s DEBUG [graph] session=292bafc9 compiled generation=4400 fresh=false modules=6 took_us=63
2026-09-25T22:44:08.217Z +98.623s DEBUG [graph] session=292bafc9 compiled generation=4401 fresh=false modules=6 took_us=51
2026-09-25T22:44:08.238Z +98.643s DEBUG [graph] session=292bafc9 compiled generation=4402 fresh=false modules=6 took_us=45
2026-09-25T22:44:08.256Z +98.662s DEBUG [graph] session=292bafc9 compiled generation=4403 fresh=false modules=6 took_us=45
2026-09-25T22:44:08.272Z +98.678s DEBUG [graph] session=292bafc9 compiled generation=4404 fresh=false modules=6 took_us=53
2026-09-25T22:44:08.291Z +98.697s DEBUG [graph] session=292bafc9 compiled generation=4405 fresh=false modules=6 took_us=46
2026-09-25T22:44:08.307Z +98.713s DEBUG [graph] session=292bafc9 compiled generation=4406 fresh=false modules=6 took_us=46
2026-09-25T22:44:08.327Z +98.733s DEBUG [graph] session=292bafc9 compiled generation=4407 fresh=false modules=6 took_us=42
2026-09-25T22:44:08.344Z +98.750s DEBUG [graph] session=292bafc9 compiled generation=4408 fresh=false modules=6 took_us=47
2026-09-25T22:44:08.359Z +98.765s DEBUG [graph] session=292bafc9 compiled generation=4409 fresh=false modules=6 took_us=45
2026-09-25T22:44:08.375Z +98.781s DEBUG [graph] session=292bafc9 compiled generation=4410 fresh=false modules=6 took_us=44
2026-09-25T22:44:08.393Z +98.799s DEBUG [graph] session=292bafc9 compiled generation=4411 fresh=false modules=6 took_us=45
2026-09-25T22:44:08.411Z +98.817s DEBUG [graph] session=292bafc9 compiled generation=4412 fresh=false modules=6 took_us=43
2026-09-25T22:44:08.429Z +98.835s DEBUG [graph] session=292bafc9 compiled generation=4413 fresh=false modules=6 took_us=50
2026-09-25T22:44:08.450Z +98.856s DEBUG [graph] session=292bafc9 compiled generation=4414 fresh=false modules=6 took_us=59
2026-09-25T22:44:08.468Z +98.874s DEBUG [graph] session=292bafc9 compiled generation=4415 fresh=false modules=6 took_us=47
2026-09-25T22:44:08.489Z +98.894s DEBUG [graph] session=292bafc9 compiled generation=4416 fresh=false modules=6 took_us=71
2026-09-25T22:44:08.509Z +98.915s DEBUG [graph] session=292bafc9 compiled generation=4417 fresh=false modules=6 took_us=47
2026-09-25T22:44:08.526Z +98.931s DEBUG [graph] session=292bafc9 compiled generation=4418 fresh=false modules=6 took_us=83
2026-09-25T22:44:08.550Z +98.955s DEBUG [graph] session=292bafc9 compiled generation=4419 fresh=false modules=6 took_us=68
2026-09-25T22:44:08.567Z +98.973s DEBUG [graph] session=292bafc9 compiled generation=4420 fresh=false modules=6 took_us=46
2026-09-25T22:44:08.586Z +98.992s DEBUG [graph] session=292bafc9 compiled generation=4421 fresh=false modules=6 took_us=48
2026-09-25T22:44:08.607Z +99.012s DEBUG [graph] session=292bafc9 compiled generation=4422 fresh=false modules=6 took_us=57
2026-09-25T22:44:08.625Z +99.031s DEBUG [graph] session=292bafc9 compiled generation=4423 fresh=false modules=6 took_us=45
2026-09-25T22:44:08.643Z +99.049s DEBUG [graph] session=292bafc9 compiled generation=4424 fresh=false modules=6 took_us=45
2026-09-25T22:44:08.664Z +99.070s DEBUG [graph] session=292bafc9 compiled generation=4425 fresh=false modules=6 took_us=44
2026-09-25T22:44:08.685Z +99.091s DEBUG [graph] session=292bafc9 compiled generation=4426 fresh=false modules=6 took_us=46
2026-09-25T22:44:08.702Z +99.108s DEBUG [graph] session=292bafc9 compiled generation=4427 fresh=false modules=6 took_us=49
2026-09-25T22:44:08.723Z +99.128s DEBUG [graph] session=292bafc9 compiled generation=4428 fresh=false modules=6 took_us=75
2026-09-25T22:44:08.745Z +99.151s DEBUG [graph] session=292bafc9 compiled generation=4429 fresh=false modules=6 took_us=44
2026-09-25T22:44:08.763Z +99.169s DEBUG [graph] session=292bafc9 compiled generation=4430 fresh=false modules=6 took_us=45
2026-09-25T22:44:08.783Z +99.189s DEBUG [graph] session=292bafc9 compiled generation=4431 fresh=false modules=6 took_us=50
2026-09-25T22:44:08.807Z +99.213s DEBUG [graph] session=292bafc9 compiled generation=4432 fresh=false modules=6 took_us=70
2026-09-25T22:44:08.828Z +99.234s DEBUG [graph] session=292bafc9 compiled generation=4433 fresh=false modules=6 took_us=53
2026-09-25T22:44:08.850Z +99.256s DEBUG [graph] session=292bafc9 compiled generation=4434 fresh=false modules=6 took_us=49
2026-09-25T22:44:08.866Z +99.272s DEBUG [graph] session=292bafc9 compiled generation=4435 fresh=false modules=6 took_us=45
2026-09-25T22:44:08.886Z +99.291s DEBUG [graph] session=292bafc9 compiled generation=4436 fresh=false modules=6 took_us=46
2026-09-25T22:44:08.902Z +99.308s DEBUG [graph] session=292bafc9 compiled generation=4437 fresh=false modules=6 took_us=43
2026-09-25T22:44:08.918Z +99.324s DEBUG [graph] session=292bafc9 compiled generation=4438 fresh=false modules=6 took_us=44
2026-09-25T22:44:08.938Z +99.344s DEBUG [graph] session=292bafc9 compiled generation=4439 fresh=false modules=6 took_us=49
2026-09-25T22:44:08.962Z +99.368s DEBUG [graph] session=292bafc9 compiled generation=4440 fresh=false modules=6 took_us=45
2026-09-25T22:44:08.986Z +99.391s DEBUG [graph] session=292bafc9 compiled generation=4441 fresh=false modules=6 took_us=44
2026-09-25T22:44:09.003Z +99.409s DEBUG [graph] session=292bafc9 compiled generation=4442 fresh=false modules=6 took_us=57
2026-09-25T22:44:09.020Z +99.426s DEBUG [graph] session=292bafc9 compiled generation=4443 fresh=false modules=6 took_us=44
2026-09-25T22:44:09.041Z +99.447s DEBUG [graph] session=292bafc9 compiled generation=4444 fresh=false modules=6 took_us=46
2026-09-25T22:44:09.060Z +99.466s DEBUG [graph] session=292bafc9 compiled generation=4445 fresh=false modules=6 took_us=45
2026-09-25T22:44:09.077Z +99.483s DEBUG [graph] session=292bafc9 compiled generation=4446 fresh=false modules=6 took_us=48
2026-09-25T22:44:09.097Z +99.503s DEBUG [graph] session=292bafc9 compiled generation=4447 fresh=false modules=6 took_us=51
2026-09-25T22:44:09.117Z +99.523s DEBUG [graph] session=292bafc9 compiled generation=4448 fresh=false modules=6 took_us=49
2026-09-25T22:44:09.139Z +99.544s DEBUG [graph] session=292bafc9 compiled generation=4449 fresh=false modules=6 took_us=49
2026-09-25T22:44:09.156Z +99.562s DEBUG [graph] session=292bafc9 compiled generation=4450 fresh=false modules=6 took_us=47
2026-09-25T22:44:09.177Z +99.583s DEBUG [graph] session=292bafc9 compiled generation=4451 fresh=false modules=6 took_us=49
2026-09-25T22:44:09.198Z +99.604s DEBUG [graph] session=292bafc9 compiled generation=4452 fresh=false modules=6 took_us=45
2026-09-25T22:44:09.215Z +99.621s DEBUG [graph] session=292bafc9 compiled generation=4453 fresh=false modules=6 took_us=49
2026-09-25T22:44:09.235Z +99.641s DEBUG [graph] session=292bafc9 compiled generation=4454 fresh=false modules=6 took_us=48
2026-09-25T22:44:09.255Z +99.660s DEBUG [graph] session=292bafc9 compiled generation=4455 fresh=false modules=6 took_us=47
2026-09-25T22:44:09.277Z +99.683s DEBUG [graph] session=292bafc9 compiled generation=4456 fresh=false modules=6 took_us=46
2026-09-25T22:44:09.295Z +99.701s DEBUG [graph] session=292bafc9 compiled generation=4457 fresh=false modules=6 took_us=46
2026-09-25T22:44:09.318Z +99.724s DEBUG [graph] session=292bafc9 compiled generation=4458 fresh=false modules=6 took_us=46
2026-09-25T22:44:09.342Z +99.748s DEBUG [graph] session=292bafc9 compiled generation=4459 fresh=false modules=6 took_us=52
2026-09-25T22:44:09.360Z +99.766s DEBUG [graph] session=292bafc9 compiled generation=4460 fresh=false modules=6 took_us=53
2026-09-25T22:44:09.382Z +99.788s DEBUG [graph] session=292bafc9 compiled generation=4461 fresh=false modules=6 took_us=53
2026-09-25T22:44:09.401Z +99.807s DEBUG [graph] session=292bafc9 compiled generation=4462 fresh=false modules=6 took_us=50
2026-09-25T22:44:09.419Z +99.825s DEBUG [graph] session=292bafc9 compiled generation=4463 fresh=false modules=6 took_us=50
2026-09-25T22:44:09.439Z +99.844s DEBUG [graph] session=292bafc9 compiled generation=4464 fresh=false modules=6 took_us=46
2026-09-25T22:44:09.464Z +99.869s DEBUG [graph] session=292bafc9 compiled generation=4465 fresh=false modules=6 took_us=53
2026-09-25T22:44:09.486Z +99.892s DEBUG [graph] session=292bafc9 compiled generation=4466 fresh=false modules=6 took_us=47
2026-09-25T22:44:09.506Z +99.912s DEBUG [graph] session=292bafc9 compiled generation=4467 fresh=false modules=6 took_us=61
2026-09-25T22:44:09.528Z +99.934s DEBUG [graph] session=292bafc9 compiled generation=4468 fresh=false modules=6 took_us=61
2026-09-25T22:44:09.557Z +99.963s DEBUG [graph] session=292bafc9 compiled generation=4469 fresh=false modules=6 took_us=69
2026-09-25T22:44:09.582Z +99.988s DEBUG [graph] session=292bafc9 compiled generation=4470 fresh=false modules=6 took_us=65
2026-09-25T22:44:09.608Z +100.014s DEBUG [graph] session=292bafc9 compiled generation=4471 fresh=false modules=6 took_us=62
2026-09-25T22:44:09.634Z +100.040s DEBUG [graph] session=292bafc9 compiled generation=4472 fresh=false modules=6 took_us=47
2026-09-25T22:44:09.652Z +100.058s DEBUG [graph] session=292bafc9 compiled generation=4473 fresh=false modules=6 took_us=45
2026-09-25T22:44:09.671Z +100.077s DEBUG [graph] session=292bafc9 compiled generation=4474 fresh=false modules=6 took_us=315
2026-09-25T22:44:09.696Z +100.101s DEBUG [graph] session=292bafc9 compiled generation=4475 fresh=false modules=6 took_us=98
2026-09-25T22:44:09.722Z +100.127s DEBUG [graph] session=292bafc9 compiled generation=4476 fresh=false modules=6 took_us=81
2026-09-25T22:44:09.746Z +100.152s DEBUG [graph] session=292bafc9 compiled generation=4477 fresh=false modules=6 took_us=50
2026-09-25T22:44:09.766Z +100.172s DEBUG [graph] session=292bafc9 compiled generation=4478 fresh=false modules=6 took_us=58
2026-09-25T22:44:09.792Z +100.198s DEBUG [graph] session=292bafc9 compiled generation=4479 fresh=false modules=6 took_us=48
2026-09-25T22:44:09.811Z +100.217s INFO  [audio.health] session=292bafc9 last 10.0s: xruns=0 late_executions=0 late_arrivals=168 callbacks=1876 worst_run_us=6332
2026-09-25T22:44:09.811Z +100.217s DEBUG [graph] session=292bafc9 compiled generation=4480 fresh=false modules=6 took_us=46
2026-09-25T22:44:09.829Z +100.235s DEBUG [graph] session=292bafc9 compiled generation=4481 fresh=false modules=6 took_us=45
2026-09-25T22:44:09.850Z +100.256s DEBUG [graph] session=292bafc9 compiled generation=4482 fresh=false modules=6 took_us=49
2026-09-25T22:44:09.871Z +100.276s DEBUG [graph] session=292bafc9 compiled generation=4483 fresh=false modules=6 took_us=76
2026-09-25T22:44:09.890Z +100.296s DEBUG [graph] session=292bafc9 compiled generation=4484 fresh=false modules=6 took_us=52
2026-09-25T22:44:09.908Z +100.314s DEBUG [graph] session=292bafc9 compiled generation=4485 fresh=false modules=6 took_us=43
2026-09-25T22:44:09.925Z +100.331s DEBUG [graph] session=292bafc9 compiled generation=4486 fresh=false modules=6 took_us=50
2026-09-25T22:44:09.945Z +100.351s DEBUG [graph] session=292bafc9 compiled generation=4487 fresh=false modules=6 took_us=50
2026-09-25T22:44:09.965Z +100.371s DEBUG [graph] session=292bafc9 compiled generation=4488 fresh=false modules=6 took_us=43
2026-09-25T22:44:09.985Z +100.391s DEBUG [graph] session=292bafc9 compiled generation=4489 fresh=false modules=6 took_us=50
2026-09-25T22:44:10.006Z +100.412s DEBUG [graph] session=292bafc9 compiled generation=4490 fresh=false modules=6 took_us=42
2026-09-25T22:44:10.025Z +100.431s DEBUG [graph] session=292bafc9 compiled generation=4491 fresh=false modules=6 took_us=42
2026-09-25T22:44:10.048Z +100.453s DEBUG [graph] session=292bafc9 compiled generation=4492 fresh=false modules=6 took_us=62
2026-09-25T22:44:10.064Z +100.470s DEBUG [graph] session=292bafc9 compiled generation=4493 fresh=false modules=6 took_us=45
2026-09-25T22:44:10.084Z +100.490s DEBUG [graph] session=292bafc9 compiled generation=4494 fresh=false modules=6 took_us=42
2026-09-25T22:44:10.102Z +100.508s DEBUG [graph] session=292bafc9 compiled generation=4495 fresh=false modules=6 took_us=50
2026-09-25T22:44:10.120Z +100.526s DEBUG [graph] session=292bafc9 compiled generation=4496 fresh=false modules=6 took_us=51
2026-09-25T22:44:10.145Z +100.551s DEBUG [graph] session=292bafc9 compiled generation=4497 fresh=false modules=6 took_us=51
2026-09-25T22:44:10.161Z +100.567s DEBUG [graph] session=292bafc9 compiled generation=4498 fresh=false modules=6 took_us=46
2026-09-25T22:44:10.181Z +100.587s DEBUG [graph] session=292bafc9 compiled generation=4499 fresh=false modules=6 took_us=61
2026-09-25T22:44:10.200Z +100.606s DEBUG [graph] session=292bafc9 compiled generation=4500 fresh=false modules=6 took_us=50
2026-09-25T22:44:10.220Z +100.626s DEBUG [graph] session=292bafc9 compiled generation=4501 fresh=false modules=6 took_us=52
2026-09-25T22:44:10.241Z +100.647s DEBUG [graph] session=292bafc9 compiled generation=4502 fresh=false modules=6 took_us=51
2026-09-25T22:44:10.263Z +100.669s DEBUG [graph] session=292bafc9 compiled generation=4503 fresh=false modules=6 took_us=54
2026-09-25T22:44:10.285Z +100.691s DEBUG [graph] session=292bafc9 compiled generation=4504 fresh=false modules=6 took_us=43
2026-09-25T22:44:10.302Z +100.708s DEBUG [graph] session=292bafc9 compiled generation=4505 fresh=false modules=6 took_us=44
2026-09-25T22:44:10.319Z +100.724s DEBUG [graph] session=292bafc9 compiled generation=4506 fresh=false modules=6 took_us=69
2026-09-25T22:44:10.337Z +100.743s DEBUG [graph] session=292bafc9 compiled generation=4507 fresh=false modules=6 took_us=43
2026-09-25T22:44:10.356Z +100.762s DEBUG [graph] session=292bafc9 compiled generation=4508 fresh=false modules=6 took_us=45
2026-09-25T22:44:10.372Z +100.778s DEBUG [graph] session=292bafc9 compiled generation=4509 fresh=false modules=6 took_us=44
2026-09-25T22:44:10.392Z +100.798s DEBUG [graph] session=292bafc9 compiled generation=4510 fresh=false modules=6 took_us=45
2026-09-25T22:44:10.408Z +100.814s DEBUG [graph] session=292bafc9 compiled generation=4511 fresh=false modules=6 took_us=43
2026-09-25T22:44:10.426Z +100.832s DEBUG [graph] session=292bafc9 compiled generation=4512 fresh=false modules=6 took_us=68
2026-09-25T22:44:10.450Z +100.856s DEBUG [graph] session=292bafc9 compiled generation=4513 fresh=false modules=6 took_us=48
2026-09-25T22:44:10.471Z +100.877s DEBUG [graph] session=292bafc9 compiled generation=4514 fresh=false modules=6 took_us=60
2026-09-25T22:44:10.491Z +100.897s DEBUG [graph] session=292bafc9 compiled generation=4515 fresh=false modules=6 took_us=67
2026-09-25T22:44:10.508Z +100.914s DEBUG [graph] session=292bafc9 compiled generation=4516 fresh=false modules=6 took_us=48
2026-09-25T22:44:10.527Z +100.933s DEBUG [graph] session=292bafc9 compiled generation=4517 fresh=false modules=6 took_us=50
2026-09-25T22:44:10.552Z +100.958s DEBUG [graph] session=292bafc9 compiled generation=4518 fresh=false modules=6 took_us=43
2026-09-25T22:44:10.577Z +100.983s DEBUG [graph] session=292bafc9 compiled generation=4519 fresh=false modules=6 took_us=49
2026-09-25T22:44:10.598Z +101.003s DEBUG [graph] session=292bafc9 compiled generation=4520 fresh=false modules=6 took_us=94
2026-09-25T22:44:10.616Z +101.022s DEBUG [graph] session=292bafc9 compiled generation=4521 fresh=false modules=6 took_us=51
2026-09-25T22:44:10.635Z +101.041s DEBUG [graph] session=292bafc9 compiled generation=4522 fresh=false modules=6 took_us=109
2026-09-25T22:44:10.660Z +101.066s DEBUG [graph] session=292bafc9 compiled generation=4523 fresh=false modules=6 took_us=69
2026-09-25T22:44:10.683Z +101.089s DEBUG [graph] session=292bafc9 compiled generation=4524 fresh=false modules=6 took_us=109
2026-09-25T22:44:10.701Z +101.107s DEBUG [graph] session=292bafc9 compiled generation=4525 fresh=false modules=6 took_us=50
2026-09-25T22:44:10.721Z +101.127s DEBUG [graph] session=292bafc9 compiled generation=4526 fresh=false modules=6 took_us=50
2026-09-25T22:44:10.742Z +101.148s DEBUG [graph] session=292bafc9 compiled generation=4527 fresh=false modules=6 took_us=54
2026-09-25T22:44:10.759Z +101.165s DEBUG [graph] session=292bafc9 compiled generation=4528 fresh=false modules=6 took_us=45
2026-09-25T22:44:10.777Z +101.183s DEBUG [graph] session=292bafc9 compiled generation=4529 fresh=false modules=6 took_us=45
2026-09-25T22:44:10.799Z +101.205s DEBUG [graph] session=292bafc9 compiled generation=4530 fresh=false modules=6 took_us=45
2026-09-25T22:44:10.817Z +101.223s DEBUG [graph] session=292bafc9 compiled generation=4531 fresh=false modules=6 took_us=53
2026-09-25T22:44:10.843Z +101.249s DEBUG [graph] session=292bafc9 compiled generation=4532 fresh=false modules=6 took_us=57
2026-09-25T22:44:10.863Z +101.269s DEBUG [graph] session=292bafc9 compiled generation=4533 fresh=false modules=6 took_us=73
2026-09-25T22:44:10.885Z +101.290s DEBUG [graph] session=292bafc9 compiled generation=4534 fresh=false modules=6 took_us=47
2026-09-25T22:44:10.904Z +101.310s DEBUG [graph] session=292bafc9 compiled generation=4535 fresh=false modules=6 took_us=56
2026-09-25T22:44:10.923Z +101.329s DEBUG [graph] session=292bafc9 compiled generation=4536 fresh=false modules=6 took_us=57
2026-09-25T22:44:10.950Z +101.356s DEBUG [graph] session=292bafc9 compiled generation=4537 fresh=false modules=6 took_us=61
2026-09-25T22:44:10.968Z +101.374s DEBUG [graph] session=292bafc9 compiled generation=4538 fresh=false modules=6 took_us=60
2026-09-25T22:44:10.988Z +101.394s DEBUG [graph] session=292bafc9 compiled generation=4539 fresh=false modules=6 took_us=58
2026-09-25T22:44:11.007Z +101.413s DEBUG [graph] session=292bafc9 compiled generation=4540 fresh=false modules=6 took_us=59
2026-09-25T22:44:11.025Z +101.431s DEBUG [graph] session=292bafc9 compiled generation=4541 fresh=false modules=6 took_us=52
2026-09-25T22:44:11.048Z +101.454s DEBUG [graph] session=292bafc9 compiled generation=4542 fresh=false modules=6 took_us=48
2026-09-25T22:44:11.065Z +101.471s DEBUG [graph] session=292bafc9 compiled generation=4543 fresh=false modules=6 took_us=50
2026-09-25T22:44:11.085Z +101.490s DEBUG [graph] session=292bafc9 compiled generation=4544 fresh=false modules=6 took_us=50
2026-09-25T22:44:11.102Z +101.508s DEBUG [graph] session=292bafc9 compiled generation=4545 fresh=false modules=6 took_us=52
2026-09-25T22:44:11.122Z +101.527s DEBUG [graph] session=292bafc9 compiled generation=4546 fresh=false modules=6 took_us=84
2026-09-25T22:44:11.142Z +101.548s DEBUG [graph] session=292bafc9 compiled generation=4547 fresh=false modules=6 took_us=50
2026-09-25T22:44:11.162Z +101.568s DEBUG [graph] session=292bafc9 compiled generation=4548 fresh=false modules=6 took_us=57
2026-09-25T22:44:11.183Z +101.589s DEBUG [graph] session=292bafc9 compiled generation=4549 fresh=false modules=6 took_us=50
2026-09-25T22:44:11.204Z +101.609s DEBUG [graph] session=292bafc9 compiled generation=4550 fresh=false modules=6 took_us=73
2026-09-25T22:44:11.222Z +101.628s DEBUG [graph] session=292bafc9 compiled generation=4551 fresh=false modules=6 took_us=49
2026-09-25T22:44:11.244Z +101.650s DEBUG [graph] session=292bafc9 compiled generation=4552 fresh=false modules=6 took_us=50
2026-09-25T22:44:11.262Z +101.668s DEBUG [graph] session=292bafc9 compiled generation=4553 fresh=false modules=6 took_us=51
2026-09-25T22:44:11.282Z +101.688s DEBUG [graph] session=292bafc9 compiled generation=4554 fresh=false modules=6 took_us=50
2026-09-25T22:44:11.304Z +101.710s DEBUG [graph] session=292bafc9 compiled generation=4555 fresh=false modules=6 took_us=50
2026-09-25T22:44:11.325Z +101.731s DEBUG [graph] session=292bafc9 compiled generation=4556 fresh=false modules=6 took_us=50
2026-09-25T22:44:11.344Z +101.750s DEBUG [graph] session=292bafc9 compiled generation=4557 fresh=false modules=6 took_us=52
2026-09-25T22:44:11.362Z +101.768s DEBUG [graph] session=292bafc9 compiled generation=4558 fresh=false modules=6 took_us=50
2026-09-25T22:44:11.383Z +101.789s DEBUG [graph] session=292bafc9 compiled generation=4559 fresh=false modules=6 took_us=99
2026-09-25T22:44:11.401Z +101.807s DEBUG [graph] session=292bafc9 compiled generation=4560 fresh=false modules=6 took_us=50
2026-09-25T22:44:11.420Z +101.826s DEBUG [graph] session=292bafc9 compiled generation=4561 fresh=false modules=6 took_us=51
2026-09-25T22:44:11.441Z +101.847s DEBUG [graph] session=292bafc9 compiled generation=4562 fresh=false modules=6 took_us=48
2026-09-25T22:44:11.460Z +101.866s DEBUG [graph] session=292bafc9 compiled generation=4563 fresh=false modules=6 took_us=91
2026-09-25T22:44:11.482Z +101.887s DEBUG [graph] session=292bafc9 compiled generation=4564 fresh=false modules=6 took_us=100
2026-09-25T22:44:11.502Z +101.908s DEBUG [graph] session=292bafc9 compiled generation=4565 fresh=false modules=6 took_us=51
2026-09-25T22:44:11.523Z +101.929s DEBUG [graph] session=292bafc9 compiled generation=4566 fresh=false modules=6 took_us=66
2026-09-25T22:44:11.546Z +101.952s DEBUG [graph] session=292bafc9 compiled generation=4567 fresh=false modules=6 took_us=52
2026-09-25T22:44:11.566Z +101.972s DEBUG [graph] session=292bafc9 compiled generation=4568 fresh=false modules=6 took_us=55
2026-09-25T22:44:11.587Z +101.993s DEBUG [graph] session=292bafc9 compiled generation=4569 fresh=false modules=6 took_us=69
2026-09-25T22:44:11.607Z +102.013s DEBUG [graph] session=292bafc9 compiled generation=4570 fresh=false modules=6 took_us=51
2026-09-25T22:44:11.626Z +102.032s DEBUG [graph] session=292bafc9 compiled generation=4571 fresh=false modules=6 took_us=49
2026-09-25T22:44:11.646Z +102.052s DEBUG [graph] session=292bafc9 compiled generation=4572 fresh=false modules=6 took_us=54
2026-09-25T22:44:11.663Z +102.069s DEBUG [graph] session=292bafc9 compiled generation=4573 fresh=false modules=6 took_us=51
2026-09-25T22:44:11.686Z +102.092s DEBUG [graph] session=292bafc9 compiled generation=4574 fresh=false modules=6 took_us=45
2026-09-25T22:44:11.705Z +102.111s DEBUG [graph] session=292bafc9 compiled generation=4575 fresh=false modules=6 took_us=49
2026-09-25T22:44:11.723Z +102.128s DEBUG [graph] session=292bafc9 compiled generation=4576 fresh=false modules=6 took_us=74
2026-09-25T22:44:11.742Z +102.148s DEBUG [graph] session=292bafc9 compiled generation=4577 fresh=false modules=6 took_us=71
2026-09-25T22:44:11.765Z +102.171s DEBUG [graph] session=292bafc9 compiled generation=4578 fresh=false modules=6 took_us=67
2026-09-25T22:44:11.788Z +102.194s DEBUG [graph] session=292bafc9 compiled generation=4579 fresh=false modules=6 took_us=52
2026-09-25T22:44:11.806Z +102.212s DEBUG [graph] session=292bafc9 compiled generation=4580 fresh=false modules=6 took_us=52
2026-09-25T22:44:11.823Z +102.229s DEBUG [graph] session=292bafc9 compiled generation=4581 fresh=false modules=6 took_us=58
2026-09-25T22:44:11.841Z +102.247s DEBUG [graph] session=292bafc9 compiled generation=4582 fresh=false modules=6 took_us=242
2026-09-25T22:44:11.866Z +102.272s DEBUG [graph] session=292bafc9 compiled generation=4583 fresh=false modules=6 took_us=61
2026-09-25T22:44:11.890Z +102.296s DEBUG [graph] session=292bafc9 compiled generation=4584 fresh=false modules=6 took_us=61
2026-09-25T22:44:11.909Z +102.315s DEBUG [graph] session=292bafc9 compiled generation=4585 fresh=false modules=6 took_us=45
2026-09-25T22:44:11.925Z +102.331s DEBUG [graph] session=292bafc9 compiled generation=4586 fresh=false modules=6 took_us=43
2026-09-25T22:44:11.945Z +102.350s DEBUG [graph] session=292bafc9 compiled generation=4587 fresh=false modules=6 took_us=48
2026-09-25T22:44:11.962Z +102.368s DEBUG [graph] session=292bafc9 compiled generation=4588 fresh=false modules=6 took_us=45
2026-09-25T22:44:11.982Z +102.387s DEBUG [graph] session=292bafc9 compiled generation=4589 fresh=false modules=6 took_us=47
2026-09-25T22:44:11.999Z +102.405s DEBUG [graph] session=292bafc9 compiled generation=4590 fresh=false modules=6 took_us=45
2026-09-25T22:44:12.017Z +102.423s DEBUG [graph] session=292bafc9 compiled generation=4591 fresh=false modules=6 took_us=57
2026-09-25T22:44:12.035Z +102.440s DEBUG [graph] session=292bafc9 compiled generation=4592 fresh=false modules=6 took_us=51
2026-09-25T22:44:15.668Z +106.074s DEBUG [graph] session=292bafc9 compiled generation=4593 fresh=false modules=6 took_us=55
2026-09-25T22:44:19.829Z +110.235s INFO  [audio.health] session=292bafc9 last 10.0s: xruns=0 late_executions=0 late_arrivals=144 callbacks=1878 worst_run_us=6332
2026-09-25T22:44:19.893Z +110.299s DEBUG [inspect] session=292bafc9 why-no-sound open=true
2026-09-25T22:44:22.503Z +112.909s DEBUG [graph] session=292bafc9 compiled generation=4594 fresh=false modules=6 took_us=48
2026-09-25T22:44:26.402Z +116.808s DEBUG [inspect] session=292bafc9 why-no-sound open=false
2026-09-25T22:44:29.738Z +120.144s DEBUG [audio.health] session=292bafc9 22512 callbacks × 256 frames at 48000 Hz · run: worst 7090 of 5333 µs (at 115.9 s, wall 1790376265586), 94 over half, 15 late · arrival: worst 38537 µs, 1890 late · 4 xruns · RT priority refused (AudioThreadPriorityError: org.freedesktop.DBus.Error.FileNotFound:Failed to connect to socket /run/dbus/system_bus_socket: No such file or directory) (first second: worst 225 µs)
2026-09-25T22:44:29.841Z +120.247s INFO  [audio.health] session=292bafc9 last 10.0s: xruns=1 late_executions=1 late_arrivals=102 callbacks=1878 worst_run_us=7090
